province_state,city,division,code_prefix,material,installation,total
ONTARIO,BARRIE,CONTRACTOR EQUIPMENT,01,100,100,100
ONTARIO,BARRIE,"SITE & INFRASTRUCTURE, DEMOLITION",03,100,100,100
ONTARIO,BARRIE,Concrete Forming & Accessories,05,100,100,100
ONTARIO,BARRIE,Concrete Reinforcing,06,100,100,100
ONTARIO,BARRIE,Cast-in-Place Concrete,07,100,100,100
ONTARIO,BARRIE,CONCRETE,04,100,100,100
ONTARIO,BARRIE,MASONRY,08,100,100,100
ONTARIO,BARRIE,METALS,09,100,100,100
ONTARIO,BARRIE,"WOOD, PLASTICS & COMPOSITES",10,100,100,100
ONTARIO,BARRIE,THERMAL & MOISTURE PROTECTION,11,100,100,100
ONTARIO,BARRIE,OPENINGS,12,100,100,100
ONTARIO,BARRIE,Plaster & Gypsum Board,14,100,100,100
ONTARIO,BARRIE,Ceilings & Acoustic Treatment,15,100,100,100
ONTARIO,BARRIE,Flooring,16,100,100,100
ONTARIO,BARRIE,Wall Finishes & Painting/Coating,17,100,100,100
ONTARIO,BARRIE,FINISHES,13,100,100,100
ONTARIO,BARRIE,COVERS,02,100,100,100
ONTARIO,BARRIE,"FIRE SUPPRESSION, PLUMBING & HVAC",18,100,100,100
ONTARIO,BARRIE,"ELECTRICAL, COMMUNICATIONS & UTIL.",19,100,100,100
ONTARIO,BARRIE,WEIGHTED AVERAGE,31,100,100,100
NEW BRUNSWICK,BATHURST,CONTRACTOR EQUIPMENT,01,100,100,100
NEW BRUNSWICK,BATHURST,"SITE & INFRASTRUCTURE, DEMOLITION",03,100,100,100
NEW BRUNSWICK,BATHURST,Concrete Forming & Accessories,05,100,100,100
NEW BRUNSWICK,BATHURST,Concrete Reinforcing,06,100,100,100
NEW BRUNSWICK,BATHURST,Cast-in-Place Concrete,07,100,100,100
NEW BRUNSWICK,BATHURST,CONCRETE,04,100,100,100
NEW BRUNSWICK,BATHURST,MASONRY,08,100,100,100
NEW BRUNSWICK,BATHURST,METALS,09,100,100,100
NEW BRUNSWICK,BATHURST,"WOOD, PLASTICS & COMPOSITES",10,100,100,100
NEW BRUNSWICK,BATHURST,THERMAL & MOISTURE PROTECTION,11,100,100,100
NEW BRUNSWICK,BATHURST,OPENINGS,12,100,100,100
NEW BRUNSWICK,BATHURST,Plaster & Gypsum Board,14,100,100,100
NEW BRUNSWICK,BATHURST,Ceilings & Acoustic Treatment,15,100,100,100
NEW BRUNSWICK,BATHURST,Flooring,16,100,100,100
NEW BRUNSWICK,BATHURST,Wall Finishes & Painting/Coating,17,100,100,100
NEW BRUNSWICK,BATHURST,FINISHES,13,100,100,100
NEW BRUNSWICK,BATHURST,COVERS,02,100,100,100
NEW BRUNSWICK,BATHURST,"FIRE SUPPRESSION, PLUMBING & HVAC",18,100,100,100
NEW BRUNSWICK,BATHURST,"ELECTRICAL, COMMUNICATIONS & UTIL.",19,100,100,100
NEW BRUNSWICK,BATHURST,WEIGHTED AVERAGE,31,100,100,100
MANITOBA,BRANDON,CONTRACTOR EQUIPMENT,01,100,100,100
MANITOBA,BRANDON,"SITE & INFRASTRUCTURE, DEMOLITION",03,100,100,100
MANITOBA,BRANDON,Concrete Forming & Accessories,05,100,100,100
MANITOBA,BRANDON,Concrete Reinforcing,06,100,100,100
MANITOBA,BRANDON,Cast-in-Place Concrete,07,100,100,100
MANITOBA,BRANDON,CONCRETE,04,100,100,100
MANITOBA,BRANDON,MASONRY,08,100,100,100
MANITOBA,BRANDON,METALS,09,100,100,100
MANITOBA,BRANDON,"WOOD, PLASTICS & COMPOSITES",10,100,100,100
MANITOBA,BRANDON,THERMAL & MOISTURE PROTECTION,11,100,100,100
MANITOBA,BRANDON,OPENINGS,12,100,100,100
MANITOBA,BRANDON,Plaster & Gypsum Board,14,100,100,100
MANITOBA,BRANDON,Ceilings & Acoustic Treatment,15,100,100,100
MANITOBA,BRANDON,Flooring,16,100,100,100
MANITOBA,BRANDON,Wall Finishes & Painting/Coating,17,100,100,100
MANITOBA,BRANDON,FINISHES,13,100,100,100
MANITOBA,BRANDON,COVERS,02,100,100,100
MANITOBA,BRANDON,"FIRE SUPPRESSION, PLUMBING & HVAC",18,100,100,100
MANITOBA,BRANDON,"ELECTRICAL, COMMUNICATIONS & UTIL.",19,100,100,100
MANITOBA,BRANDON,WEIGHTED AVERAGE,31,100,100,100
ONTARIO,BRANTFORD,CONTRACTOR EQUIPMENT,01,100,100,100
ONTARIO,BRANTFORD,"SITE & INFRASTRUCTURE, DEMOLITION",03,100,100,100
ONTARIO,BRANTFORD,Concrete Forming & Accessories,05,100,100,100
ONTARIO,BRANTFORD,Concrete Reinforcing,06,100,100,100
ONTARIO,BRANTFORD,Cast-in-Place Concrete,07,100,100,100
ONTARIO,BRANTFORD,CONCRETE,04,100,100,100
ONTARIO,BRANTFORD,MASONRY,08,100,100,100
ONTARIO,BRANTFORD,METALS,09,100,100,100
ONTARIO,BRANTFORD,"WOOD, PLASTICS & COMPOSITES",10,100,100,100
ONTARIO,BRANTFORD,THERMAL & MOISTURE PROTECTION,11,100,100,100
ONTARIO,BRANTFORD,OPENINGS,12,100,100,100
ONTARIO,BRANTFORD,Plaster & Gypsum Board,14,100,100,100
ONTARIO,BRANTFORD,Ceilings & Acoustic Treatment,15,100,100,100
ONTARIO,BRANTFORD,Flooring,16,100,100,100
ONTARIO,BRANTFORD,Wall Finishes & Painting/Coating,17,100,100,100
ONTARIO,BRANTFORD,FINISHES,13,100,100,100
ONTARIO,BRANTFORD,COVERS,02,100,100,100
ONTARIO,BRANTFORD,"FIRE SUPPRESSION, PLUMBING & HVAC",18,100,100,100
ONTARIO,BRANTFORD,"ELECTRICAL, COMMUNICATIONS & UTIL.",19,100,100,100
ONTARIO,BRANTFORD,WEIGHTED AVERAGE,31,100,100,100
NOVA SCOTIA,BRIDGEWATER,CONTRACTOR EQUIPMENT,01,100,100,100
NOVA SCOTIA,BRIDGEWATER,"SITE & INFRASTRUCTURE, DEMOLITION",03,100,100,100
NOVA SCOTIA,BRIDGEWATER,Concrete Forming & Accessories,05,100,100,100
NOVA SCOTIA,BRIDGEWATER,Concrete Reinforcing,06,100,100,100
NOVA SCOTIA,BRIDGEWATER,Cast-in-Place Concrete,07,100,100,100
NOVA SCOTIA,BRIDGEWATER,CONCRETE,04,100,100,100
NOVA SCOTIA,BRIDGEWATER,MASONRY,08,100,100,100
NOVA SCOTIA,BRIDGEWATER,METALS,09,100,100,100
NOVA SCOTIA,BRIDGEWATER,"WOOD, PLASTICS & COMPOSITES",10,100,100,100
NOVA SCOTIA,BRIDGEWATER,THERMAL & MOISTURE PROTECTION,11,100,100,100
NOVA SCOTIA,BRIDGEWATER,OPENINGS,12,100,100,100
NOVA SCOTIA,BRIDGEWATER,Plaster & Gypsum Board,14,100,100,100
NOVA SCOTIA,BRIDGEWATER,Ceilings & Acoustic Treatment,15,100,100,100
NOVA SCOTIA,BRIDGEWATER,Flooring,16,100,100,100
NOVA SCOTIA,BRIDGEWATER,Wall Finishes & Painting/Coating,17,100,100,100
NOVA SCOTIA,BRIDGEWATER,FINISHES,13,100,100,100
NOVA SCOTIA,BRIDGEWATER,COVERS,02,100,100,100
NOVA SCOTIA,BRIDGEWATER,"FIRE SUPPRESSION, PLUMBING & HVAC",18,100,100,100
NOVA SCOTIA,BRIDGEWATER,"ELECTRICAL, COMMUNICATIONS & UTIL.",19,100,100,100
NOVA SCOTIA,BRIDGEWATER,WEIGHTED AVERAGE,31,100,100,100
ALBERTA,CALGARY,CONTRACTOR EQUIPMENT,01,100,100,100
ALBERTA,CALGARY,"SITE & INFRASTRUCTURE, DEMOLITION",03,100,100,100
ALBERTA,CALGARY,Concrete Forming & Accessories,05,100,100,100
ALBERTA,CALGARY,Concrete Reinforcing,06,100,100,100
ALBERTA,CALGARY,Cast-in-Place Concrete,07,100,100,100
ALBERTA,CALGARY,CONCRETE,04,100,100,100
ALBERTA,CALGARY,MASONRY,08,100,100,100
ALBERTA,CALGARY,METALS,09,100,100,100
ALBERTA,CALGARY,"WOOD, PLASTICS & COMPOSITES",10,100,100,100
ALBERTA,CALGARY,THERMAL & MOISTURE PROTECTION,11,100,100,100
ALBERTA,CALGARY,OPENINGS,12,100,100,100
ALBERTA,CALGARY,Plaster & Gypsum Board,14,100,100,100
ALBERTA,CALGARY,Ceilings & Acoustic Treatment,15,100,100,100
ALBERTA,CALGARY,Flooring,16,100,100,100
ALBERTA,CALGARY,Wall Finishes & Painting/Coating,17,100,100,100
ALBERTA,CALGARY,FINISHES,13,100,100,100
ALBERTA,CALGARY,COVERS,02,100,100,100
ALBERTA,CALGARY,"FIRE SUPPRESSION, PLUMBING & HVAC",18,100,100,100
ALBERTA,CALGARY,"ELECTRICAL, COMMUNICATIONS & UTIL.",19,100,100,100
ALBERTA,CALGARY,WEIGHTED AVERAGE,31,100,100,100
QUEBEC,CAP-DE-LA-MADELEINE,CONTRACTOR EQUIPMENT,01,100,100,100
QUEBEC,CAP-DE-LA-MADELEINE,"SITE & INFRASTRUCTURE, DEMOLITION",03,100,100,100
QUEBEC,CAP-DE-LA-MADELEINE,Concrete Forming & Accessories,05,100,100,100
QUEBEC,CAP-DE-LA-MADELEINE,Concrete Reinforcing,06,100,100,100
QUEBEC,CAP-DE-LA-MADELEINE,Cast-in-Place Concrete,07,100,100,100
QUEBEC,CAP-DE-LA-MADELEINE,CONCRETE,04,100,100,100
QUEBEC,CAP-DE-LA-MADELEINE,MASONRY,08,100,100,100
QUEBEC,CAP-DE-LA-MADELEINE,METALS,09,100,100,100
QUEBEC,CAP-DE-LA-MADELEINE,"WOOD, PLASTICS & COMPOSITES",10,100,100,100
QUEBEC,CAP-DE-LA-MADELEINE,THERMAL & MOISTURE PROTECTION,11,100,100,100
QUEBEC,CAP-DE-LA-MADELEINE,OPENINGS,12,100,100,100
QUEBEC,CAP-DE-LA-MADELEINE,Plaster & Gypsum Board,14,100,100,100
QUEBEC,CAP-DE-LA-MADELEINE,Ceilings & Acoustic Treatment,15,100,100,100
QUEBEC,CAP-DE-LA-MADELEINE,Flooring,16,100,100,100
QUEBEC,CAP-DE-LA-MADELEINE,Wall Finishes & Painting/Coating,17,100,100,100
QUEBEC,CAP-DE-LA-MADELEINE,FINISHES,13,100,100,100
QUEBEC,CAP-DE-LA-MADELEINE,COVERS,02,100,100,100
QUEBEC,CAP-DE-LA-MADELEINE,"FIRE SUPPRESSION, PLUMBING & HVAC",18,100,100,100
QUEBEC,CAP-DE-LA-MADELEINE,"ELECTRICAL, COMMUNICATIONS & UTIL.",19,100,100,100
QUEBEC,CAP-DE-LA-MADELEINE,WEIGHTED AVERAGE,31,100,100,100
QUEBEC,CHARLESBOURG,CONTRACTOR EQUIPMENT,01,100,100,100
QUEBEC,CHARLESBOURG,"SITE & INFRASTRUCTURE, DEMOLITION",03,100,100,100
QUEBEC,CHARLESBOURG,Concrete Forming & Accessories,05,100,100,100
QUEBEC,CHARLESBOURG,Concrete Reinforcing,06,100,100,100
QUEBEC,CHARLESBOURG,Cast-in-Place Concrete,07,100,100,100
QUEBEC,CHARLESBOURG,CONCRETE,04,100,100,100
QUEBEC,CHARLESBOURG,MASONRY,08,100,100,100
QUEBEC,CHARLESBOURG,METALS,09,100,100,100
QUEBEC,CHARLESBOURG,"WOOD, PLASTICS & COMPOSITES",10,100,100,100
QUEBEC,CHARLESBOURG,THERMAL & MOISTURE PROTECTION,11,100,100,100
QUEBEC,CHARLESBOURG,OPENINGS,12,100,100,100
QUEBEC,CHARLESBOURG,Plaster & Gypsum Board,14,100,100,100
QUEBEC,CHARLESBOURG,Ceilings & Acoustic Treatment,15,100,100,100
QUEBEC,CHARLESBOURG,Flooring,16,100,100,100
QUEBEC,CHARLESBOURG,Wall Finishes & Painting/Coating,17,100,100,100
QUEBEC,CHARLESBOURG,FINISHES,13,100,100,100
QUEBEC,CHARLESBOURG,COVERS,02,100,100,100
QUEBEC,CHARLESBOURG,"FIRE SUPPRESSION, PLUMBING & HVAC",18,100,100,100
QUEBEC,CHARLESBOURG,"ELECTRICAL, COMMUNICATIONS & UTIL.",19,100,100,100
QUEBEC,CHARLESBOURG,WEIGHTED AVERAGE,31,100,100,100
PRINCE EDWARD ISLAND,CHARLOTTETOWN,CONTRACTOR EQUIPMENT,01,100,100,100
PRINCE EDWARD ISLAND,CHARLOTTETOWN,"SITE & INFRASTRUCTURE, DEMOLITION",03,100,100,100
PRINCE EDWARD ISLAND,CHARLOTTETOWN,Concrete Forming & Accessories,05,100,100,100
PRINCE EDWARD ISLAND,CHARLOTTETOWN,Concrete Reinforcing,06,100,100,100
PRINCE EDWARD ISLAND,CHARLOTTETOWN,Cast-in-Place Concrete,07,100,100,100
PRINCE EDWARD ISLAND,CHARLOTTETOWN,CONCRETE,04,100,100,100
PRINCE EDWARD ISLAND,CHARLOTTETOWN,MASONRY,08,100,100,100
PRINCE EDWARD ISLAND,CHARLOTTETOWN,METALS,09,100,100,100
PRINCE EDWARD ISLAND,CHARLOTTETOWN,"WOOD, PLASTICS & COMPOSITES",10,100,100,100
PRINCE EDWARD ISLAND,CHARLOTTETOWN,THERMAL & MOISTURE PROTECTION,11,100,100,100
PRINCE EDWARD ISLAND,CHARLOTTETOWN,OPENINGS,12,100,100,100
PRINCE EDWARD ISLAND,CHARLOTTETOWN,Plaster & Gypsum Board,14,100,100,100
PRINCE EDWARD ISLAND,CHARLOTTETOWN,Ceilings & Acoustic Treatment,15,100,100,100
PRINCE EDWARD ISLAND,CHARLOTTETOWN,Flooring,16,100,100,100
PRINCE EDWARD ISLAND,CHARLOTTETOWN,Wall Finishes & Painting/Coating,17,100,100,100
PRINCE EDWARD ISLAND,CHARLOTTETOWN,FINISHES,13,100,100,100
PRINCE EDWARD ISLAND,CHARLOTTETOWN,COVERS,02,100,100,100
PRINCE EDWARD ISLAND,CHARLOTTETOWN,"FIRE SUPPRESSION, PLUMBING & HVAC",18,100,100,100
PRINCE EDWARD ISLAND,CHARLOTTETOWN,"ELECTRICAL, COMMUNICATIONS & UTIL.",19,100,100,100
PRINCE EDWARD ISLAND,CHARLOTTETOWN,WEIGHTED AVERAGE,31,100,100,100
QUEBEC,CHICOUTIMI,CONTRACTOR EQUIPMENT,01,100,100,100
QUEBEC,CHICOUTIMI,"SITE & INFRASTRUCTURE, DEMOLITION",03,100,100,100
QUEBEC,CHICOUTIMI,Concrete Forming & Accessories,05,100,100,100
QUEBEC,CHICOUTIMI,Concrete Reinforcing,06,100,100,100
QUEBEC,CHICOUTIMI,Cast-in-Place Concrete,07,100,100,100
QUEBEC,CHICOUTIMI,CONCRETE,04,100,100,100
QUEBEC,CHICOUTIMI,MASONRY,08,100,100,100
QUEBEC,CHICOUTIMI,METALS,09,100,100,100
QUEBEC,CHICOUTIMI,"WOOD, PLASTICS & COMPOSITES",10,100,100,100
QUEBEC,CHICOUTIMI,THERMAL & MOISTURE PROTECTION,11,100,100,100
QUEBEC,CHICOUTIMI,OPENINGS,12,100,100,100
QUEBEC,CHICOUTIMI,Plaster & Gypsum Board,14,100,100,100
QUEBEC,CHICOUTIMI,Ceilings & Acoustic Treatment,15,100,100,100
QUEBEC,CHICOUTIMI,Flooring,16,100,100,100
QUEBEC,CHICOUTIMI,Wall Finishes & Painting/Coating,17,100,100,100
QUEBEC,CHICOUTIMI,FINISHES,13,100,100,100
QUEBEC,CHICOUTIMI,COVERS,02,100,100,100
QUEBEC,CHICOUTIMI,"FIRE SUPPRESSION, PLUMBING & HVAC",18,100,100,100
QUEBEC,CHICOUTIMI,"ELECTRICAL, COMMUNICATIONS & UTIL.",19,100,100,100
QUEBEC,CHICOUTIMI,WEIGHTED AVERAGE,31,100,100,100
NEWFOUNDLAND,CORNER BROOK,CONTRACTOR EQUIPMENT,01,100,100,100
NEWFOUNDLAND,CORNER BROOK,"SITE & INFRASTRUCTURE, DEMOLITION",03,100,100,100
NEWFOUNDLAND,CORNER BROOK,Concrete Forming & Accessories,05,100,100,100
NEWFOUNDLAND,CORNER BROOK,Concrete Reinforcing,06,100,100,100
NEWFOUNDLAND,CORNER BROOK,Cast-in-Place Concrete,07,100,100,100
NEWFOUNDLAND,CORNER BROOK,CONCRETE,04,100,100,100
NEWFOUNDLAND,CORNER BROOK,MASONRY,08,100,100,100
NEWFOUNDLAND,CORNER BROOK,METALS,09,100,100,100
NEWFOUNDLAND,CORNER BROOK,"WOOD, PLASTICS & COMPOSITES",10,100,100,100
NEWFOUNDLAND,CORNER BROOK,THERMAL & MOISTURE PROTECTION,11,100,100,100
NEWFOUNDLAND,CORNER BROOK,OPENINGS,12,100,100,100
NEWFOUNDLAND,CORNER BROOK,Plaster & Gypsum Board,14,100,100,100
NEWFOUNDLAND,CORNER BROOK,Ceilings & Acoustic Treatment,15,100,100,100
NEWFOUNDLAND,CORNER BROOK,Flooring,16,100,100,100
NEWFOUNDLAND,CORNER BROOK,Wall Finishes & Painting/Coating,17,100,100,100
NEWFOUNDLAND,CORNER BROOK,FINISHES,13,100,100,100
NEWFOUNDLAND,CORNER BROOK,COVERS,02,100,100,100
NEWFOUNDLAND,CORNER BROOK,"FIRE SUPPRESSION, PLUMBING & HVAC",18,100,100,100
NEWFOUNDLAND,CORNER BROOK,"ELECTRICAL, COMMUNICATIONS & UTIL.",19,100,100,100
NEWFOUNDLAND,CORNER BROOK,WEIGHTED AVERAGE,31,100,100,100
ONTARIO,CORNWALL,CONTRACTOR EQUIPMENT,01,100,100,100
ONTARIO,CORNWALL,"SITE & INFRASTRUCTURE, DEMOLITION",03,100,100,100
ONTARIO,CORNWALL,Concrete Forming & Accessories,05,100,100,100
ONTARIO,CORNWALL,Concrete Reinforcing,06,100,100,100
ONTARIO,CORNWALL,Cast-in-Place Concrete,07,100,100,100
ONTARIO,CORNWALL,CONCRETE,04,100,100,100
ONTARIO,CORNWALL,MASONRY,08,100,100,100
ONTARIO,CORNWALL,METALS,09,100,100,100
ONTARIO,CORNWALL,"WOOD, PLASTICS & COMPOSITES",10,100,100,100
ONTARIO,CORNWALL,THERMAL & MOISTURE PROTECTION,11,100,100,100
ONTARIO,CORNWALL,OPENINGS,12,100,100,100
ONTARIO,CORNWALL,Plaster & Gypsum Board,14,100,100,100
ONTARIO,CORNWALL,Ceilings & Acoustic Treatment,15,100,100,100
ONTARIO,CORNWALL,Flooring,16,100,100,100
ONTARIO,CORNWALL,Wall Finishes & Painting/Coating,17,100,100,100
ONTARIO,CORNWALL,FINISHES,13,100,100,100
ONTARIO,CORNWALL,COVERS,02,100,100,100
ONTARIO,CORNWALL,"FIRE SUPPRESSION, PLUMBING & HVAC",18,100,100,100
ONTARIO,CORNWALL,"ELECTRICAL, COMMUNICATIONS & UTIL.",19,100,100,100
ONTARIO,CORNWALL,WEIGHTED AVERAGE,31,100,100,100
NEW BRUNSWICK,DALHOUSIE,CONTRACTOR EQUIPMENT,01,100,100,100
NEW BRUNSWICK,DALHOUSIE,"SITE & INFRASTRUCTURE, DEMOLITION",03,100,100,100
NEW BRUNSWICK,DALHOUSIE,Concrete Forming & Accessories,05,100,100,100
NEW BRUNSWICK,DALHOUSIE,Concrete Reinforcing,06,100,100,100
NEW BRUNSWICK,DALHOUSIE,Cast-in-Place Concrete,07,100,100,100
NEW BRUNSWICK,DALHOUSIE,CONCRETE,04,100,100,100
NEW BRUNSWICK,DALHOUSIE,MASONRY,08,100,100,100
NEW BRUNSWICK,DALHOUSIE,METALS,09,100,100,100
NEW BRUNSWICK,DALHOUSIE,"WOOD, PLASTICS & COMPOSITES",10,100,100,100
NEW BRUNSWICK,DALHOUSIE,THERMAL & MOISTURE PROTECTION,11,100,100,100
NEW BRUNSWICK,DALHOUSIE,OPENINGS,12,100,100,100
NEW BRUNSWICK,DALHOUSIE,Plaster & Gypsum Board,14,100,100,100
NEW BRUNSWICK,DALHOUSIE,Ceilings & Acoustic Treatment,15,100,100,100
NEW BRUNSWICK,DALHOUSIE,Flooring,16,100,100,100
NEW BRUNSWICK,DALHOUSIE,Wall Finishes & Painting/Coating,17,100,100,100
NEW BRUNSWICK,DALHOUSIE,FINISHES,13,100,100,100
NEW BRUNSWICK,DALHOUSIE,COVERS,02,100,100,100
NEW BRUNSWICK,DALHOUSIE,"FIRE SUPPRESSION, PLUMBING & HVAC",18,100,100,100
NEW BRUNSWICK,DALHOUSIE,"ELECTRICAL, COMMUNICATIONS & UTIL.",19,100,100,100
NEW BRUNSWICK,DALHOUSIE,WEIGHTED AVERAGE,31,100,100,100
NOVA SCOTIA,DARTMOUTH,CONTRACTOR EQUIPMENT,01,100,100,100
NOVA SCOTIA,DARTMOUTH,"SITE & INFRASTRUCTURE, DEMOLITION",03,100,100,100
NOVA SCOTIA,DARTMOUTH,Concrete Forming & Accessories,05,100,100,100
NOVA SCOTIA,DARTMOUTH,Concrete Reinforcing,06,100,100,100
NOVA SCOTIA,DARTMOUTH,Cast-in-Place Concrete,07,100,100,100
NOVA SCOTIA,DARTMOUTH,CONCRETE,04,100,100,100
NOVA SCOTIA,DARTMOUTH,MASONRY,08,100,100,100
NOVA SCOTIA,DARTMOUTH,METALS,09,100,100,100
NOVA SCOTIA,DARTMOUTH,"WOOD, PLASTICS & COMPOSITES",10,100,100,100
NOVA SCOTIA,DARTMOUTH,THERMAL & MOISTURE PROTECTION,11,100,100,100
NOVA SCOTIA,DARTMOUTH,OPENINGS,12,100,100,100
NOVA SCOTIA,DARTMOUTH,Plaster & Gypsum Board,14,100,100,100
NOVA SCOTIA,DARTMOUTH,Ceilings & Acoustic Treatment,15,100,100,100
NOVA SCOTIA,DARTMOUTH,Flooring,16,100,100,100
NOVA SCOTIA,DARTMOUTH,Wall Finishes & Painting/Coating,17,100,100,100
NOVA SCOTIA,DARTMOUTH,FINISHES,13,100,100,100
NOVA SCOTIA,DARTMOUTH,COVERS,02,100,100,100
NOVA SCOTIA,DARTMOUTH,"FIRE SUPPRESSION, PLUMBING & HVAC",18,100,100,100
NOVA SCOTIA,DARTMOUTH,"ELECTRICAL, COMMUNICATIONS & UTIL.",19,100,100,100
NOVA SCOTIA,DARTMOUTH,WEIGHTED AVERAGE,31,100,100,100
ALBERTA,EDMONTON,CONTRACTOR EQUIPMENT,01,100,100,100
ALBERTA,EDMONTON,"SITE & INFRASTRUCTURE, DEMOLITION",03,100,100,100
ALBERTA,EDMONTON,Concrete Forming & Accessories,05,100,100,100
ALBERTA,EDMONTON,Concrete Reinforcing,06,100,100,100
ALBERTA,EDMONTON,Cast-in-Place Concrete,07,100,100,100
ALBERTA,EDMONTON,CONCRETE,04,100,100,100
ALBERTA,EDMONTON,MASONRY,08,100,100,100
ALBERTA,EDMONTON,METALS,09,100,100,100
ALBERTA,EDMONTON,"WOOD, PLASTICS & COMPOSITES",10,100,100,100
ALBERTA,EDMONTON,THERMAL & MOISTURE PROTECTION,11,100,100,100
ALBERTA,EDMONTON,OPENINGS,12,100,100,100
ALBERTA,EDMONTON,Plaster & Gypsum Board,14,100,100,100
ALBERTA,EDMONTON,Ceilings & Acoustic Treatment,15,100,100,100
ALBERTA,EDMONTON,Flooring,16,100,100,100
ALBERTA,EDMONTON,Wall Finishes & Painting/Coating,17,100,100,100
ALBERTA,EDMONTON,FINISHES,13,100,100,100
ALBERTA,EDMONTON,COVERS,02,100,100,100
ALBERTA,EDMONTON,"FIRE SUPPRESSION, PLUMBING & HVAC",18,100,100,100
ALBERTA,EDMONTON,"ELECTRICAL, COMMUNICATIONS & UTIL.",19,100,100,100
ALBERTA,EDMONTON,WEIGHTED AVERAGE,31,100,100,100
ALBERTA,FORT MCMURRAY,CONTRACTOR EQUIPMENT,01,100,100,100
ALBERTA,FORT MCMURRAY,"SITE & INFRASTRUCTURE, DEMOLITION",03,100,100,100
ALBERTA,FORT MCMURRAY,Concrete Forming & Accessories,05,100,100,100
ALBERTA,FORT MCMURRAY,Concrete Reinforcing,06,100,100,100
ALBERTA,FORT MCMURRAY,Cast-in-Place Concrete,07,100,100,100
ALBERTA,FORT MCMURRAY,CONCRETE,04,100,100,100
ALBERTA,FORT MCMURRAY,MASONRY,08,100,100,100
ALBERTA,FORT MCMURRAY,METALS,09,100,100,100
ALBERTA,FORT MCMURRAY,"WOOD, PLASTICS & COMPOSITES",10,100,100,100
ALBERTA,FORT MCMURRAY,THERMAL & MOISTURE PROTECTION,11,100,100,100
ALBERTA,FORT MCMURRAY,OPENINGS,12,100,100,100
ALBERTA,FORT MCMURRAY,Plaster & Gypsum Board,14,100,100,100
ALBERTA,FORT MCMURRAY,Ceilings & Acoustic Treatment,15,100,100,100
ALBERTA,FORT MCMURRAY,Flooring,16,100,100,100
ALBERTA,FORT MCMURRAY,Wall Finishes & Painting/Coating,17,100,100,100
ALBERTA,FORT MCMURRAY,FINISHES,13,100,100,100
ALBERTA,FORT MCMURRAY,COVERS,02,100,100,100
ALBERTA,FORT MCMURRAY,"FIRE SUPPRESSION, PLUMBING & HVAC",18,100,100,100
ALBERTA,FORT MCMURRAY,"ELECTRICAL, COMMUNICATIONS & UTIL.",19,100,100,100
ALBERTA,FORT MCMURRAY,WEIGHTED AVERAGE,31,100,100,100
NEW BRUNSWICK,FREDERICTON,CONTRACTOR EQUIPMENT,01,100,100,100
NEW BRUNSWICK,FREDERICTON,"SITE & INFRASTRUCTURE, DEMOLITION",03,100,100,100
NEW BRUNSWICK,FREDERICTON,Concrete Forming & Accessories,05,100,100,100
NEW BRUNSWICK,FREDERICTON,Concrete Reinforcing,06,100,100,100
NEW BRUNSWICK,FREDERICTON,Cast-in-Place Concrete,07,100,100,100
NEW BRUNSWICK,FREDERICTON,CONCRETE,04,100,100,100
NEW BRUNSWICK,FREDERICTON,MASONRY,08,100,100,100
NEW BRUNSWICK,FREDERICTON,METALS,09,100,100,100
NEW BRUNSWICK,FREDERICTON,"WOOD, PLASTICS & COMPOSITES",10,100,100,100
NEW BRUNSWICK,FREDERICTON,THERMAL & MOISTURE PROTECTION,11,100,100,100
NEW BRUNSWICK,FREDERICTON,OPENINGS,12,100,100,100
NEW BRUNSWICK,FREDERICTON,Plaster & Gypsum Board,14,100,100,100
NEW BRUNSWICK,FREDERICTON,Ceilings & Acoustic Treatment,15,100,100,100
NEW BRUNSWICK,FREDERICTON,Flooring,16,100,100,100
NEW BRUNSWICK,FREDERICTON,Wall Finishes & Painting/Coating,17,100,100,100
NEW BRUNSWICK,FREDERICTON,FINISHES,13,100,100,100
NEW BRUNSWICK,FREDERICTON,COVERS,02,100,100,100
NEW BRUNSWICK,FREDERICTON,"FIRE SUPPRESSION, PLUMBING & HVAC",18,100,100,100
NEW BRUNSWICK,FREDERICTON,"ELECTRICAL, COMMUNICATIONS & UTIL.",19,100,100,100
NEW BRUNSWICK,FREDERICTON,WEIGHTED AVERAGE,31,100,100,100
QUEBEC,GATINEAU,CONTRACTOR EQUIPMENT,01,100,100,100
QUEBEC,GATINEAU,"SITE & INFRASTRUCTURE, DEMOLITION",03,100,100,100
QUEBEC,GATINEAU,Concrete Forming & Accessories,05,100,100,100
QUEBEC,GATINEAU,Concrete Reinforcing,06,100,100,100
QUEBEC,GATINEAU,Cast-in-Place Concrete,07,100,100,100
QUEBEC,GATINEAU,CONCRETE,04,100,100,100
QUEBEC,GATINEAU,MASONRY,08,100,100,100
QUEBEC,GATINEAU,METALS,09,100,100,100
QUEBEC,GATINEAU,"WOOD, PLASTICS & COMPOSITES",10,100,100,100
QUEBEC,GATINEAU,THERMAL & MOISTURE PROTECTION,11,100,100,100
QUEBEC,GATINEAU,OPENINGS,12,100,100,100
QUEBEC,GATINEAU,Plaster & Gypsum Board,14,100,100,100
QUEBEC,GATINEAU,Ceilings & Acoustic Treatment,15,100,100,100
QUEBEC,GATINEAU,Flooring,16,100,100,100
QUEBEC,GATINEAU,Wall Finishes & Painting/Coating,17,100,100,100
QUEBEC,GATINEAU,FINISHES,13,100,100,100
QUEBEC,GATINEAU,COVERS,02,100,100,100
QUEBEC,GATINEAU,"FIRE SUPPRESSION, PLUMBING & HVAC",18,100,100,100
QUEBEC,GATINEAU,"ELECTRICAL, COMMUNICATIONS & UTIL.",19,100,100,100
QUEBEC,GATINEAU,WEIGHTED AVERAGE,31,100,100,100
QUEBEC,GRANBY,CONTRACTOR EQUIPMENT,01,100,100,100
QUEBEC,GRANBY,"SITE & INFRASTRUCTURE, DEMOLITION",03,100,100,100
QUEBEC,GRANBY,Concrete Forming & Accessories,05,100,100,100
QUEBEC,GRANBY,Concrete Reinforcing,06,100,100,100
QUEBEC,GRANBY,Cast-in-Place Concrete,07,100,100,100
QUEBEC,GRANBY,CONCRETE,04,100,100,100
QUEBEC,GRANBY,MASONRY,08,100,100,100
QUEBEC,GRANBY,METALS,09,100,100,100
QUEBEC,GRANBY,"WOOD, PLASTICS & COMPOSITES",10,100,100,100
QUEBEC,GRANBY,THERMAL & MOISTURE PROTECTION,11,100,100,100
QUEBEC,GRANBY,OPENINGS,12,100,100,100
QUEBEC,GRANBY,Plaster & Gypsum Board,14,100,100,100
QUEBEC,GRANBY,Ceilings & Acoustic Treatment,15,100,100,100
QUEBEC,GRANBY,Flooring,16,100,100,100
QUEBEC,GRANBY,Wall Finishes & Painting/Coating,17,100,100,100
QUEBEC,GRANBY,FINISHES,13,100,100,100
QUEBEC,GRANBY,COVERS,02,100,100,100
QUEBEC,GRANBY,"FIRE SUPPRESSION, PLUMBING & HVAC",18,100,100,100
QUEBEC,GRANBY,"ELECTRICAL, COMMUNICATIONS & UTIL.",19,100,100,100
QUEBEC,GRANBY,WEIGHTED AVERAGE,31,100,100,100
NOVA SCOTIA,HALIFAX,CONTRACTOR EQUIPMENT,01,100,100,100
NOVA SCOTIA,HALIFAX,"SITE & INFRASTRUCTURE, DEMOLITION",03,100,100,100
NOVA SCOTIA,HALIFAX,Concrete Forming & Accessories,05,100,100,100
NOVA SCOTIA,HALIFAX,Concrete Reinforcing,06,100,100,100
NOVA SCOTIA,HALIFAX,Cast-in-Place Concrete,07,100,100,100
NOVA SCOTIA,HALIFAX,CONCRETE,04,100,100,100
NOVA SCOTIA,HALIFAX,MASONRY,08,100,100,100
NOVA SCOTIA,HALIFAX,METALS,09,100,100,100
NOVA SCOTIA,HALIFAX,"WOOD, PLASTICS & COMPOSITES",10,100,100,100
NOVA SCOTIA,HALIFAX,THERMAL & MOISTURE PROTECTION,11,100,100,100
NOVA SCOTIA,HALIFAX,OPENINGS,12,100,100,100
NOVA SCOTIA,HALIFAX,Plaster & Gypsum Board,14,100,100,100
NOVA SCOTIA,HALIFAX,Ceilings & Acoustic Treatment,15,100,100,100
NOVA SCOTIA,HALIFAX,Flooring,16,100,100,100
NOVA SCOTIA,HALIFAX,Wall Finishes & Painting/Coating,17,100,100,100
NOVA SCOTIA,HALIFAX,FINISHES,13,100,100,100
NOVA SCOTIA,HALIFAX,COVERS,02,100,100,100
NOVA SCOTIA,HALIFAX,"FIRE SUPPRESSION, PLUMBING & HVAC",18,100,100,100
NOVA SCOTIA,HALIFAX,"ELECTRICAL, COMMUNICATIONS & UTIL.",19,100,100,100
NOVA SCOTIA,HALIFAX,WEIGHTED AVERAGE,31,100,100,100
ONTARIO,HAMILTON,CONTRACTOR EQUIPMENT,01,100,100,100
ONTARIO,HAMILTON,"SITE & INFRASTRUCTURE, DEMOLITION",03,100,100,100
ONTARIO,HAMILTON,Concrete Forming & Accessories,05,100,100,100
ONTARIO,HAMILTON,Concrete Reinforcing,06,100,100,100
ONTARIO,HAMILTON,Cast-in-Place Concrete,07,100,100,100
ONTARIO,HAMILTON,CONCRETE,04,100,100,100
ONTARIO,HAMILTON,MASONRY,08,100,100,100
ONTARIO,HAMILTON,METALS,09,100,100,100
ONTARIO,HAMILTON,"WOOD, PLASTICS & COMPOSITES",10,100,100,100
ONTARIO,HAMILTON,THERMAL & MOISTURE PROTECTION,11,100,100,100
ONTARIO,HAMILTON,OPENINGS,12,100,100,100
ONTARIO,HAMILTON,Plaster & Gypsum Board,14,100,100,100
ONTARIO,HAMILTON,Ceilings & Acoustic Treatment,15,100,100,100
ONTARIO,HAMILTON,Flooring,16,100,100,100
ONTARIO,HAMILTON,Wall Finishes & Painting/Coating,17,100,100,100
ONTARIO,HAMILTON,FINISHES,13,100,100,100
ONTARIO,HAMILTON,COVERS,02,100,100,100
ONTARIO,HAMILTON,"FIRE SUPPRESSION, PLUMBING & HVAC",18,100,100,100
ONTARIO,HAMILTON,"ELECTRICAL, COMMUNICATIONS & UTIL.",19,100,100,100
ONTARIO,HAMILTON,WEIGHTED AVERAGE,31,100,100,100
QUEBEC,HULL,CONTRACTOR EQUIPMENT,01,100,100,100
QUEBEC,HULL,"SITE & INFRASTRUCTURE, DEMOLITION",03,100,100,100
QUEBEC,HULL,Concrete Forming & Accessories,05,100,100,100
QUEBEC,HULL,Concrete Reinforcing,06,100,100,100
QUEBEC,HULL,Cast-in-Place Concrete,07,100,100,100
QUEBEC,HULL,CONCRETE,04,100,100,100
QUEBEC,HULL,MASONRY,08,100,100,100
QUEBEC,HULL,METALS,09,100,100,100
QUEBEC,HULL,"WOOD, PLASTICS & COMPOSITES",10,100,100,100
QUEBEC,HULL,THERMAL & MOISTURE PROTECTION,11,100,100,100
QUEBEC,HULL,OPENINGS,12,100,100,100
QUEBEC,HULL,Plaster & Gypsum Board,14,100,100,100
QUEBEC,HULL,Ceilings & Acoustic Treatment,15,100,100,100
QUEBEC,HULL,Flooring,16,100,100,100
QUEBEC,HULL,Wall Finishes & Painting/Coating,17,100,100,100
QUEBEC,HULL,FINISHES,13,100,100,100
QUEBEC,HULL,COVERS,02,100,100,100
QUEBEC,HULL,"FIRE SUPPRESSION, PLUMBING & HVAC",18,100,100,100
QUEBEC,HULL,"ELECTRICAL, COMMUNICATIONS & UTIL.",19,100,100,100
QUEBEC,HULL,WEIGHTED AVERAGE,31,100,100,100
QUEBEC,JOLIETTE,CONTRACTOR EQUIPMENT,01,100,100,100
QUEBEC,JOLIETTE,"SITE & INFRASTRUCTURE, DEMOLITION",03,100,100,100
QUEBEC,JOLIETTE,Concrete Forming & Accessories,05,100,100,100
QUEBEC,JOLIETTE,Concrete Reinforcing,06,100,100,100
QUEBEC,JOLIETTE,Cast-in-Place Concrete,07,100,100,100
QUEBEC,JOLIETTE,CONCRETE,04,100,100,100
QUEBEC,JOLIETTE,MASONRY,08,100,100,100
QUEBEC,JOLIETTE,METALS,09,100,100,100
QUEBEC,JOLIETTE,"WOOD, PLASTICS & COMPOSITES",10,100,100,100
QUEBEC,JOLIETTE,THERMAL & MOISTURE PROTECTION,11,100,100,100
QUEBEC,JOLIETTE,OPENINGS,12,100,100,100
QUEBEC,JOLIETTE,Plaster & Gypsum Board,14,100,100,100
QUEBEC,JOLIETTE,Ceilings & Acoustic Treatment,15,100,100,100
QUEBEC,JOLIETTE,Flooring,16,100,100,100
QUEBEC,JOLIETTE,Wall Finishes & Painting/Coating,17,100,100,100
QUEBEC,JOLIETTE,FINISHES,13,100,100,100
QUEBEC,JOLIETTE,COVERS,02,100,100,100
QUEBEC,JOLIETTE,"FIRE SUPPRESSION, PLUMBING & HVAC",18,100,100,100
QUEBEC,JOLIETTE,"ELECTRICAL, COMMUNICATIONS & UTIL.",19,100,100,100
QUEBEC,JOLIETTE,WEIGHTED AVERAGE,31,100,100,100
BRITISH COLUMBIA,KAMLOOPS,CONTRACTOR EQUIPMENT,01,100,100,100
BRITISH COLUMBIA,KAMLOOPS,"SITE & INFRASTRUCTURE, DEMOLITION",03,100,100,100
BRITISH COLUMBIA,KAMLOOPS,Concrete Forming & Accessories,05,100,100,100
BRITISH COLUMBIA,KAMLOOPS,Concrete Reinforcing,06,100,100,100
BRITISH COLUMBIA,KAMLOOPS,Cast-in-Place Concrete,07,100,100,100
BRITISH COLUMBIA,KAMLOOPS,CONCRETE,04,100,100,100
BRITISH COLUMBIA,KAMLOOPS,MASONRY,08,100,100,100
BRITISH COLUMBIA,KAMLOOPS,METALS,09,100,100,100
BRITISH COLUMBIA,KAMLOOPS,"WOOD, PLASTICS & COMPOSITES",10,100,100,100
BRITISH COLUMBIA,KAMLOOPS,THERMAL & MOISTURE PROTECTION,11,100,100,100
BRITISH COLUMBIA,KAMLOOPS,OPENINGS,12,100,100,100
BRITISH COLUMBIA,KAMLOOPS,Plaster & Gypsum Board,14,100,100,100
BRITISH COLUMBIA,KAMLOOPS,Ceilings & Acoustic Treatment,15,100,100,100
BRITISH COLUMBIA,KAMLOOPS,Flooring,16,100,100,100
BRITISH COLUMBIA,KAMLOOPS,Wall Finishes & Painting/Coating,17,100,100,100
BRITISH COLUMBIA,KAMLOOPS,FINISHES,13,100,100,100
BRITISH COLUMBIA,KAMLOOPS,COVERS,02,100,100,100
BRITISH COLUMBIA,KAMLOOPS,"FIRE SUPPRESSION, PLUMBING & HVAC",18,100,100,100
BRITISH COLUMBIA,KAMLOOPS,"ELECTRICAL, COMMUNICATIONS & UTIL.",19,100,100,100
BRITISH COLUMBIA,KAMLOOPS,WEIGHTED AVERAGE,31,100,100,100
ONTARIO,KINGSTON,CONTRACTOR EQUIPMENT,01,100,100,100
ONTARIO,KINGSTON,"SITE & INFRASTRUCTURE, DEMOLITION",03,100,100,100
ONTARIO,KINGSTON,Concrete Forming & Accessories,05,100,100,100
ONTARIO,KINGSTON,Concrete Reinforcing,06,100,100,100
ONTARIO,KINGSTON,Cast-in-Place Concrete,07,100,100,100
ONTARIO,KINGSTON,CONCRETE,04,100,100,100
ONTARIO,KINGSTON,MASONRY,08,100,100,100
ONTARIO,KINGSTON,METALS,09,100,100,100
ONTARIO,KINGSTON,"WOOD, PLASTICS & COMPOSITES",10,100,100,100
ONTARIO,KINGSTON,THERMAL & MOISTURE PROTECTION,11,100,100,100
ONTARIO,KINGSTON,OPENINGS,12,100,100,100
ONTARIO,KINGSTON,Plaster & Gypsum Board,14,100,100,100
ONTARIO,KINGSTON,Ceilings & Acoustic Treatment,15,100,100,100
ONTARIO,KINGSTON,Flooring,16,100,100,100
ONTARIO,KINGSTON,Wall Finishes & Painting/Coating,17,100,100,100
ONTARIO,KINGSTON,FINISHES,13,100,100,100
ONTARIO,KINGSTON,COVERS,02,100,100,100
ONTARIO,KINGSTON,"FIRE SUPPRESSION, PLUMBING & HVAC",18,100,100,100
ONTARIO,KINGSTON,"ELECTRICAL, COMMUNICATIONS & UTIL.",19,100,100,100
ONTARIO,KINGSTON,WEIGHTED AVERAGE,31,100,100,100
ONTARIO,KITCHENER,CONTRACTOR EQUIPMENT,01,100,100,100
ONTARIO,KITCHENER,"SITE & INFRASTRUCTURE, DEMOLITION",03,100,100,100
ONTARIO,KITCHENER,Concrete Forming & Accessories,05,100,100,100
ONTARIO,KITCHENER,Concrete Reinforcing,06,100,100,100
ONTARIO,KITCHENER,Cast-in-Place Concrete,07,100,100,100
ONTARIO,KITCHENER,CONCRETE,04,100,100,100
ONTARIO,KITCHENER,MASONRY,08,100,100,100
ONTARIO,KITCHENER,METALS,09,100,100,100
ONTARIO,KITCHENER,"WOOD, PLASTICS & COMPOSITES",10,100,100,100
ONTARIO,KITCHENER,THERMAL & MOISTURE PROTECTION,11,100,100,100
ONTARIO,KITCHENER,OPENINGS,12,100,100,100
ONTARIO,KITCHENER,Plaster & Gypsum Board,14,100,100,100
ONTARIO,KITCHENER,Ceilings & Acoustic Treatment,15,100,100,100
ONTARIO,KITCHENER,Flooring,16,100,100,100
ONTARIO,KITCHENER,Wall Finishes & Painting/Coating,17,100,100,100
ONTARIO,KITCHENER,FINISHES,13,100,100,100
ONTARIO,KITCHENER,COVERS,02,100,100,100
ONTARIO,KITCHENER,"FIRE SUPPRESSION, PLUMBING & HVAC",18,100,100,100
ONTARIO,KITCHENER,"ELECTRICAL, COMMUNICATIONS & UTIL.",19,100,100,100
ONTARIO,KITCHENER,WEIGHTED AVERAGE,31,100,100,100
QUEBEC,LAVAL,CONTRACTOR EQUIPMENT,01,100,100,100
QUEBEC,LAVAL,"SITE & INFRASTRUCTURE, DEMOLITION",03,100,100,100
QUEBEC,LAVAL,Concrete Forming & Accessories,05,100,100,100
QUEBEC,LAVAL,Concrete Reinforcing,06,100,100,100
QUEBEC,LAVAL,Cast-in-Place Concrete,07,100,100,100
QUEBEC,LAVAL,CONCRETE,04,100,100,100
QUEBEC,LAVAL,MASONRY,08,100,100,100
QUEBEC,LAVAL,METALS,09,100,100,100
QUEBEC,LAVAL,"WOOD, PLASTICS & COMPOSITES",10,100,100,100
QUEBEC,LAVAL,THERMAL & MOISTURE PROTECTION,11,100,100,100
QUEBEC,LAVAL,OPENINGS,12,100,100,100
QUEBEC,LAVAL,Plaster & Gypsum Board,14,100,100,100
QUEBEC,LAVAL,Ceilings & Acoustic Treatment,15,100,100,100
QUEBEC,LAVAL,Flooring,16,100,100,100
QUEBEC,LAVAL,Wall Finishes & Painting/Coating,17,100,100,100
QUEBEC,LAVAL,FINISHES,13,100,100,100
QUEBEC,LAVAL,COVERS,02,100,100,100
QUEBEC,LAVAL,"FIRE SUPPRESSION, PLUMBING & HVAC",18,100,100,100
QUEBEC,LAVAL,"ELECTRICAL, COMMUNICATIONS & UTIL.",19,100,100,100
QUEBEC,LAVAL,WEIGHTED AVERAGE,31,100,100,100
ALBERTA,LETHBRIDGE,CONTRACTOR EQUIPMENT,01,100,100,100
ALBERTA,LETHBRIDGE,"SITE & INFRASTRUCTURE, DEMOLITION",03,100,100,100
ALBERTA,LETHBRIDGE,Concrete Forming & Accessories,05,100,100,100
ALBERTA,LETHBRIDGE,Concrete Reinforcing,06,100,100,100
ALBERTA,LETHBRIDGE,Cast-in-Place Concrete,07,100,100,100
ALBERTA,LETHBRIDGE,CONCRETE,04,100,100,100
ALBERTA,LETHBRIDGE,MASONRY,08,100,100,100
ALBERTA,LETHBRIDGE,METALS,09,100,100,100
ALBERTA,LETHBRIDGE,"WOOD, PLASTICS & COMPOSITES",10,100,100,100
ALBERTA,LETHBRIDGE,THERMAL & MOISTURE PROTECTION,11,100,100,100
ALBERTA,LETHBRIDGE,OPENINGS,12,100,100,100
ALBERTA,LETHBRIDGE,Plaster & Gypsum Board,14,100,100,100
ALBERTA,LETHBRIDGE,Ceilings & Acoustic Treatment,15,100,100,100
ALBERTA,LETHBRIDGE,Flooring,16,100,100,100
ALBERTA,LETHBRIDGE,Wall Finishes & Painting/Coating,17,100,100,100
ALBERTA,LETHBRIDGE,FINISHES,13,100,100,100
ALBERTA,LETHBRIDGE,COVERS,02,100,100,100
ALBERTA,LETHBRIDGE,"FIRE SUPPRESSION, PLUMBING & HVAC",18,100,100,100
ALBERTA,LETHBRIDGE,"ELECTRICAL, COMMUNICATIONS & UTIL.",19,100,100,100
ALBERTA,LETHBRIDGE,WEIGHTED AVERAGE,31,100,100,100
ALBERTA,LLOYDMINSTER,CONTRACTOR EQUIPMENT,01,100,100,100
ALBERTA,LLOYDMINSTER,"SITE & INFRASTRUCTURE, DEMOLITION",03,100,100,100
ALBERTA,LLOYDMINSTER,Concrete Forming & Accessories,05,100,100,100
ALBERTA,LLOYDMINSTER,Concrete Reinforcing,06,100,100,100
ALBERTA,LLOYDMINSTER,Cast-in-Place Concrete,07,100,100,100
ALBERTA,LLOYDMINSTER,CONCRETE,04,100,100,100
ALBERTA,LLOYDMINSTER,MASONRY,08,100,100,100
ALBERTA,LLOYDMINSTER,METALS,09,100,100,100
ALBERTA,LLOYDMINSTER,"WOOD, PLASTICS & COMPOSITES",10,100,100,100
ALBERTA,LLOYDMINSTER,THERMAL & MOISTURE PROTECTION,11,100,100,100
ALBERTA,LLOYDMINSTER,OPENINGS,12,100,100,100
ALBERTA,LLOYDMINSTER,Plaster & Gypsum Board,14,100,100,100
ALBERTA,LLOYDMINSTER,Ceilings & Acoustic Treatment,15,100,100,100
ALBERTA,LLOYDMINSTER,Flooring,16,100,100,100
ALBERTA,LLOYDMINSTER,Wall Finishes & Painting/Coating,17,100,100,100
ALBERTA,LLOYDMINSTER,FINISHES,13,100,100,100
ALBERTA,LLOYDMINSTER,COVERS,02,100,100,100
ALBERTA,LLOYDMINSTER,"FIRE SUPPRESSION, PLUMBING & HVAC",18,100,100,100
ALBERTA,LLOYDMINSTER,"ELECTRICAL, COMMUNICATIONS & UTIL.",19,100,100,100
ALBERTA,LLOYDMINSTER,WEIGHTED AVERAGE,31,100,100,100
ONTARIO,LONDON,CONTRACTOR EQUIPMENT,01,100,100,100
ONTARIO,LONDON,"SITE & INFRASTRUCTURE, DEMOLITION",03,100,100,100
ONTARIO,LONDON,Concrete Forming & Accessories,05,100,100,100
ONTARIO,LONDON,Concrete Reinforcing,06,100,100,100
ONTARIO,LONDON,Cast-in-Place Concrete,07,100,100,100
ONTARIO,LONDON,CONCRETE,04,100,100,100
ONTARIO,LONDON,MASONRY,08,100,100,100
ONTARIO,LONDON,METALS,09,100,100,100
ONTARIO,LONDON,"WOOD, PLASTICS & COMPOSITES",10,100,100,100
ONTARIO,LONDON,THERMAL & MOISTURE PROTECTION,11,100,100,100
ONTARIO,LONDON,OPENINGS,12,100,100,100
ONTARIO,LONDON,Plaster & Gypsum Board,14,100,100,100
ONTARIO,LONDON,Ceilings & Acoustic Treatment,15,100,100,100
ONTARIO,LONDON,Flooring,16,100,100,100
ONTARIO,LONDON,Wall Finishes & Painting/Coating,17,100,100,100
ONTARIO,LONDON,FINISHES,13,100,100,100
ONTARIO,LONDON,COVERS,02,100,100,100
ONTARIO,LONDON,"FIRE SUPPRESSION, PLUMBING & HVAC",18,100,100,100
ONTARIO,LONDON,"ELECTRICAL, COMMUNICATIONS & UTIL.",19,100,100,100
ONTARIO,LONDON,WEIGHTED AVERAGE,31,100,100,100
ALBERTA,MEDICINE HAT,CONTRACTOR EQUIPMENT,01,100,100,100
ALBERTA,MEDICINE HAT,"SITE & INFRASTRUCTURE, DEMOLITION",03,100,100,100
ALBERTA,MEDICINE HAT,Concrete Forming & Accessories,05,100,100,100
ALBERTA,MEDICINE HAT,Concrete Reinforcing,06,100,100,100
ALBERTA,MEDICINE HAT,Cast-in-Place Concrete,07,100,100,100
ALBERTA,MEDICINE HAT,CONCRETE,04,100,100,100
ALBERTA,MEDICINE HAT,MASONRY,08,100,100,100
ALBERTA,MEDICINE HAT,METALS,09,100,100,100
ALBERTA,MEDICINE HAT,"WOOD, PLASTICS & COMPOSITES",10,100,100,100
ALBERTA,MEDICINE HAT,THERMAL & MOISTURE PROTECTION,11,100,100,100
ALBERTA,MEDICINE HAT,OPENINGS,12,100,100,100
ALBERTA,MEDICINE HAT,Plaster & Gypsum Board,14,100,100,100
ALBERTA,MEDICINE HAT,Ceilings & Acoustic Treatment,15,100,100,100
ALBERTA,MEDICINE HAT,Flooring,16,100,100,100
ALBERTA,MEDICINE HAT,Wall Finishes & Painting/Coating,17,100,100,100
ALBERTA,MEDICINE HAT,FINISHES,13,100,100,100
ALBERTA,MEDICINE HAT,COVERS,02,100,100,100
ALBERTA,MEDICINE HAT,"FIRE SUPPRESSION, PLUMBING & HVAC",18,100,100,100
ALBERTA,MEDICINE HAT,"ELECTRICAL, COMMUNICATIONS & UTIL.",19,100,100,100
ALBERTA,MEDICINE HAT,WEIGHTED AVERAGE,31,100,100,100
NEW BRUNSWICK,MONCTON,CONTRACTOR EQUIPMENT,01,100,100,100
NEW BRUNSWICK,MONCTON,"SITE & INFRASTRUCTURE, DEMOLITION",03,100,100,100
NEW BRUNSWICK,MONCTON,Concrete Forming & Accessories,05,100,100,100
NEW BRUNSWICK,MONCTON,Concrete Reinforcing,06,100,100,100
NEW BRUNSWICK,MONCTON,Cast-in-Place Concrete,07,100,100,100
NEW BRUNSWICK,MONCTON,CONCRETE,04,100,100,100
NEW BRUNSWICK,MONCTON,MASONRY,08,100,100,100
NEW BRUNSWICK,MONCTON,METALS,09,100,100,100
NEW BRUNSWICK,MONCTON,"WOOD, PLASTICS & COMPOSITES",10,100,100,100
NEW BRUNSWICK,MONCTON,THERMAL & MOISTURE PROTECTION,11,100,100,100
NEW BRUNSWICK,MONCTON,OPENINGS,12,100,100,100
NEW BRUNSWICK,MONCTON,Plaster & Gypsum Board,14,100,100,100
NEW BRUNSWICK,MONCTON,Ceilings & Acoustic Treatment,15,100,100,100
NEW BRUNSWICK,MONCTON,Flooring,16,100,100,100
NEW BRUNSWICK,MONCTON,Wall Finishes & Painting/Coating,17,100,100,100
NEW BRUNSWICK,MONCTON,FINISHES,13,100,100,100
NEW BRUNSWICK,MONCTON,COVERS,02,100,100,100
NEW BRUNSWICK,MONCTON,"FIRE SUPPRESSION, PLUMBING & HVAC",18,100,100,100
NEW BRUNSWICK,MONCTON,"ELECTRICAL, COMMUNICATIONS & UTIL.",19,100,100,100
NEW BRUNSWICK,MONCTON,WEIGHTED AVERAGE,31,100,100,100
QUEBEC,MONTREAL,CONTRACTOR EQUIPMENT,01,100,100,100
QUEBEC,MONTREAL,"SITE & INFRASTRUCTURE, DEMOLITION",03,100,100,100
QUEBEC,MONTREAL,Concrete Forming & Accessories,05,100,100,100
QUEBEC,MONTREAL,Concrete Reinforcing,06,100,100,100
QUEBEC,MONTREAL,Cast-in-Place Concrete,07,100,100,100
QUEBEC,MONTREAL,CONCRETE,04,100,100,100
QUEBEC,MONTREAL,MASONRY,08,100,100,100
QUEBEC,MONTREAL,METALS,09,100,100,100
QUEBEC,MONTREAL,"WOOD, PLASTICS & COMPOSITES",10,100,100,100
QUEBEC,MONTREAL,THERMAL & MOISTURE PROTECTION,11,100,100,100
QUEBEC,MONTREAL,OPENINGS,12,100,100,100
QUEBEC,MONTREAL,Plaster & Gypsum Board,14,100,100,100
QUEBEC,MONTREAL,Ceilings & Acoustic Treatment,15,100,100,100
QUEBEC,MONTREAL,Flooring,16,100,100,100
QUEBEC,MONTREAL,Wall Finishes & Painting/Coating,17,100,100,100
QUEBEC,MONTREAL,FINISHES,13,100,100,100
QUEBEC,MONTREAL,COVERS,02,100,100,100
QUEBEC,MONTREAL,"FIRE SUPPRESSION, PLUMBING & HVAC",18,100,100,100
QUEBEC,MONTREAL,"ELECTRICAL, COMMUNICATIONS & UTIL.",19,100,100,100
QUEBEC,MONTREAL,WEIGHTED AVERAGE,31,100,100,100
SASKATCHEWAN,MOOSE JAW,CONTRACTOR EQUIPMENT,01,100,100,100
SASKATCHEWAN,MOOSE JAW,"SITE & INFRASTRUCTURE, DEMOLITION",03,100,100,100
SASKATCHEWAN,MOOSE JAW,Concrete Forming & Accessories,05,100,100,100
SASKATCHEWAN,MOOSE JAW,Concrete Reinforcing,06,100,100,100
SASKATCHEWAN,MOOSE JAW,Cast-in-Place Concrete,07,100,100,100
SASKATCHEWAN,MOOSE JAW,CONCRETE,04,100,100,100
SASKATCHEWAN,MOOSE JAW,MASONRY,08,100,100,100
SASKATCHEWAN,MOOSE JAW,METALS,09,100,100,100
SASKATCHEWAN,MOOSE JAW,"WOOD, PLASTICS & COMPOSITES",10,100,100,100
SASKATCHEWAN,MOOSE JAW,THERMAL & MOISTURE PROTECTION,11,100,100,100
SASKATCHEWAN,MOOSE JAW,OPENINGS,12,100,100,100
SASKATCHEWAN,MOOSE JAW,Plaster & Gypsum Board,14,100,100,100
SASKATCHEWAN,MOOSE JAW,Ceilings & Acoustic Treatment,15,100,100,100
SASKATCHEWAN,MOOSE JAW,Flooring,16,100,100,100
SASKATCHEWAN,MOOSE JAW,Wall Finishes & Painting/Coating,17,100,100,100
SASKATCHEWAN,MOOSE JAW,FINISHES,13,100,100,100
SASKATCHEWAN,MOOSE JAW,COVERS,02,100,100,100
SASKATCHEWAN,MOOSE JAW,"FIRE SUPPRESSION, PLUMBING & HVAC",18,100,100,100
SASKATCHEWAN,MOOSE JAW,"ELECTRICAL, COMMUNICATIONS & UTIL.",19,100,100,100
SASKATCHEWAN,MOOSE JAW,WEIGHTED AVERAGE,31,100,100,100
NOVA SCOTIA,NEW GLASGOW,CONTRACTOR EQUIPMENT,01,100,100,100
NOVA SCOTIA,NEW GLASGOW,"SITE & INFRASTRUCTURE, DEMOLITION",03,100,100,100
NOVA SCOTIA,NEW GLASGOW,Concrete Forming & Accessories,05,100,100,100
NOVA SCOTIA,NEW GLASGOW,Concrete Reinforcing,06,100,100,100
NOVA SCOTIA,NEW GLASGOW,Cast-in-Place Concrete,07,100,100,100
NOVA SCOTIA,NEW GLASGOW,CONCRETE,04,100,100,100
NOVA SCOTIA,NEW GLASGOW,MASONRY,08,100,100,100
NOVA SCOTIA,NEW GLASGOW,METALS,09,100,100,100
NOVA SCOTIA,NEW GLASGOW,"WOOD, PLASTICS & COMPOSITES",10,100,100,100
NOVA SCOTIA,NEW GLASGOW,THERMAL & MOISTURE PROTECTION,11,100,100,100
NOVA SCOTIA,NEW GLASGOW,OPENINGS,12,100,100,100
NOVA SCOTIA,NEW GLASGOW,Plaster & Gypsum Board,14,100,100,100
NOVA SCOTIA,NEW GLASGOW,Ceilings & Acoustic Treatment,15,100,100,100
NOVA SCOTIA,NEW GLASGOW,Flooring,16,100,100,100
NOVA SCOTIA,NEW GLASGOW,Wall Finishes & Painting/Coating,17,100,100,100
NOVA SCOTIA,NEW GLASGOW,FINISHES,13,100,100,100
NOVA SCOTIA,NEW GLASGOW,COVERS,02,100,100,100
NOVA SCOTIA,NEW GLASGOW,"FIRE SUPPRESSION, PLUMBING & HVAC",18,100,100,100
NOVA SCOTIA,NEW GLASGOW,"ELECTRICAL, COMMUNICATIONS & UTIL.",19,100,100,100
NOVA SCOTIA,NEW GLASGOW,WEIGHTED AVERAGE,31,100,100,100
NEW BRUNSWICK,NEWCASTLE,CONTRACTOR EQUIPMENT,01,100,100,100
NEW BRUNSWICK,NEWCASTLE,"SITE & INFRASTRUCTURE, DEMOLITION",03,100,100,100
NEW BRUNSWICK,NEWCASTLE,Concrete Forming & Accessories,05,100,100,100
NEW BRUNSWICK,NEWCASTLE,Concrete Reinforcing,06,100,100,100
NEW BRUNSWICK,NEWCASTLE,Cast-in-Place Concrete,07,100,100,100
NEW BRUNSWICK,NEWCASTLE,CONCRETE,04,100,100,100
NEW BRUNSWICK,NEWCASTLE,MASONRY,08,100,100,100
NEW BRUNSWICK,NEWCASTLE,METALS,09,100,100,100
NEW BRUNSWICK,NEWCASTLE,"WOOD, PLASTICS & COMPOSITES",10,100,100,100
NEW BRUNSWICK,NEWCASTLE,THERMAL & MOISTURE PROTECTION,11,100,100,100
NEW BRUNSWICK,NEWCASTLE,OPENINGS,12,100,100,100
NEW BRUNSWICK,NEWCASTLE,Plaster & Gypsum Board,14,100,100,100
NEW BRUNSWICK,NEWCASTLE,Ceilings & Acoustic Treatment,15,100,100,100
NEW BRUNSWICK,NEWCASTLE,Flooring,16,100,100,100
NEW BRUNSWICK,NEWCASTLE,Wall Finishes & Painting/Coating,17,100,100,100
NEW BRUNSWICK,NEWCASTLE,FINISHES,13,100,100,100
NEW BRUNSWICK,NEWCASTLE,COVERS,02,100,100,100
NEW BRUNSWICK,NEWCASTLE,"FIRE SUPPRESSION, PLUMBING & HVAC",18,100,100,100
NEW BRUNSWICK,NEWCASTLE,"ELECTRICAL, COMMUNICATIONS & UTIL.",19,100,100,100
NEW BRUNSWICK,NEWCASTLE,WEIGHTED AVERAGE,31,100,100,100
ONTARIO,NORTH BAY,CONTRACTOR EQUIPMENT,01,100,100,100
ONTARIO,NORTH BAY,"SITE & INFRASTRUCTURE, DEMOLITION",03,100,100,100
ONTARIO,NORTH BAY,Concrete Forming & Accessories,05,100,100,100
ONTARIO,NORTH BAY,Concrete Reinforcing,06,100,100,100
ONTARIO,NORTH BAY,Cast-in-Place Concrete,07,100,100,100
ONTARIO,NORTH BAY,CONCRETE,04,100,100,100
ONTARIO,NORTH BAY,MASONRY,08,100,100,100
ONTARIO,NORTH BAY,METALS,09,100,100,100
ONTARIO,NORTH BAY,"WOOD, PLASTICS & COMPOSITES",10,100,100,100
ONTARIO,NORTH BAY,THERMAL & MOISTURE PROTECTION,11,100,100,100
ONTARIO,NORTH BAY,OPENINGS,12,100,100,100
ONTARIO,NORTH BAY,Plaster & Gypsum Board,14,100,100,100
ONTARIO,NORTH BAY,Ceilings & Acoustic Treatment,15,100,100,100
ONTARIO,NORTH BAY,Flooring,16,100,100,100
ONTARIO,NORTH BAY,Wall Finishes & Painting/Coating,17,100,100,100
ONTARIO,NORTH BAY,FINISHES,13,100,100,100
ONTARIO,NORTH BAY,COVERS,02,100,100,100
ONTARIO,NORTH BAY,"FIRE SUPPRESSION, PLUMBING & HVAC",18,100,100,100
ONTARIO,NORTH BAY,"ELECTRICAL, COMMUNICATIONS & UTIL.",19,100,100,100
ONTARIO,NORTH BAY,WEIGHTED AVERAGE,31,100,100,100
ONTARIO,OSHAWA,CONTRACTOR EQUIPMENT,01,100,100,100
ONTARIO,OSHAWA,"SITE & INFRASTRUCTURE, DEMOLITION",03,100,100,100
ONTARIO,OSHAWA,Concrete Forming & Accessories,05,100,100,100
ONTARIO,OSHAWA,Concrete Reinforcing,06,100,100,100
ONTARIO,OSHAWA,Cast-in-Place Concrete,07,100,100,100
ONTARIO,OSHAWA,CONCRETE,04,100,100,100
ONTARIO,OSHAWA,MASONRY,08,100,100,100
ONTARIO,OSHAWA,METALS,09,100,100,100
ONTARIO,OSHAWA,"WOOD, PLASTICS & COMPOSITES",10,100,100,100
ONTARIO,OSHAWA,THERMAL & MOISTURE PROTECTION,11,100,100,100
ONTARIO,OSHAWA,OPENINGS,12,100,100,100
ONTARIO,OSHAWA,Plaster & Gypsum Board,14,100,100,100
ONTARIO,OSHAWA,Ceilings & Acoustic Treatment,15,100,100,100
ONTARIO,OSHAWA,Flooring,16,100,100,100
ONTARIO,OSHAWA,Wall Finishes & Painting/Coating,17,100,100,100
ONTARIO,OSHAWA,FINISHES,13,100,100,100
ONTARIO,OSHAWA,COVERS,02,100,100,100
ONTARIO,OSHAWA,"FIRE SUPPRESSION, PLUMBING & HVAC",18,100,100,100
ONTARIO,OSHAWA,"ELECTRICAL, COMMUNICATIONS & UTIL.",19,100,100,100
ONTARIO,OSHAWA,WEIGHTED AVERAGE,31,100,100,100
ONTARIO,OTTAWA,CONTRACTOR EQUIPMENT,01,100,100,100
ONTARIO,OTTAWA,"SITE & INFRASTRUCTURE, DEMOLITION",03,100,100,100
ONTARIO,OTTAWA,Concrete Forming & Accessories,05,100,100,100
ONTARIO,OTTAWA,Concrete Reinforcing,06,100,100,100
ONTARIO,OTTAWA,Cast-in-Place Concrete,07,100,100,100
ONTARIO,OTTAWA,CONCRETE,04,100,100,100
ONTARIO,OTTAWA,MASONRY,08,100,100,100
ONTARIO,OTTAWA,METALS,09,100,100,100
ONTARIO,OTTAWA,"WOOD, PLASTICS & COMPOSITES",10,100,100,100
ONTARIO,OTTAWA,THERMAL & MOISTURE PROTECTION,11,100,100,100
ONTARIO,OTTAWA,OPENINGS,12,100,100,100
ONTARIO,OTTAWA,Plaster & Gypsum Board,14,100,100,100
ONTARIO,OTTAWA,Ceilings & Acoustic Treatment,15,100,100,100
ONTARIO,OTTAWA,Flooring,16,100,100,100
ONTARIO,OTTAWA,Wall Finishes & Painting/Coating,17,100,100,100
ONTARIO,OTTAWA,FINISHES,13,100,100,100
ONTARIO,OTTAWA,COVERS,02,100,100,100
ONTARIO,OTTAWA,"FIRE SUPPRESSION, PLUMBING & HVAC",18,100,100,100
ONTARIO,OTTAWA,"ELECTRICAL, COMMUNICATIONS & UTIL.",19,100,100,100
ONTARIO,OTTAWA,WEIGHTED AVERAGE,31,100,100,100
ONTARIO,OWEN SOUND,CONTRACTOR EQUIPMENT,01,100,100,100
ONTARIO,OWEN SOUND,"SITE & INFRASTRUCTURE, DEMOLITION",03,100,100,100
ONTARIO,OWEN SOUND,Concrete Forming & Accessories,05,100,100,100
ONTARIO,OWEN SOUND,Concrete Reinforcing,06,100,100,100
ONTARIO,OWEN SOUND,Cast-in-Place Concrete,07,100,100,100
ONTARIO,OWEN SOUND,CONCRETE,04,100,100,100
ONTARIO,OWEN SOUND,MASONRY,08,100,100,100
ONTARIO,OWEN SOUND,METALS,09,100,100,100
ONTARIO,OWEN SOUND,"WOOD, PLASTICS & COMPOSITES",10,100,100,100
ONTARIO,OWEN SOUND,THERMAL & MOISTURE PROTECTION,11,100,100,100
ONTARIO,OWEN SOUND,OPENINGS,12,100,100,100
ONTARIO,OWEN SOUND,Plaster & Gypsum Board,14,100,100,100
ONTARIO,OWEN SOUND,Ceilings & Acoustic Treatment,15,100,100,100
ONTARIO,OWEN SOUND,Flooring,16,100,100,100
ONTARIO,OWEN SOUND,Wall Finishes & Painting/Coating,17,100,100,100
ONTARIO,OWEN SOUND,FINISHES,13,100,100,100
ONTARIO,OWEN SOUND,COVERS,02,100,100,100
ONTARIO,OWEN SOUND,"FIRE SUPPRESSION, PLUMBING & HVAC",18,100,100,100
ONTARIO,OWEN SOUND,"ELECTRICAL, COMMUNICATIONS & UTIL.",19,100,100,100
ONTARIO,OWEN SOUND,WEIGHTED AVERAGE,31,100,100,100
ONTARIO,PETERBOROUGH,CONTRACTOR EQUIPMENT,01,100,100,100
ONTARIO,PETERBOROUGH,"SITE & INFRASTRUCTURE, DEMOLITION",03,100,100,100
ONTARIO,PETERBOROUGH,Concrete Forming & Accessories,05,100,100,100
ONTARIO,PETERBOROUGH,Concrete Reinforcing,06,100,100,100
ONTARIO,PETERBOROUGH,Cast-in-Place Concrete,07,100,100,100
ONTARIO,PETERBOROUGH,CONCRETE,04,100,100,100
ONTARIO,PETERBOROUGH,MASONRY,08,100,100,100
ONTARIO,PETERBOROUGH,METALS,09,100,100,100
ONTARIO,PETERBOROUGH,"WOOD, PLASTICS & COMPOSITES",10,100,100,100
ONTARIO,PETERBOROUGH,THERMAL & MOISTURE PROTECTION,11,100,100,100
ONTARIO,PETERBOROUGH,OPENINGS,12,100,100,100
ONTARIO,PETERBOROUGH,Plaster & Gypsum Board,14,100,100,100
ONTARIO,PETERBOROUGH,Ceilings & Acoustic Treatment,15,100,100,100
ONTARIO,PETERBOROUGH,Flooring,16,100,100,100
ONTARIO,PETERBOROUGH,Wall Finishes & Painting/Coating,17,100,100,100
ONTARIO,PETERBOROUGH,FINISHES,13,100,100,100
ONTARIO,PETERBOROUGH,COVERS,02,100,100,100
ONTARIO,PETERBOROUGH,"FIRE SUPPRESSION, PLUMBING & HVAC",18,100,100,100
ONTARIO,PETERBOROUGH,"ELECTRICAL, COMMUNICATIONS & UTIL.",19,100,100,100
ONTARIO,PETERBOROUGH,WEIGHTED AVERAGE,31,100,100,100
MANITOBA,PORTAGE LA PRAIRIE,CONTRACTOR EQUIPMENT,01,100,100,100
MANITOBA,PORTAGE LA PRAIRIE,"SITE & INFRASTRUCTURE, DEMOLITION",03,100,100,100
MANITOBA,PORTAGE LA PRAIRIE,Concrete Forming & Accessories,05,100,100,100
MANITOBA,PORTAGE LA PRAIRIE,Concrete Reinforcing,06,100,100,100
MANITOBA,PORTAGE LA PRAIRIE,Cast-in-Place Concrete,07,100,100,100
MANITOBA,PORTAGE LA PRAIRIE,CONCRETE,04,100,100,100
MANITOBA,PORTAGE LA PRAIRIE,MASONRY,08,100,100,100
MANITOBA,PORTAGE LA PRAIRIE,METALS,09,100,100,100
MANITOBA,PORTAGE LA PRAIRIE,"WOOD, PLASTICS & COMPOSITES",10,100,100,100
MANITOBA,PORTAGE LA PRAIRIE,THERMAL & MOISTURE PROTECTION,11,100,100,100
MANITOBA,PORTAGE LA PRAIRIE,OPENINGS,12,100,100,100
MANITOBA,PORTAGE LA PRAIRIE,Plaster & Gypsum Board,14,100,100,100
MANITOBA,PORTAGE LA PRAIRIE,Ceilings & Acoustic Treatment,15,100,100,100
MANITOBA,PORTAGE LA PRAIRIE,Flooring,16,100,100,100
MANITOBA,PORTAGE LA PRAIRIE,Wall Finishes & Painting/Coating,17,100,100,100
MANITOBA,PORTAGE LA PRAIRIE,FINISHES,13,100,100,100
MANITOBA,PORTAGE LA PRAIRIE,COVERS,02,100,100,100
MANITOBA,PORTAGE LA PRAIRIE,"FIRE SUPPRESSION, PLUMBING & HVAC",18,100,100,100
MANITOBA,PORTAGE LA PRAIRIE,"ELECTRICAL, COMMUNICATIONS & UTIL.",19,100,100,100
MANITOBA,PORTAGE LA PRAIRIE,WEIGHTED AVERAGE,31,100,100,100
SASKATCHEWAN,PRINCE ALBERT,CONTRACTOR EQUIPMENT,01,100,100,100
SASKATCHEWAN,PRINCE ALBERT,"SITE & INFRASTRUCTURE, DEMOLITION",03,100,100,100
SASKATCHEWAN,PRINCE ALBERT,Concrete Forming & Accessories,05,100,100,100
SASKATCHEWAN,PRINCE ALBERT,Concrete Reinforcing,06,100,100,100
SASKATCHEWAN,PRINCE ALBERT,Cast-in-Place Concrete,07,100,100,100
SASKATCHEWAN,PRINCE ALBERT,CONCRETE,04,100,100,100
SASKATCHEWAN,PRINCE ALBERT,MASONRY,08,100,100,100
SASKATCHEWAN,PRINCE ALBERT,METALS,09,100,100,100
SASKATCHEWAN,PRINCE ALBERT,"WOOD, PLASTICS & COMPOSITES",10,100,100,100
SASKATCHEWAN,PRINCE ALBERT,THERMAL & MOISTURE PROTECTION,11,100,100,100
SASKATCHEWAN,PRINCE ALBERT,OPENINGS,12,100,100,100
SASKATCHEWAN,PRINCE ALBERT,Plaster & Gypsum Board,14,100,100,100
SASKATCHEWAN,PRINCE ALBERT,Ceilings & Acoustic Treatment,15,100,100,100
SASKATCHEWAN,PRINCE ALBERT,Flooring,16,100,100,100
SASKATCHEWAN,PRINCE ALBERT,Wall Finishes & Painting/Coating,17,100,100,100
SASKATCHEWAN,PRINCE ALBERT,FINISHES,13,100,100,100
SASKATCHEWAN,PRINCE ALBERT,COVERS,02,100,100,100
SASKATCHEWAN,PRINCE ALBERT,"FIRE SUPPRESSION, PLUMBING & HVAC",18,100,100,100
SASKATCHEWAN,PRINCE ALBERT,"ELECTRICAL, COMMUNICATIONS & UTIL.",19,100,100,100
SASKATCHEWAN,PRINCE ALBERT,WEIGHTED AVERAGE,31,100,100,100
BRITISH COLUMBIA,PRINCE GEORGE,CONTRACTOR EQUIPMENT,01,100,100,100
BRITISH COLUMBIA,PRINCE GEORGE,"SITE & INFRASTRUCTURE, DEMOLITION",03,100,100,100
BRITISH COLUMBIA,PRINCE GEORGE,Concrete Forming & Accessories,05,100,100,100
BRITISH COLUMBIA,PRINCE GEORGE,Concrete Reinforcing,06,100,100,100
BRITISH COLUMBIA,PRINCE GEORGE,Cast-in-Place Concrete,07,100,100,100
BRITISH COLUMBIA,PRINCE GEORGE,CONCRETE,04,100,100,100
BRITISH COLUMBIA,PRINCE GEORGE,MASONRY,08,100,100,100
BRITISH COLUMBIA,PRINCE GEORGE,METALS,09,100,100,100
BRITISH COLUMBIA,PRINCE GEORGE,"WOOD, PLASTICS & COMPOSITES",10,100,100,100
BRITISH COLUMBIA,PRINCE GEORGE,THERMAL & MOISTURE PROTECTION,11,100,100,100
BRITISH COLUMBIA,PRINCE GEORGE,OPENINGS,12,100,100,100
BRITISH COLUMBIA,PRINCE GEORGE,Plaster & Gypsum Board,14,100,100,100
BRITISH COLUMBIA,PRINCE GEORGE,Ceilings & Acoustic Treatment,15,100,100,100
BRITISH COLUMBIA,PRINCE GEORGE,Flooring,16,100,100,100
BRITISH COLUMBIA,PRINCE GEORGE,Wall Finishes & Painting/Coating,17,100,100,100
BRITISH COLUMBIA,PRINCE GEORGE,FINISHES,13,100,100,100
BRITISH COLUMBIA,PRINCE GEORGE,COVERS,02,100,100,100
BRITISH COLUMBIA,PRINCE GEORGE,"FIRE SUPPRESSION, PLUMBING & HVAC",18,100,100,100
BRITISH COLUMBIA,PRINCE GEORGE,"ELECTRICAL, COMMUNICATIONS & UTIL.",19,100,100,100
BRITISH COLUMBIA,PRINCE GEORGE,WEIGHTED AVERAGE,31,100,100,100
QUEBEC,QUEBEC,CONTRACTOR EQUIPMENT,01,100,100,100
QUEBEC,QUEBEC,"SITE & INFRASTRUCTURE, DEMOLITION",03,100,100,100
QUEBEC,QUEBEC,Concrete Forming & Accessories,05,100,100,100
QUEBEC,QUEBEC,Concrete Reinforcing,06,100,100,100
QUEBEC,QUEBEC,Cast-in-Place Concrete,07,100,100,100
QUEBEC,QUEBEC,CONCRETE,04,100,100,100
QUEBEC,QUEBEC,MASONRY,08,100,100,100
QUEBEC,QUEBEC,METALS,09,100,100,100
QUEBEC,QUEBEC,"WOOD, PLASTICS & COMPOSITES",10,100,100,100
QUEBEC,QUEBEC,THERMAL & MOISTURE PROTECTION,11,100,100,100
QUEBEC,QUEBEC,OPENINGS,12,100,100,100
QUEBEC,QUEBEC,Plaster & Gypsum Board,14,100,100,100
QUEBEC,QUEBEC,Ceilings & Acoustic Treatment,15,100,100,100
QUEBEC,QUEBEC,Flooring,16,100,100,100
QUEBEC,QUEBEC,Wall Finishes & Painting/Coating,17,100,100,100
QUEBEC,QUEBEC,FINISHES,13,100,100,100
QUEBEC,QUEBEC,COVERS,02,100,100,100
QUEBEC,QUEBEC,"FIRE SUPPRESSION, PLUMBING & HVAC",18,100,100,100
QUEBEC,QUEBEC,"ELECTRICAL, COMMUNICATIONS & UTIL.",19,100,100,100
QUEBEC,QUEBEC,WEIGHTED AVERAGE,31,100,100,100
ALBERTA,RED DEER,CONTRACTOR EQUIPMENT,01,100,100,100
ALBERTA,RED DEER,"SITE & INFRASTRUCTURE, DEMOLITION",03,100,100,100
ALBERTA,RED DEER,Concrete Forming & Accessories,05,100,100,100
ALBERTA,RED DEER,Concrete Reinforcing,06,100,100,100
ALBERTA,RED DEER,Cast-in-Place Concrete,07,100,100,100
ALBERTA,RED DEER,CONCRETE,04,100,100,100
ALBERTA,RED DEER,MASONRY,08,100,100,100
ALBERTA,RED DEER,METALS,09,100,100,100
ALBERTA,RED DEER,"WOOD, PLASTICS & COMPOSITES",10,100,100,100
ALBERTA,RED DEER,THERMAL & MOISTURE PROTECTION,11,100,100,100
ALBERTA,RED DEER,OPENINGS,12,100,100,100
ALBERTA,RED DEER,Plaster & Gypsum Board,14,100,100,100
ALBERTA,RED DEER,Ceilings & Acoustic Treatment,15,100,100,100
ALBERTA,RED DEER,Flooring,16,100,100,100
ALBERTA,RED DEER,Wall Finishes & Painting/Coating,17,100,100,100
ALBERTA,RED DEER,FINISHES,13,100,100,100
ALBERTA,RED DEER,COVERS,02,100,100,100
ALBERTA,RED DEER,"FIRE SUPPRESSION, PLUMBING & HVAC",18,100,100,100
ALBERTA,RED DEER,"ELECTRICAL, COMMUNICATIONS & UTIL.",19,100,100,100
ALBERTA,RED DEER,WEIGHTED AVERAGE,31,100,100,100
SASKATCHEWAN,REGINA,CONTRACTOR EQUIPMENT,01,100,100,100
SASKATCHEWAN,REGINA,"SITE & INFRASTRUCTURE, DEMOLITION",03,100,100,100
SASKATCHEWAN,REGINA,Concrete Forming & Accessories,05,100,100,100
SASKATCHEWAN,REGINA,Concrete Reinforcing,06,100,100,100
SASKATCHEWAN,REGINA,Cast-in-Place Concrete,07,100,100,100
SASKATCHEWAN,REGINA,CONCRETE,04,100,100,100
SASKATCHEWAN,REGINA,MASONRY,08,100,100,100
SASKATCHEWAN,REGINA,METALS,09,100,100,100
SASKATCHEWAN,REGINA,"WOOD, PLASTICS & COMPOSITES",10,100,100,100
SASKATCHEWAN,REGINA,THERMAL & MOISTURE PROTECTION,11,100,100,100
SASKATCHEWAN,REGINA,OPENINGS,12,100,100,100
SASKATCHEWAN,REGINA,Plaster & Gypsum Board,14,100,100,100
SASKATCHEWAN,REGINA,Ceilings & Acoustic Treatment,15,100,100,100
SASKATCHEWAN,REGINA,Flooring,16,100,100,100
SASKATCHEWAN,REGINA,Wall Finishes & Painting/Coating,17,100,100,100
SASKATCHEWAN,REGINA,FINISHES,13,100,100,100
SASKATCHEWAN,REGINA,COVERS,02,100,100,100
SASKATCHEWAN,REGINA,"FIRE SUPPRESSION, PLUMBING & HVAC",18,100,100,100
SASKATCHEWAN,REGINA,"ELECTRICAL, COMMUNICATIONS & UTIL.",19,100,100,100
SASKATCHEWAN,REGINA,WEIGHTED AVERAGE,31,100,100,100
QUEBEC,RIMOUSKI,CONTRACTOR EQUIPMENT,01,100,100,100
QUEBEC,RIMOUSKI,"SITE & INFRASTRUCTURE, DEMOLITION",03,100,100,100
QUEBEC,RIMOUSKI,Concrete Forming & Accessories,05,100,100,100
QUEBEC,RIMOUSKI,Concrete Reinforcing,06,100,100,100
QUEBEC,RIMOUSKI,Cast-in-Place Concrete,07,100,100,100
QUEBEC,RIMOUSKI,CONCRETE,04,100,100,100
QUEBEC,RIMOUSKI,MASONRY,08,100,100,100
QUEBEC,RIMOUSKI,METALS,09,100,100,100
QUEBEC,RIMOUSKI,"WOOD, PLASTICS & COMPOSITES",10,100,100,100
QUEBEC,RIMOUSKI,THERMAL & MOISTURE PROTECTION,11,100,100,100
QUEBEC,RIMOUSKI,OPENINGS,12,100,100,100
QUEBEC,RIMOUSKI,Plaster & Gypsum Board,14,100,100,100
QUEBEC,RIMOUSKI,Ceilings & Acoustic Treatment,15,100,100,100
QUEBEC,RIMOUSKI,Flooring,16,100,100,100
QUEBEC,RIMOUSKI,Wall Finishes & Painting/Coating,17,100,100,100
QUEBEC,RIMOUSKI,FINISHES,13,100,100,100
QUEBEC,RIMOUSKI,COVERS,02,100,100,100
QUEBEC,RIMOUSKI,"FIRE SUPPRESSION, PLUMBING & HVAC",18,100,100,100
QUEBEC,RIMOUSKI,"ELECTRICAL, COMMUNICATIONS & UTIL.",19,100,100,100
QUEBEC,RIMOUSKI,WEIGHTED AVERAGE,31,100,100,100
QUEBEC,ROUYN-NORANDA,CONTRACTOR EQUIPMENT,01,100,100,100
QUEBEC,ROUYN-NORANDA,"SITE & INFRASTRUCTURE, DEMOLITION",03,100,100,100
QUEBEC,ROUYN-NORANDA,Concrete Forming & Accessories,05,100,100,100
QUEBEC,ROUYN-NORANDA,Concrete Reinforcing,06,100,100,100
QUEBEC,ROUYN-NORANDA,Cast-in-Place Concrete,07,100,100,100
QUEBEC,ROUYN-NORANDA,CONCRETE,04,100,100,100
QUEBEC,ROUYN-NORANDA,MASONRY,08,100,100,100
QUEBEC,ROUYN-NORANDA,METALS,09,100,100,100
QUEBEC,ROUYN-NORANDA,"WOOD, PLASTICS & COMPOSITES",10,100,100,100
QUEBEC,ROUYN-NORANDA,THERMAL & MOISTURE PROTECTION,11,100,100,100
QUEBEC,ROUYN-NORANDA,OPENINGS,12,100,100,100
QUEBEC,ROUYN-NORANDA,Plaster & Gypsum Board,14,100,100,100
QUEBEC,ROUYN-NORANDA,Ceilings & Acoustic Treatment,15,100,100,100
QUEBEC,ROUYN-NORANDA,Flooring,16,100,100,100
QUEBEC,ROUYN-NORANDA,Wall Finishes & Painting/Coating,17,100,100,100
QUEBEC,ROUYN-NORANDA,FINISHES,13,100,100,100
QUEBEC,ROUYN-NORANDA,COVERS,02,100,100,100
QUEBEC,ROUYN-NORANDA,"FIRE SUPPRESSION, PLUMBING & HVAC",18,100,100,100
QUEBEC,ROUYN-NORANDA,"ELECTRICAL, COMMUNICATIONS & UTIL.",19,100,100,100
QUEBEC,ROUYN-NORANDA,WEIGHTED AVERAGE,31,100,100,100
QUEBEC,SAINT HYACINTHE,CONTRACTOR EQUIPMENT,01,100,100,100
QUEBEC,SAINT HYACINTHE,"SITE & INFRASTRUCTURE, DEMOLITION",03,100,100,100
QUEBEC,SAINT HYACINTHE,Concrete Forming & Accessories,05,100,100,100
QUEBEC,SAINT HYACINTHE,Concrete Reinforcing,06,100,100,100
QUEBEC,SAINT HYACINTHE,Cast-in-Place Concrete,07,100,100,100
QUEBEC,SAINT HYACINTHE,CONCRETE,04,100,100,100
QUEBEC,SAINT HYACINTHE,MASONRY,08,100,100,100
QUEBEC,SAINT HYACINTHE,METALS,09,100,100,100
QUEBEC,SAINT HYACINTHE,"WOOD, PLASTICS & COMPOSITES",10,100,100,100
QUEBEC,SAINT HYACINTHE,THERMAL & MOISTURE PROTECTION,11,100,100,100
QUEBEC,SAINT HYACINTHE,OPENINGS,12,100,100,100
QUEBEC,SAINT HYACINTHE,Plaster & Gypsum Board,14,100,100,100
QUEBEC,SAINT HYACINTHE,Ceilings & Acoustic Treatment,15,100,100,100
QUEBEC,SAINT HYACINTHE,Flooring,16,100,100,100
QUEBEC,SAINT HYACINTHE,Wall Finishes & Painting/Coating,17,100,100,100
QUEBEC,SAINT HYACINTHE,FINISHES,13,100,100,100
QUEBEC,SAINT HYACINTHE,COVERS,02,100,100,100
QUEBEC,SAINT HYACINTHE,"FIRE SUPPRESSION, PLUMBING & HVAC",18,100,100,100
QUEBEC,SAINT HYACINTHE,"ELECTRICAL, COMMUNICATIONS & UTIL.",19,100,100,100
QUEBEC,SAINT HYACINTHE,WEIGHTED AVERAGE,31,100,100,100
NEW BRUNSWICK,SAINT JOHN,CONTRACTOR EQUIPMENT,01,100,100,100
NEW BRUNSWICK,SAINT JOHN,"SITE & INFRASTRUCTURE, DEMOLITION",03,100,100,100
NEW BRUNSWICK,SAINT JOHN,Concrete Forming & Accessories,05,100,100,100
NEW BRUNSWICK,SAINT JOHN,Concrete Reinforcing,06,100,100,100
NEW BRUNSWICK,SAINT JOHN,Cast-in-Place Concrete,07,100,100,100
NEW BRUNSWICK,SAINT JOHN,CONCRETE,04,100,100,100
NEW BRUNSWICK,SAINT JOHN,MASONRY,08,100,100,100
NEW BRUNSWICK,SAINT JOHN,METALS,09,100,100,100
NEW BRUNSWICK,SAINT JOHN,"WOOD, PLASTICS & COMPOSITES",10,100,100,100
NEW BRUNSWICK,SAINT JOHN,THERMAL & MOISTURE PROTECTION,11,100,100,100
NEW BRUNSWICK,SAINT JOHN,OPENINGS,12,100,100,100
NEW BRUNSWICK,SAINT JOHN,Plaster & Gypsum Board,14,100,100,100
NEW BRUNSWICK,SAINT JOHN,Ceilings & Acoustic Treatment,15,100,100,100
NEW BRUNSWICK,SAINT JOHN,Flooring,16,100,100,100
NEW BRUNSWICK,SAINT JOHN,Wall Finishes & Painting/Coating,17,100,100,100
NEW BRUNSWICK,SAINT JOHN,FINISHES,13,100,100,100
NEW BRUNSWICK,SAINT JOHN,COVERS,02,100,100,100
NEW BRUNSWICK,SAINT JOHN,"FIRE SUPPRESSION, PLUMBING & HVAC",18,100,100,100
NEW BRUNSWICK,SAINT JOHN,"ELECTRICAL, COMMUNICATIONS & UTIL.",19,100,100,100
NEW BRUNSWICK,SAINT JOHN,WEIGHTED AVERAGE,31,100,100,100
ONTARIO,SARNIA,CONTRACTOR EQUIPMENT,01,100,100,100
ONTARIO,SARNIA,"SITE & INFRASTRUCTURE, DEMOLITION",03,100,100,100
ONTARIO,SARNIA,Concrete Forming & Accessories,05,100,100,100
ONTARIO,SARNIA,Concrete Reinforcing,06,100,100,100
ONTARIO,SARNIA,Cast-in-Place Concrete,07,100,100,100
ONTARIO,SARNIA,CONCRETE,04,100,100,100
ONTARIO,SARNIA,MASONRY,08,100,100,100
ONTARIO,SARNIA,METALS,09,100,100,100
ONTARIO,SARNIA,"WOOD, PLASTICS & COMPOSITES",10,100,100,100
ONTARIO,SARNIA,THERMAL & MOISTURE PROTECTION,11,100,100,100
ONTARIO,SARNIA,OPENINGS,12,100,100,100
ONTARIO,SARNIA,Plaster & Gypsum Board,14,100,100,100
ONTARIO,SARNIA,Ceilings & Acoustic Treatment,15,100,100,100
ONTARIO,SARNIA,Flooring,16,100,100,100
ONTARIO,SARNIA,Wall Finishes & Painting/Coating,17,100,100,100
ONTARIO,SARNIA,FINISHES,13,100,100,100
ONTARIO,SARNIA,COVERS,02,100,100,100
ONTARIO,SARNIA,"FIRE SUPPRESSION, PLUMBING & HVAC",18,100,100,100
ONTARIO,SARNIA,"ELECTRICAL, COMMUNICATIONS & UTIL.",19,100,100,100
ONTARIO,SARNIA,WEIGHTED AVERAGE,31,100,100,100
SASKATCHEWAN,SASKATOON,CONTRACTOR EQUIPMENT,01,100,100,100
SASKATCHEWAN,SASKATOON,"SITE & INFRASTRUCTURE, DEMOLITION",03,100,100,100
SASKATCHEWAN,SASKATOON,Concrete Forming & Accessories,05,100,100,100
SASKATCHEWAN,SASKATOON,Concrete Reinforcing,06,100,100,100
SASKATCHEWAN,SASKATOON,Cast-in-Place Concrete,07,100,100,100
SASKATCHEWAN,SASKATOON,CONCRETE,04,100,100,100
SASKATCHEWAN,SASKATOON,MASONRY,08,100,100,100
SASKATCHEWAN,SASKATOON,METALS,09,100,100,100
SASKATCHEWAN,SASKATOON,"WOOD, PLASTICS & COMPOSITES",10,100,100,100
SASKATCHEWAN,SASKATOON,THERMAL & MOISTURE PROTECTION,11,100,100,100
SASKATCHEWAN,SASKATOON,OPENINGS,12,100,100,100
SASKATCHEWAN,SASKATOON,Plaster & Gypsum Board,14,100,100,100
SASKATCHEWAN,SASKATOON,Ceilings & Acoustic Treatment,15,100,100,100
SASKATCHEWAN,SASKATOON,Flooring,16,100,100,100
SASKATCHEWAN,SASKATOON,Wall Finishes & Painting/Coating,17,100,100,100
SASKATCHEWAN,SASKATOON,FINISHES,13,100,100,100
SASKATCHEWAN,SASKATOON,COVERS,02,100,100,100
SASKATCHEWAN,SASKATOON,"FIRE SUPPRESSION, PLUMBING & HVAC",18,100,100,100
SASKATCHEWAN,SASKATOON,"ELECTRICAL, COMMUNICATIONS & UTIL.",19,100,100,100
SASKATCHEWAN,SASKATOON,WEIGHTED AVERAGE,31,100,100,100
ONTARIO,SAULT STE MARIE,CONTRACTOR EQUIPMENT,01,100,100,100
ONTARIO,SAULT STE MARIE,"SITE & INFRASTRUCTURE, DEMOLITION",03,100,100,100
ONTARIO,SAULT STE MARIE,Concrete Forming & Accessories,05,100,100,100
ONTARIO,SAULT STE MARIE,Concrete Reinforcing,06,100,100,100
ONTARIO,SAULT STE MARIE,Cast-in-Place Concrete,07,100,100,100
ONTARIO,SAULT STE MARIE,CONCRETE,04,100,100,100
ONTARIO,SAULT STE MARIE,MASONRY,08,100,100,100
ONTARIO,SAULT STE MARIE,METALS,09,100,100,100
ONTARIO,SAULT STE MARIE,"WOOD, PLASTICS & COMPOSITES",10,100,100,100
ONTARIO,SAULT STE MARIE,THERMAL & MOISTURE PROTECTION,11,100,100,100
ONTARIO,SAULT STE MARIE,OPENINGS,12,100,100,100
ONTARIO,SAULT STE MARIE,Plaster & Gypsum Board,14,100,100,100
ONTARIO,SAULT STE MARIE,Ceilings & Acoustic Treatment,15,100,100,100
ONTARIO,SAULT STE MARIE,Flooring,16,100,100,100
ONTARIO,SAULT STE MARIE,Wall Finishes & Painting/Coating,17,100,100,100
ONTARIO,SAULT STE MARIE,FINISHES,13,100,100,100
ONTARIO,SAULT STE MARIE,COVERS,02,100,100,100
ONTARIO,SAULT STE MARIE,"FIRE SUPPRESSION, PLUMBING & HVAC",18,100,100,100
ONTARIO,SAULT STE MARIE,"ELECTRICAL, COMMUNICATIONS & UTIL.",19,100,100,100
ONTARIO,SAULT STE MARIE,WEIGHTED AVERAGE,31,100,100,100
QUEBEC,SHERBROOKE,CONTRACTOR EQUIPMENT,01,100,100,100
QUEBEC,SHERBROOKE,"SITE & INFRASTRUCTURE, DEMOLITION",03,100,100,100
QUEBEC,SHERBROOKE,Concrete Forming & Accessories,05,100,100,100
QUEBEC,SHERBROOKE,Concrete Reinforcing,06,100,100,100
QUEBEC,SHERBROOKE,Cast-in-Place Concrete,07,100,100,100
QUEBEC,SHERBROOKE,CONCRETE,04,100,100,100
QUEBEC,SHERBROOKE,MASONRY,08,100,100,100
QUEBEC,SHERBROOKE,METALS,09,100,100,100
QUEBEC,SHERBROOKE,"WOOD, PLASTICS & COMPOSITES",10,100,100,100
QUEBEC,SHERBROOKE,THERMAL & MOISTURE PROTECTION,11,100,100,100
QUEBEC,SHERBROOKE,OPENINGS,12,100,100,100
QUEBEC,SHERBROOKE,Plaster & Gypsum Board,14,100,100,100
QUEBEC,SHERBROOKE,Ceilings & Acoustic Treatment,15,100,100,100
QUEBEC,SHERBROOKE,Flooring,16,100,100,100
QUEBEC,SHERBROOKE,Wall Finishes & Painting/Coating,17,100,100,100
QUEBEC,SHERBROOKE,FINISHES,13,100,100,100
QUEBEC,SHERBROOKE,COVERS,02,100,100,100
QUEBEC,SHERBROOKE,"FIRE SUPPRESSION, PLUMBING & HVAC",18,100,100,100
QUEBEC,SHERBROOKE,"ELECTRICAL, COMMUNICATIONS & UTIL.",19,100,100,100
QUEBEC,SHERBROOKE,WEIGHTED AVERAGE,31,100,100,100
QUEBEC,SOREL,CONTRACTOR EQUIPMENT,01,100,100,100
QUEBEC,SOREL,"SITE & INFRASTRUCTURE, DEMOLITION",03,100,100,100
QUEBEC,SOREL,Concrete Forming & Accessories,05,100,100,100
QUEBEC,SOREL,Concrete Reinforcing,06,100,100,100
QUEBEC,SOREL,Cast-in-Place Concrete,07,100,100,100
QUEBEC,SOREL,CONCRETE,04,100,100,100
QUEBEC,SOREL,MASONRY,08,100,100,100
QUEBEC,SOREL,METALS,09,100,100,100
QUEBEC,SOREL,"WOOD, PLASTICS & COMPOSITES",10,100,100,100
QUEBEC,SOREL,THERMAL & MOISTURE PROTECTION,11,100,100,100
QUEBEC,SOREL,OPENINGS,12,100,100,100
QUEBEC,SOREL,Plaster & Gypsum Board,14,100,100,100
QUEBEC,SOREL,Ceilings & Acoustic Treatment,15,100,100,100
QUEBEC,SOREL,Flooring,16,100,100,100
QUEBEC,SOREL,Wall Finishes & Painting/Coating,17,100,100,100
QUEBEC,SOREL,FINISHES,13,100,100,100
QUEBEC,SOREL,COVERS,02,100,100,100
QUEBEC,SOREL,"FIRE SUPPRESSION, PLUMBING & HVAC",18,100,100,100
QUEBEC,SOREL,"ELECTRICAL, COMMUNICATIONS & UTIL.",19,100,100,100
QUEBEC,SOREL,WEIGHTED AVERAGE,31,100,100,100
ONTARIO,ST CATHARINES,CONTRACTOR EQUIPMENT,01,100,100,100
ONTARIO,ST CATHARINES,"SITE & INFRASTRUCTURE, DEMOLITION",03,100,100,100
ONTARIO,ST CATHARINES,Concrete Forming & Accessories,05,100,100,100
ONTARIO,ST CATHARINES,Concrete Reinforcing,06,100,100,100
ONTARIO,ST CATHARINES,Cast-in-Place Concrete,07,100,100,100
ONTARIO,ST CATHARINES,CONCRETE,04,100,100,100
ONTARIO,ST CATHARINES,MASONRY,08,100,100,100
ONTARIO,ST CATHARINES,METALS,09,100,100,100
ONTARIO,ST CATHARINES,"WOOD, PLASTICS & COMPOSITES",10,100,100,100
ONTARIO,ST CATHARINES,THERMAL & MOISTURE PROTECTION,11,100,100,100
ONTARIO,ST CATHARINES,OPENINGS,12,100,100,100
ONTARIO,ST CATHARINES,Plaster & Gypsum Board,14,100,100,100
ONTARIO,ST CATHARINES,Ceilings & Acoustic Treatment,15,100,100,100
ONTARIO,ST CATHARINES,Flooring,16,100,100,100
ONTARIO,ST CATHARINES,Wall Finishes & Painting/Coating,17,100,100,100
ONTARIO,ST CATHARINES,FINISHES,13,100,100,100
ONTARIO,ST CATHARINES,COVERS,02,100,100,100
ONTARIO,ST CATHARINES,"FIRE SUPPRESSION, PLUMBING & HVAC",18,100,100,100
ONTARIO,ST CATHARINES,"ELECTRICAL, COMMUNICATIONS & UTIL.",19,100,100,100
ONTARIO,ST CATHARINES,WEIGHTED AVERAGE,31,100,100,100
QUEBEC,ST JEROME,CONTRACTOR EQUIPMENT,01,100,100,100
QUEBEC,ST JEROME,"SITE & INFRASTRUCTURE, DEMOLITION",03,100,100,100
QUEBEC,ST JEROME,Concrete Forming & Accessories,05,100,100,100
QUEBEC,ST JEROME,Concrete Reinforcing,06,100,100,100
QUEBEC,ST JEROME,Cast-in-Place Concrete,07,100,100,100
QUEBEC,ST JEROME,CONCRETE,04,100,100,100
QUEBEC,ST JEROME,MASONRY,08,100,100,100
QUEBEC,ST JEROME,METALS,09,100,100,100
QUEBEC,ST JEROME,"WOOD, PLASTICS & COMPOSITES",10,100,100,100
QUEBEC,ST JEROME,THERMAL & MOISTURE PROTECTION,11,100,100,100
QUEBEC,ST JEROME,OPENINGS,12,100,100,100
QUEBEC,ST JEROME,Plaster & Gypsum Board,14,100,100,100
QUEBEC,ST JEROME,Ceilings & Acoustic Treatment,15,100,100,100
QUEBEC,ST JEROME,Flooring,16,100,100,100
QUEBEC,ST JEROME,Wall Finishes & Painting/Coating,17,100,100,100
QUEBEC,ST JEROME,FINISHES,13,100,100,100
QUEBEC,ST JEROME,COVERS,02,100,100,100
QUEBEC,ST JEROME,"FIRE SUPPRESSION, PLUMBING & HVAC",18,100,100,100
QUEBEC,ST JEROME,"ELECTRICAL, COMMUNICATIONS & UTIL.",19,100,100,100
QUEBEC,ST JEROME,WEIGHTED AVERAGE,31,100,100,100
NEWFOUNDLAND,ST JOHNS,CONTRACTOR EQUIPMENT,01,100,100,100
NEWFOUNDLAND,ST JOHNS,"SITE & INFRASTRUCTURE, DEMOLITION",03,100,100,100
NEWFOUNDLAND,ST JOHNS,Concrete Forming & Accessories,05,100,100,100
NEWFOUNDLAND,ST JOHNS,Concrete Reinforcing,06,100,100,100
NEWFOUNDLAND,ST JOHNS,Cast-in-Place Concrete,07,100,100,100
NEWFOUNDLAND,ST JOHNS,CONCRETE,04,100,100,100
NEWFOUNDLAND,ST JOHNS,MASONRY,08,100,100,100
NEWFOUNDLAND,ST JOHNS,METALS,09,100,100,100
NEWFOUNDLAND,ST JOHNS,"WOOD, PLASTICS & COMPOSITES",10,100,100,100
NEWFOUNDLAND,ST JOHNS,THERMAL & MOISTURE PROTECTION,11,100,100,100
NEWFOUNDLAND,ST JOHNS,OPENINGS,12,100,100,100
NEWFOUNDLAND,ST JOHNS,Plaster & Gypsum Board,14,100,100,100
NEWFOUNDLAND,ST JOHNS,Ceilings & Acoustic Treatment,15,100,100,100
NEWFOUNDLAND,ST JOHNS,Flooring,16,100,100,100
NEWFOUNDLAND,ST JOHNS,Wall Finishes & Painting/Coating,17,100,100,100
NEWFOUNDLAND,ST JOHNS,FINISHES,13,100,100,100
NEWFOUNDLAND,ST JOHNS,COVERS,02,100,100,100
NEWFOUNDLAND,ST JOHNS,"FIRE SUPPRESSION, PLUMBING & HVAC",18,100,100,100
NEWFOUNDLAND,ST JOHNS,"ELECTRICAL, COMMUNICATIONS & UTIL.",19,100,100,100
NEWFOUNDLAND,ST JOHNS,WEIGHTED AVERAGE,31,100,100,100
ONTARIO,SUDBURY,CONTRACTOR EQUIPMENT,01,100,100,100
ONTARIO,SUDBURY,"SITE & INFRASTRUCTURE, DEMOLITION",03,100,100,100
ONTARIO,SUDBURY,Concrete Forming & Accessories,05,100,100,100
ONTARIO,SUDBURY,Concrete Reinforcing,06,100,100,100
ONTARIO,SUDBURY,Cast-in-Place Concrete,07,100,100,100
ONTARIO,SUDBURY,CONCRETE,04,100,100,100
ONTARIO,SUDBURY,MASONRY,08,100,100,100
ONTARIO,SUDBURY,METALS,09,100,100,100
ONTARIO,SUDBURY,"WOOD, PLASTICS & COMPOSITES",10,100,100,100
ONTARIO,SUDBURY,THERMAL & MOISTURE PROTECTION,11,100,100,100
ONTARIO,SUDBURY,OPENINGS,12,100,100,100
ONTARIO,SUDBURY,Plaster & Gypsum Board,14,100,100,100
ONTARIO,SUDBURY,Ceilings & Acoustic Treatment,15,100,100,100
ONTARIO,SUDBURY,Flooring,16,100,100,100
ONTARIO,SUDBURY,Wall Finishes & Painting/Coating,17,100,100,100
ONTARIO,SUDBURY,FINISHES,13,100,100,100
ONTARIO,SUDBURY,COVERS,02,100,100,100
ONTARIO,SUDBURY,"FIRE SUPPRESSION, PLUMBING & HVAC",18,100,100,100
ONTARIO,SUDBURY,"ELECTRICAL, COMMUNICATIONS & UTIL.",19,100,100,100
ONTARIO,SUDBURY,WEIGHTED AVERAGE,31,100,100,100
PRINCE EDWARD ISLAND,SUMMERSIDE,CONTRACTOR EQUIPMENT,01,100,100,100
PRINCE EDWARD ISLAND,SUMMERSIDE,"SITE & INFRASTRUCTURE, DEMOLITION",03,100,100,100
PRINCE EDWARD ISLAND,SUMMERSIDE,Concrete Forming & Accessories,05,100,100,100
PRINCE EDWARD ISLAND,SUMMERSIDE,Concrete Reinforcing,06,100,100,100
PRINCE EDWARD ISLAND,SUMMERSIDE,Cast-in-Place Concrete,07,100,100,100
PRINCE EDWARD ISLAND,SUMMERSIDE,CONCRETE,04,100,100,100
PRINCE EDWARD ISLAND,SUMMERSIDE,MASONRY,08,100,100,100
PRINCE EDWARD ISLAND,SUMMERSIDE,METALS,09,100,100,100
PRINCE EDWARD ISLAND,SUMMERSIDE,"WOOD, PLASTICS & COMPOSITES",10,100,100,100
PRINCE EDWARD ISLAND,SUMMERSIDE,THERMAL & MOISTURE PROTECTION,11,100,100,100
PRINCE EDWARD ISLAND,SUMMERSIDE,OPENINGS,12,100,100,100
PRINCE EDWARD ISLAND,SUMMERSIDE,Plaster & Gypsum Board,14,100,100,100
PRINCE EDWARD ISLAND,SUMMERSIDE,Ceilings & Acoustic Treatment,15,100,100,100
PRINCE EDWARD ISLAND,SUMMERSIDE,Flooring,16,100,100,100
PRINCE EDWARD ISLAND,SUMMERSIDE,Wall Finishes & Painting/Coating,17,100,100,100
PRINCE EDWARD ISLAND,SUMMERSIDE,FINISHES,13,100,100,100
PRINCE EDWARD ISLAND,SUMMERSIDE,COVERS,02,100,100,100
PRINCE EDWARD ISLAND,SUMMERSIDE,"FIRE SUPPRESSION, PLUMBING & HVAC",18,100,100,100
PRINCE EDWARD ISLAND,SUMMERSIDE,"ELECTRICAL, COMMUNICATIONS & UTIL.",19,100,100,100
PRINCE EDWARD ISLAND,SUMMERSIDE,WEIGHTED AVERAGE,31,100,100,100
NOVA SCOTIA,SYDNEY,CONTRACTOR EQUIPMENT,01,100,100,100
NOVA SCOTIA,SYDNEY,"SITE & INFRASTRUCTURE, DEMOLITION",03,100,100,100
NOVA SCOTIA,SYDNEY,Concrete Forming & Accessories,05,100,100,100
NOVA SCOTIA,SYDNEY,Concrete Reinforcing,06,100,100,100
NOVA SCOTIA,SYDNEY,Cast-in-Place Concrete,07,100,100,100
NOVA SCOTIA,SYDNEY,CONCRETE,04,100,100,100
NOVA SCOTIA,SYDNEY,MASONRY,08,100,100,100
NOVA SCOTIA,SYDNEY,METALS,09,100,100,100
NOVA SCOTIA,SYDNEY,"WOOD, PLASTICS & COMPOSITES",10,100,100,100
NOVA SCOTIA,SYDNEY,THERMAL & MOISTURE PROTECTION,11,100,100,100
NOVA SCOTIA,SYDNEY,OPENINGS,12,100,100,100
NOVA SCOTIA,SYDNEY,Plaster & Gypsum Board,14,100,100,100
NOVA SCOTIA,SYDNEY,Ceilings & Acoustic Treatment,15,100,100,100
NOVA SCOTIA,SYDNEY,Flooring,16,100,100,100
NOVA SCOTIA,SYDNEY,Wall Finishes & Painting/Coating,17,100,100,100
NOVA SCOTIA,SYDNEY,FINISHES,13,100,100,100
NOVA SCOTIA,SYDNEY,COVERS,02,100,100,100
NOVA SCOTIA,SYDNEY,"FIRE SUPPRESSION, PLUMBING & HVAC",18,100,100,100
NOVA SCOTIA,SYDNEY,"ELECTRICAL, COMMUNICATIONS & UTIL.",19,100,100,100
NOVA SCOTIA,SYDNEY,WEIGHTED AVERAGE,31,100,100,100
ONTARIO,THUNDER BAY,CONTRACTOR EQUIPMENT,01,100,100,100
ONTARIO,THUNDER BAY,"SITE & INFRASTRUCTURE, DEMOLITION",03,100,100,100
ONTARIO,THUNDER BAY,Concrete Forming & Accessories,05,100,100,100
ONTARIO,THUNDER BAY,Concrete Reinforcing,06,100,100,100
ONTARIO,THUNDER BAY,Cast-in-Place Concrete,07,100,100,100
ONTARIO,THUNDER BAY,CONCRETE,04,100,100,100
ONTARIO,THUNDER BAY,MASONRY,08,100,100,100
ONTARIO,THUNDER BAY,METALS,09,100,100,100
ONTARIO,THUNDER BAY,"WOOD, PLASTICS & COMPOSITES",10,100,100,100
ONTARIO,THUNDER BAY,THERMAL & MOISTURE PROTECTION,11,100,100,100
ONTARIO,THUNDER BAY,OPENINGS,12,100,100,100
ONTARIO,THUNDER BAY,Plaster & Gypsum Board,14,100,100,100
ONTARIO,THUNDER BAY,Ceilings & Acoustic Treatment,15,100,100,100
ONTARIO,THUNDER BAY,Flooring,16,100,100,100
ONTARIO,THUNDER BAY,Wall Finishes & Painting/Coating,17,100,100,100
ONTARIO,THUNDER BAY,FINISHES,13,100,100,100
ONTARIO,THUNDER BAY,COVERS,02,100,100,100
ONTARIO,THUNDER BAY,"FIRE SUPPRESSION, PLUMBING & HVAC",18,100,100,100
ONTARIO,THUNDER BAY,"ELECTRICAL, COMMUNICATIONS & UTIL.",19,100,100,100
ONTARIO,THUNDER BAY,WEIGHTED AVERAGE,31,100,100,100
ONTARIO,TIMMINS,CONTRACTOR EQUIPMENT,01,100,100,100
ONTARIO,TIMMINS,"SITE & INFRASTRUCTURE, DEMOLITION",03,100,100,100
ONTARIO,TIMMINS,Concrete Forming & Accessories,05,100,100,100
ONTARIO,TIMMINS,Concrete Reinforcing,06,100,100,100
ONTARIO,TIMMINS,Cast-in-Place Concrete,07,100,100,100
ONTARIO,TIMMINS,CONCRETE,04,100,100,100
ONTARIO,TIMMINS,MASONRY,08,100,100,100
ONTARIO,TIMMINS,METALS,09,100,100,100
ONTARIO,TIMMINS,"WOOD, PLASTICS & COMPOSITES",10,100,100,100
ONTARIO,TIMMINS,THERMAL & MOISTURE PROTECTION,11,100,100,100
ONTARIO,TIMMINS,OPENINGS,12,100,100,100
ONTARIO,TIMMINS,Plaster & Gypsum Board,14,100,100,100
ONTARIO,TIMMINS,Ceilings & Acoustic Treatment,15,100,100,100
ONTARIO,TIMMINS,Flooring,16,100,100,100
ONTARIO,TIMMINS,Wall Finishes & Painting/Coating,17,100,100,100
ONTARIO,TIMMINS,FINISHES,13,100,100,100
ONTARIO,TIMMINS,COVERS,02,100,100,100
ONTARIO,TIMMINS,"FIRE SUPPRESSION, PLUMBING & HVAC",18,100,100,100
ONTARIO,TIMMINS,"ELECTRICAL, COMMUNICATIONS & UTIL.",19,100,100,100
ONTARIO,TIMMINS,WEIGHTED AVERAGE,31,100,100,100
ONTARIO,TORONTO,CONTRACTOR EQUIPMENT,01,100,100,100
ONTARIO,TORONTO,"SITE & INFRASTRUCTURE, DEMOLITION",03,100,100,100
ONTARIO,TORONTO,Concrete Forming & Accessories,05,100,100,100
ONTARIO,TORONTO,Concrete Reinforcing,06,100,100,100
ONTARIO,TORONTO,Cast-in-Place Concrete,07,100,100,100
ONTARIO,TORONTO,CONCRETE,04,100,100,100
ONTARIO,TORONTO,MASONRY,08,100,100,100
ONTARIO,TORONTO,METALS,09,100,100,100
ONTARIO,TORONTO,"WOOD, PLASTICS & COMPOSITES",10,100,100,100
ONTARIO,TORONTO,THERMAL & MOISTURE PROTECTION,11,100,100,100
ONTARIO,TORONTO,OPENINGS,12,100,100,100
ONTARIO,TORONTO,Plaster & Gypsum Board,14,100,100,100
ONTARIO,TORONTO,Ceilings & Acoustic Treatment,15,100,100,100
ONTARIO,TORONTO,Flooring,16,100,100,100
ONTARIO,TORONTO,Wall Finishes & Painting/Coating,17,100,100,100
ONTARIO,TORONTO,FINISHES,13,100,100,100
ONTARIO,TORONTO,COVERS,02,100,100,100
ONTARIO,TORONTO,"FIRE SUPPRESSION, PLUMBING & HVAC",18,100,100,100
ONTARIO,TORONTO,"ELECTRICAL, COMMUNICATIONS & UTIL.",19,100,100,100
ONTARIO,TORONTO,WEIGHTED AVERAGE,31,100,100,100
QUEBEC,TROIS RIVIERES,CONTRACTOR EQUIPMENT,01,100,100,100
QUEBEC,TROIS RIVIERES,"SITE & INFRASTRUCTURE, DEMOLITION",03,100,100,100
QUEBEC,TROIS RIVIERES,Concrete Forming & Accessories,05,100,100,100
QUEBEC,TROIS RIVIERES,Concrete Reinforcing,06,100,100,100
QUEBEC,TROIS RIVIERES,Cast-in-Place Concrete,07,100,100,100
QUEBEC,TROIS RIVIERES,CONCRETE,04,100,100,100
QUEBEC,TROIS RIVIERES,MASONRY,08,100,100,100
QUEBEC,TROIS RIVIERES,METALS,09,100,100,100
QUEBEC,TROIS RIVIERES,"WOOD, PLASTICS & COMPOSITES",10,100,100,100
QUEBEC,TROIS RIVIERES,THERMAL & MOISTURE PROTECTION,11,100,100,100
QUEBEC,TROIS RIVIERES,OPENINGS,12,100,100,100
QUEBEC,TROIS RIVIERES,Plaster & Gypsum Board,14,100,100,100
QUEBEC,TROIS RIVIERES,Ceilings & Acoustic Treatment,15,100,100,100
QUEBEC,TROIS RIVIERES,Flooring,16,100,100,100
QUEBEC,TROIS RIVIERES,Wall Finishes & Painting/Coating,17,100,100,100
QUEBEC,TROIS RIVIERES,FINISHES,13,100,100,100
QUEBEC,TROIS RIVIERES,COVERS,02,100,100,100
QUEBEC,TROIS RIVIERES,"FIRE SUPPRESSION, PLUMBING & HVAC",18,100,100,100
QUEBEC,TROIS RIVIERES,"ELECTRICAL, COMMUNICATIONS & UTIL.",19,100,100,100
QUEBEC,TROIS RIVIERES,WEIGHTED AVERAGE,31,100,100,100
NOVA SCOTIA,TRURO,CONTRACTOR EQUIPMENT,01,100,100,100
NOVA SCOTIA,TRURO,"SITE & INFRASTRUCTURE, DEMOLITION",03,100,100,100
NOVA SCOTIA,TRURO,Concrete Forming & Accessories,05,100,100,100
NOVA SCOTIA,TRURO,Concrete Reinforcing,06,100,100,100
NOVA SCOTIA,TRURO,Cast-in-Place Concrete,07,100,100,100
NOVA SCOTIA,TRURO,CONCRETE,04,100,100,100
NOVA SCOTIA,TRURO,MASONRY,08,100,100,100
NOVA SCOTIA,TRURO,METALS,09,100,100,100
NOVA SCOTIA,TRURO,"WOOD, PLASTICS & COMPOSITES",10,100,100,100
NOVA SCOTIA,TRURO,THERMAL & MOISTURE PROTECTION,11,100,100,100
NOVA SCOTIA,TRURO,OPENINGS,12,100,100,100
NOVA SCOTIA,TRURO,Plaster & Gypsum Board,14,100,100,100
NOVA SCOTIA,TRURO,Ceilings & Acoustic Treatment,15,100,100,100
NOVA SCOTIA,TRURO,Flooring,16,100,100,100
NOVA SCOTIA,TRURO,Wall Finishes & Painting/Coating,17,100,100,100
NOVA SCOTIA,TRURO,FINISHES,13,100,100,100
NOVA SCOTIA,TRURO,COVERS,02,100,100,100
NOVA SCOTIA,TRURO,"FIRE SUPPRESSION, PLUMBING & HVAC",18,100,100,100
NOVA SCOTIA,TRURO,"ELECTRICAL, COMMUNICATIONS & UTIL.",19,100,100,100
NOVA SCOTIA,TRURO,WEIGHTED AVERAGE,31,100,100,100
BRITISH COLUMBIA,VANCOUVER,CONTRACTOR EQUIPMENT,01,100,100,100
BRITISH COLUMBIA,VANCOUVER,"SITE & INFRASTRUCTURE, DEMOLITION",03,100,100,100
BRITISH COLUMBIA,VANCOUVER,Concrete Forming & Accessories,05,100,100,100
BRITISH COLUMBIA,VANCOUVER,Concrete Reinforcing,06,100,100,100
BRITISH COLUMBIA,VANCOUVER,Cast-in-Place Concrete,07,100,100,100
BRITISH COLUMBIA,VANCOUVER,CONCRETE,04,100,100,100
BRITISH COLUMBIA,VANCOUVER,MASONRY,08,100,100,100
BRITISH COLUMBIA,VANCOUVER,METALS,09,100,100,100
BRITISH COLUMBIA,VANCOUVER,"WOOD, PLASTICS & COMPOSITES",10,100,100,100
BRITISH COLUMBIA,VANCOUVER,THERMAL & MOISTURE PROTECTION,11,100,100,100
BRITISH COLUMBIA,VANCOUVER,OPENINGS,12,100,100,100
BRITISH COLUMBIA,VANCOUVER,Plaster & Gypsum Board,14,100,100,100
BRITISH COLUMBIA,VANCOUVER,Ceilings & Acoustic Treatment,15,100,100,100
BRITISH COLUMBIA,VANCOUVER,Flooring,16,100,100,100
BRITISH COLUMBIA,VANCOUVER,Wall Finishes & Painting/Coating,17,100,100,100
BRITISH COLUMBIA,VANCOUVER,FINISHES,13,100,100,100
BRITISH COLUMBIA,VANCOUVER,COVERS,02,100,100,100
BRITISH COLUMBIA,VANCOUVER,"FIRE SUPPRESSION, PLUMBING & HVAC",18,100,100,100
BRITISH COLUMBIA,VANCOUVER,"ELECTRICAL, COMMUNICATIONS & UTIL.",19,100,100,100
BRITISH COLUMBIA,VANCOUVER,WEIGHTED AVERAGE,31,100,100,100
BRITISH COLUMBIA,VICTORIA,CONTRACTOR EQUIPMENT,01,100,100,100
BRITISH COLUMBIA,VICTORIA,"SITE & INFRASTRUCTURE, DEMOLITION",03,100,100,100
BRITISH COLUMBIA,VICTORIA,Concrete Forming & Accessories,05,100,100,100
BRITISH COLUMBIA,VICTORIA,Concrete Reinforcing,06,100,100,100
BRITISH COLUMBIA,VICTORIA,Cast-in-Place Concrete,07,100,100,100
BRITISH COLUMBIA,VICTORIA,CONCRETE,04,100,100,100
BRITISH COLUMBIA,VICTORIA,MASONRY,08,100,100,100
BRITISH COLUMBIA,VICTORIA,METALS,09,100,100,100
BRITISH COLUMBIA,VICTORIA,"WOOD, PLASTICS & COMPOSITES",10,100,100,100
BRITISH COLUMBIA,VICTORIA,THERMAL & MOISTURE PROTECTION,11,100,100,100
BRITISH COLUMBIA,VICTORIA,OPENINGS,12,100,100,100
BRITISH COLUMBIA,VICTORIA,Plaster & Gypsum Board,14,100,100,100
BRITISH COLUMBIA,VICTORIA,Ceilings & Acoustic Treatment,15,100,100,100
BRITISH COLUMBIA,VICTORIA,Flooring,16,100,100,100
BRITISH COLUMBIA,VICTORIA,Wall Finishes & Painting/Coating,17,100,100,100
BRITISH COLUMBIA,VICTORIA,FINISHES,13,100,100,100
BRITISH COLUMBIA,VICTORIA,COVERS,02,100,100,100
BRITISH COLUMBIA,VICTORIA,"FIRE SUPPRESSION, PLUMBING & HVAC",18,100,100,100
BRITISH COLUMBIA,VICTORIA,"ELECTRICAL, COMMUNICATIONS & UTIL.",19,100,100,100
BRITISH COLUMBIA,VICTORIA,WEIGHTED AVERAGE,31,100,100,100
YUKON,WHITEHORSE,CONTRACTOR EQUIPMENT,01,100,100,100
YUKON,WHITEHORSE,"SITE & INFRASTRUCTURE, DEMOLITION",03,100,100,100
YUKON,WHITEHORSE,Concrete Forming & Accessories,05,100,100,100
YUKON,WHITEHORSE,Concrete Reinforcing,06,100,100,100
YUKON,WHITEHORSE,Cast-in-Place Concrete,07,100,100,100
YUKON,WHITEHORSE,CONCRETE,04,100,100,100
YUKON,WHITEHORSE,MASONRY,08,100,100,100
YUKON,WHITEHORSE,METALS,09,100,100,100
YUKON,WHITEHORSE,"WOOD, PLASTICS & COMPOSITES",10,100,100,100
YUKON,WHITEHORSE,THERMAL & MOISTURE PROTECTION,11,100,100,100
YUKON,WHITEHORSE,OPENINGS,12,100,100,100
YUKON,WHITEHORSE,Plaster & Gypsum Board,14,100,100,100
YUKON,WHITEHORSE,Ceilings & Acoustic Treatment,15,100,100,100
YUKON,WHITEHORSE,Flooring,16,100,100,100
YUKON,WHITEHORSE,Wall Finishes & Painting/Coating,17,100,100,100
YUKON,WHITEHORSE,FINISHES,13,100,100,100
YUKON,WHITEHORSE,COVERS,02,100,100,100
YUKON,WHITEHORSE,"FIRE SUPPRESSION, PLUMBING & HVAC",18,100,100,100
YUKON,WHITEHORSE,"ELECTRICAL, COMMUNICATIONS & UTIL.",19,100,100,100
YUKON,WHITEHORSE,WEIGHTED AVERAGE,31,100,100,100
ONTARIO,WINDSOR,CONTRACTOR EQUIPMENT,01,100,100,100
ONTARIO,WINDSOR,"SITE & INFRASTRUCTURE, DEMOLITION",03,100,100,100
ONTARIO,WINDSOR,Concrete Forming & Accessories,05,100,100,100
ONTARIO,WINDSOR,Concrete Reinforcing,06,100,100,100
ONTARIO,WINDSOR,Cast-in-Place Concrete,07,100,100,100
ONTARIO,WINDSOR,CONCRETE,04,100,100,100
ONTARIO,WINDSOR,MASONRY,08,100,100,100
ONTARIO,WINDSOR,METALS,09,100,100,100
ONTARIO,WINDSOR,"WOOD, PLASTICS & COMPOSITES",10,100,100,100
ONTARIO,WINDSOR,THERMAL & MOISTURE PROTECTION,11,100,100,100
ONTARIO,WINDSOR,OPENINGS,12,100,100,100
ONTARIO,WINDSOR,Plaster & Gypsum Board,14,100,100,100
ONTARIO,WINDSOR,Ceilings & Acoustic Treatment,15,100,100,100
ONTARIO,WINDSOR,Flooring,16,100,100,100
ONTARIO,WINDSOR,Wall Finishes & Painting/Coating,17,100,100,100
ONTARIO,WINDSOR,FINISHES,13,100,100,100
ONTARIO,WINDSOR,COVERS,02,100,100,100
ONTARIO,WINDSOR,"FIRE SUPPRESSION, PLUMBING & HVAC",18,100,100,100
ONTARIO,WINDSOR,"ELECTRICAL, COMMUNICATIONS & UTIL.",19,100,100,100
ONTARIO,WINDSOR,WEIGHTED AVERAGE,31,100,100,100
MANITOBA,WINNIPEG,CONTRACTOR EQUIPMENT,01,100,100,100
MANITOBA,WINNIPEG,"SITE & INFRASTRUCTURE, DEMOLITION",03,100,100,100
MANITOBA,WINNIPEG,Concrete Forming & Accessories,05,100,100,100
MANITOBA,WINNIPEG,Concrete Reinforcing,06,100,100,100
MANITOBA,WINNIPEG,Cast-in-Place Concrete,07,100,100,100
MANITOBA,WINNIPEG,CONCRETE,04,100,100,100
MANITOBA,WINNIPEG,MASONRY,08,100,100,100
MANITOBA,WINNIPEG,METALS,09,100,100,100
MANITOBA,WINNIPEG,"WOOD, PLASTICS & COMPOSITES",10,100,100,100
MANITOBA,WINNIPEG,THERMAL & MOISTURE PROTECTION,11,100,100,100
MANITOBA,WINNIPEG,OPENINGS,12,100,100,100
MANITOBA,WINNIPEG,Plaster & Gypsum Board,14,100,100,100
MANITOBA,WINNIPEG,Ceilings & Acoustic Treatment,15,100,100,100
MANITOBA,WINNIPEG,Flooring,16,100,100,100
MANITOBA,WINNIPEG,Wall Finishes & Painting/Coating,17,100,100,100
MANITOBA,WINNIPEG,FINISHES,13,100,100,100
MANITOBA,WINNIPEG,COVERS,02,100,100,100
MANITOBA,WINNIPEG,"FIRE SUPPRESSION, PLUMBING & HVAC",18,100,100,100
MANITOBA,WINNIPEG,"ELECTRICAL, COMMUNICATIONS & UTIL.",19,100,100,100
MANITOBA,WINNIPEG,WEIGHTED AVERAGE,31,100,100,100
NOVA SCOTIA,YARMOUTH,CONTRACTOR EQUIPMENT,01,100,100,100
NOVA SCOTIA,YARMOUTH,"SITE & INFRASTRUCTURE, DEMOLITION",03,100,100,100
NOVA SCOTIA,YARMOUTH,Concrete Forming & Accessories,05,100,100,100
NOVA SCOTIA,YARMOUTH,Concrete Reinforcing,06,100,100,100
NOVA SCOTIA,YARMOUTH,Cast-in-Place Concrete,07,100,100,100
NOVA SCOTIA,YARMOUTH,CONCRETE,04,100,100,100
NOVA SCOTIA,YARMOUTH,MASONRY,08,100,100,100
NOVA SCOTIA,YARMOUTH,METALS,09,100,100,100
NOVA SCOTIA,YARMOUTH,"WOOD, PLASTICS & COMPOSITES",10,100,100,100
NOVA SCOTIA,YARMOUTH,THERMAL & MOISTURE PROTECTION,11,100,100,100
NOVA SCOTIA,YARMOUTH,OPENINGS,12,100,100,100
NOVA SCOTIA,YARMOUTH,Plaster & Gypsum Board,14,100,100,100
NOVA SCOTIA,YARMOUTH,Ceilings & Acoustic Treatment,15,100,100,100
NOVA SCOTIA,YARMOUTH,Flooring,16,100,100,100
NOVA SCOTIA,YARMOUTH,Wall Finishes & Painting/Coating,17,100,100,100
NOVA SCOTIA,YARMOUTH,FINISHES,13,100,100,100
NOVA SCOTIA,YARMOUTH,COVERS,02,100,100,100
NOVA SCOTIA,YARMOUTH,"FIRE SUPPRESSION, PLUMBING & HVAC",18,100,100,100
NOVA SCOTIA,YARMOUTH,"ELECTRICAL, COMMUNICATIONS & UTIL.",19,100,100,100
NOVA SCOTIA,YARMOUTH,WEIGHTED AVERAGE,31,100,100,100
NWT,YELLOWKNIFE,CONTRACTOR EQUIPMENT,01,100,100,100
NWT,YELLOWKNIFE,"SITE & INFRASTRUCTURE, DEMOLITION",03,100,100,100
NWT,YELLOWKNIFE,Concrete Forming & Accessories,05,100,100,100
NWT,YELLOWKNIFE,Concrete Reinforcing,06,100,100,100
NWT,YELLOWKNIFE,Cast-in-Place Concrete,07,100,100,100
NWT,YELLOWKNIFE,CONCRETE,04,100,100,100
NWT,YELLOWKNIFE,MASONRY,08,100,100,100
NWT,YELLOWKNIFE,METALS,09,100,100,100
NWT,YELLOWKNIFE,"WOOD, PLASTICS & COMPOSITES",10,100,100,100
NWT,YELLOWKNIFE,THERMAL & MOISTURE PROTECTION,11,100,100,100
NWT,YELLOWKNIFE,OPENINGS,12,100,100,100
NWT,YELLOWKNIFE,Plaster & Gypsum Board,14,100,100,100
NWT,YELLOWKNIFE,Ceilings & Acoustic Treatment,15,100,100,100
NWT,YELLOWKNIFE,Flooring,16,100,100,100
NWT,YELLOWKNIFE,Wall Finishes & Painting/Coating,17,100,100,100
NWT,YELLOWKNIFE,FINISHES,13,100,100,100
NWT,YELLOWKNIFE,COVERS,02,100,100,100
NWT,YELLOWKNIFE,"FIRE SUPPRESSION, PLUMBING & HVAC",18,100,100,100
NWT,YELLOWKNIFE,"ELECTRICAL, COMMUNICATIONS & UTIL.",19,100,100,100
NWT,YELLOWKNIFE,WEIGHTED AVERAGE,31,100,100,100
NATIONAL,NATIONAL,CONTRACTOR EQUIPMENT,01,100,100,100
NATIONAL,NATIONAL,"SITE & INFRASTRUCTURE, DEMOLITION",03,100,100,100
NATIONAL,NATIONAL,Concrete Forming & Accessories,05,100,100,100
NATIONAL,NATIONAL,Concrete Reinforcing,06,100,100,100
NATIONAL,NATIONAL,Cast-in-Place Concrete,07,100,100,100
NATIONAL,NATIONAL,CONCRETE,04,100,100,100
NATIONAL,NATIONAL,MASONRY,08,100,100,100
NATIONAL,NATIONAL,METALS,09,100,100,100
NATIONAL,NATIONAL,"WOOD, PLASTICS & COMPOSITES",10,100,100,100
NATIONAL,NATIONAL,THERMAL & MOISTURE PROTECTION ,11,100,100,100
NATIONAL,NATIONAL,OPENINGS,12,100,100,100
NATIONAL,NATIONAL,Plaster & Gypsum Board,14,100,100,100
NATIONAL,NATIONAL,Ceilings & Acoustic Treatment,15,100,100,100
NATIONAL,NATIONAL,Flooring,16,100,100,100
NATIONAL,NATIONAL,Wall Finishes & Painting/Coating,17,100,100,100
NATIONAL,NATIONAL,FINISHES,13,100,100,100
NATIONAL,NATIONAL,COVERS,02,100,100,100
NATIONAL,NATIONAL,"FIRE SUPPRESSION, PLUMBING & HVAC",18,100,100,100
NATIONAL,NATIONAL,"ELECTRICAL, COMMUNICATIONS & UTIL.",19,100,100,100
NATIONAL,NATIONAL,WEIGHTED AVERAGE,31,100,100,100
ONTARIO,BARRIE,Substructure,20,100,100,100
ONTARIO,BARRIE,Shell: Superstructure,22,100,100,100
ONTARIO,BARRIE,Exterior Closure,23,100,100,100
ONTARIO,BARRIE,Roofing,24,100,100,100
ONTARIO,BARRIE,Interior Construction,25,100,100,100
ONTARIO,BARRIE,Services: Conveying,26,100,100,100
ONTARIO,BARRIE,Mechanical,27,100,100,100
ONTARIO,BARRIE,Electrical,28,100,100,100
ONTARIO,BARRIE,Equipment & Furnishings,29,100,100,100
ONTARIO,BARRIE,Site Work,30,100,100,100
ONTARIO,BARRIE,Weighted Average,21,100,100,100
MANITOBA,BRANDON,Substructure,20,100,100,100
MANITOBA,BRANDON,Shell: Superstructure,22,100,100,100
MANITOBA,BRANDON,Exterior Closure,23,100,100,100
MANITOBA,BRANDON,Roofing,24,100,100,100
MANITOBA,BRANDON,Interior Construction,25,100,100,100
MANITOBA,BRANDON,Services: Conveying,26,100,100,100
MANITOBA,BRANDON,Mechanical,27,100,100,100
MANITOBA,BRANDON,Electrical,28,100,100,100
MANITOBA,BRANDON,Equipment & Furnishings,29,100,100,100
MANITOBA,BRANDON,Site Work,30,100,100,100
MANITOBA,BRANDON,Weighted Average,21,100,100,100
PRINCE EDWARD ISLAND,CHARLOTTETOWN,Substructure,20,100,100,100
PRINCE EDWARD ISLAND,CHARLOTTETOWN,Shell: Superstructure,22,100,100,100
PRINCE EDWARD ISLAND,CHARLOTTETOWN,Exterior Closure,23,100,100,100
PRINCE EDWARD ISLAND,CHARLOTTETOWN,Roofing,24,100,100,100
PRINCE EDWARD ISLAND,CHARLOTTETOWN,Interior Construction,25,100,100,100
PRINCE EDWARD ISLAND,CHARLOTTETOWN,Services: Conveying,26,100,100,100
PRINCE EDWARD ISLAND,CHARLOTTETOWN,Mechanical,27,100,100,100
PRINCE EDWARD ISLAND,CHARLOTTETOWN,Electrical,28,100,100,100
PRINCE EDWARD ISLAND,CHARLOTTETOWN,Equipment & Furnishings,29,100,100,100
PRINCE EDWARD ISLAND,CHARLOTTETOWN,Site Work,30,100,100,100
PRINCE EDWARD ISLAND,CHARLOTTETOWN,Weighted Average,21,100,100,100
ALBERTA,EDMONTON,Substructure,20,100,100,100
ALBERTA,EDMONTON,Shell: Superstructure,22,100,100,100
ALBERTA,EDMONTON,Exterior Closure,23,100,100,100
ALBERTA,EDMONTON,Roofing,24,100,100,100
ALBERTA,EDMONTON,Interior Construction,25,100,100,100
ALBERTA,EDMONTON,Services: Conveying,26,100,100,100
ALBERTA,EDMONTON,Mechanical,27,100,100,100
ALBERTA,EDMONTON,Electrical,28,100,100,100
ALBERTA,EDMONTON,Equipment & Furnishings,29,100,100,100
ALBERTA,EDMONTON,Site Work,30,100,100,100
ALBERTA,EDMONTON,Weighted Average,21,100,100,100
ONTARIO,HAMILTON,Substructure,20,100,100,100
ONTARIO,HAMILTON,Shell: Superstructure,22,100,100,100
ONTARIO,HAMILTON,Exterior Closure,23,100,100,100
ONTARIO,HAMILTON,Roofing,24,100,100,100
ONTARIO,HAMILTON,Interior Construction,25,100,100,100
ONTARIO,HAMILTON,Services: Conveying,26,100,100,100
ONTARIO,HAMILTON,Mechanical,27,100,100,100
ONTARIO,HAMILTON,Electrical,28,100,100,100
ONTARIO,HAMILTON,Equipment & Furnishings,29,100,100,100
ONTARIO,HAMILTON,Site Work,30,100,100,100
ONTARIO,HAMILTON,Weighted Average,21,100,100,100
QUEBEC,LAVAL,Substructure,20,100,100,100
QUEBEC,LAVAL,Shell: Superstructure,22,100,100,100
QUEBEC,LAVAL,Exterior Closure,23,100,100,100
QUEBEC,LAVAL,Roofing,24,100,100,100
QUEBEC,LAVAL,Interior Construction,25,100,100,100
QUEBEC,LAVAL,Services: Conveying,26,100,100,100
QUEBEC,LAVAL,Mechanical,27,100,100,100
QUEBEC,LAVAL,Electrical,28,100,100,100
QUEBEC,LAVAL,Equipment & Furnishings,29,100,100,100
QUEBEC,LAVAL,Site Work,30,100,100,100
QUEBEC,LAVAL,Weighted Average,21,100,100,100
QUEBEC,MONTREAL,Substructure,20,100,100,100
QUEBEC,MONTREAL,Shell: Superstructure,22,100,100,100
QUEBEC,MONTREAL,Exterior Closure,23,100,100,100
QUEBEC,MONTREAL,Roofing,24,100,100,100
QUEBEC,MONTREAL,Interior Construction,25,100,100,100
QUEBEC,MONTREAL,Services: Conveying,26,100,100,100
QUEBEC,MONTREAL,Mechanical,27,100,100,100
QUEBEC,MONTREAL,Electrical,28,100,100,100
QUEBEC,MONTREAL,Equipment & Furnishings,29,100,100,100
QUEBEC,MONTREAL,Site Work,30,100,100,100
QUEBEC,MONTREAL,Weighted Average,21,100,100,100
ONTARIO,OTTAWA,Substructure,20,100,100,100
ONTARIO,OTTAWA,Shell: Superstructure,22,100,100,100
ONTARIO,OTTAWA,Exterior Closure,23,100,100,100
ONTARIO,OTTAWA,Roofing,24,100,100,100
ONTARIO,OTTAWA,Interior Construction,25,100,100,100
ONTARIO,OTTAWA,Services: Conveying,26,100,100,100
ONTARIO,OTTAWA,Mechanical,27,100,100,100
ONTARIO,OTTAWA,Electrical,28,100,100,100
ONTARIO,OTTAWA,Equipment & Furnishings,29,100,100,100
ONTARIO,OTTAWA,Site Work,30,100,100,100
ONTARIO,OTTAWA,Weighted Average,21,100,100,100
QUEBEC,QUEBEC,Substructure,20,100,100,100
QUEBEC,QUEBEC,Shell: Superstructure,22,100,100,100
QUEBEC,QUEBEC,Exterior Closure,23,100,100,100
QUEBEC,QUEBEC,Roofing,24,100,100,100
QUEBEC,QUEBEC,Interior Construction,25,100,100,100
QUEBEC,QUEBEC,Services: Conveying,26,100,100,100
QUEBEC,QUEBEC,Mechanical,27,100,100,100
QUEBEC,QUEBEC,Electrical,28,100,100,100
QUEBEC,QUEBEC,Equipment & Furnishings,29,100,100,100
QUEBEC,QUEBEC,Site Work,30,100,100,100
QUEBEC,QUEBEC,Weighted Average,21,100,100,100
NEW BRUNSWICK,SAINT JOHN,Substructure,20,100,100,100
NEW BRUNSWICK,SAINT JOHN,Shell: Superstructure,22,100,100,100
NEW BRUNSWICK,SAINT JOHN,Exterior Closure,23,100,100,100
NEW BRUNSWICK,SAINT JOHN,Roofing,24,100,100,100
NEW BRUNSWICK,SAINT JOHN,Interior Construction,25,100,100,100
NEW BRUNSWICK,SAINT JOHN,Services: Conveying,26,100,100,100
NEW BRUNSWICK,SAINT JOHN,Mechanical,27,100,100,100
NEW BRUNSWICK,SAINT JOHN,Electrical,28,100,100,100
NEW BRUNSWICK,SAINT JOHN,Equipment & Furnishings,29,100,100,100
NEW BRUNSWICK,SAINT JOHN,Site Work,30,100,100,100
NEW BRUNSWICK,SAINT JOHN,Weighted Average,21,100,100,100
ONTARIO,ST CATHARINES,Substructure,20,100,100,100
ONTARIO,ST CATHARINES,Shell: Superstructure,22,100,100,100
ONTARIO,ST CATHARINES,Exterior Closure,23,100,100,100
ONTARIO,ST CATHARINES,Roofing,24,100,100,100
ONTARIO,ST CATHARINES,Interior Construction,25,100,100,100
ONTARIO,ST CATHARINES,Services: Conveying,26,100,100,100
ONTARIO,ST CATHARINES,Mechanical,27,100,100,100
ONTARIO,ST CATHARINES,Electrical,28,100,100,100
ONTARIO,ST CATHARINES,Equipment & Furnishings,29,100,100,100
ONTARIO,ST CATHARINES,Site Work,30,100,100,100
ONTARIO,ST CATHARINES,Weighted Average,21,100,100,100
ONTARIO,THUNDER BAY,Substructure,20,100,100,100
ONTARIO,THUNDER BAY,Shell: Superstructure,22,100,100,100
ONTARIO,THUNDER BAY,Exterior Closure,23,100,100,100
ONTARIO,THUNDER BAY,Roofing,24,100,100,100
ONTARIO,THUNDER BAY,Interior Construction,25,100,100,100
ONTARIO,THUNDER BAY,Services: Conveying,26,100,100,100
ONTARIO,THUNDER BAY,Mechanical,27,100,100,100
ONTARIO,THUNDER BAY,Electrical,28,100,100,100
ONTARIO,THUNDER BAY,Equipment & Furnishings,29,100,100,100
ONTARIO,THUNDER BAY,Site Work,30,100,100,100
ONTARIO,THUNDER BAY,Weighted Average,21,100,100,100
BRITISH COLUMBIA,VICTORIA,Substructure,20,100,100,100
BRITISH COLUMBIA,VICTORIA,Shell: Superstructure,22,100,100,100
BRITISH COLUMBIA,VICTORIA,Exterior Closure,23,100,100,100
BRITISH COLUMBIA,VICTORIA,Roofing,24,100,100,100
BRITISH COLUMBIA,VICTORIA,Interior Construction,25,100,100,100
BRITISH COLUMBIA,VICTORIA,Services: Conveying,26,100,100,100
BRITISH COLUMBIA,VICTORIA,Mechanical,27,100,100,100
BRITISH COLUMBIA,VICTORIA,Electrical,28,100,100,100
BRITISH COLUMBIA,VICTORIA,Equipment & Furnishings,29,100,100,100
BRITISH COLUMBIA,VICTORIA,Site Work,30,100,100,100
BRITISH COLUMBIA,VICTORIA,Weighted Average,21,100,100,100
NEW BRUNSWICK,BATHURST,Substructure,20,100,100,100
NEW BRUNSWICK,BATHURST,Shell: Superstructure,22,100,100,100
NEW BRUNSWICK,BATHURST,Exterior Closure,23,100,100,100
NEW BRUNSWICK,BATHURST,Roofing,24,100,100,100
NEW BRUNSWICK,BATHURST,Interior Construction,25,100,100,100
NEW BRUNSWICK,BATHURST,Services: Conveying,26,100,100,100
NEW BRUNSWICK,BATHURST,Mechanical,27,100,100,100
NEW BRUNSWICK,BATHURST,Electrical,28,100,100,100
NEW BRUNSWICK,BATHURST,Equipment & Furnishings,29,100,100,100
NEW BRUNSWICK,BATHURST,Site Work,30,100,100,100
NEW BRUNSWICK,BATHURST,Weighted Average,21,100,100,100
ONTARIO,BRANTFORD,Substructure,20,100,100,100
ONTARIO,BRANTFORD,Shell: Superstructure,22,100,100,100
ONTARIO,BRANTFORD,Exterior Closure,23,100,100,100
ONTARIO,BRANTFORD,Roofing,24,100,100,100
ONTARIO,BRANTFORD,Interior Construction,25,100,100,100
ONTARIO,BRANTFORD,Services: Conveying,26,100,100,100
ONTARIO,BRANTFORD,Mechanical,27,100,100,100
ONTARIO,BRANTFORD,Electrical,28,100,100,100
ONTARIO,BRANTFORD,Equipment & Furnishings,29,100,100,100
ONTARIO,BRANTFORD,Site Work,30,100,100,100
ONTARIO,BRANTFORD,Weighted Average,21,100,100,100
QUEBEC,CHICOUTIMI,Substructure,20,100,100,100
QUEBEC,CHICOUTIMI,Shell: Superstructure,22,100,100,100
QUEBEC,CHICOUTIMI,Exterior Closure,23,100,100,100
QUEBEC,CHICOUTIMI,Roofing,24,100,100,100
QUEBEC,CHICOUTIMI,Interior Construction,25,100,100,100
QUEBEC,CHICOUTIMI,Services: Conveying,26,100,100,100
QUEBEC,CHICOUTIMI,Mechanical,27,100,100,100
QUEBEC,CHICOUTIMI,Electrical,28,100,100,100
QUEBEC,CHICOUTIMI,Equipment & Furnishings,29,100,100,100
QUEBEC,CHICOUTIMI,Site Work,30,100,100,100
QUEBEC,CHICOUTIMI,Weighted Average,21,100,100,100
ALBERTA,FORT MCMURRAY,Substructure,20,100,100,100
ALBERTA,FORT MCMURRAY,Shell: Superstructure,22,100,100,100
ALBERTA,FORT MCMURRAY,Exterior Closure,23,100,100,100
ALBERTA,FORT MCMURRAY,Roofing,24,100,100,100
ALBERTA,FORT MCMURRAY,Interior Construction,25,100,100,100
ALBERTA,FORT MCMURRAY,Services: Conveying,26,100,100,100
ALBERTA,FORT MCMURRAY,Mechanical,27,100,100,100
ALBERTA,FORT MCMURRAY,Electrical,28,100,100,100
ALBERTA,FORT MCMURRAY,Equipment & Furnishings,29,100,100,100
ALBERTA,FORT MCMURRAY,Site Work,30,100,100,100
ALBERTA,FORT MCMURRAY,Weighted Average,21,100,100,100
QUEBEC,HULL,Substructure,20,100,100,100
QUEBEC,HULL,Shell: Superstructure,22,100,100,100
QUEBEC,HULL,Exterior Closure,23,100,100,100
QUEBEC,HULL,Roofing,24,100,100,100
QUEBEC,HULL,Interior Construction,25,100,100,100
QUEBEC,HULL,Services: Conveying,26,100,100,100
QUEBEC,HULL,Mechanical,27,100,100,100
QUEBEC,HULL,Electrical,28,100,100,100
QUEBEC,HULL,Equipment & Furnishings,29,100,100,100
QUEBEC,HULL,Site Work,30,100,100,100
QUEBEC,HULL,Weighted Average,21,100,100,100
ALBERTA,LETHBRIDGE,Substructure,20,100,100,100
ALBERTA,LETHBRIDGE,Shell: Superstructure,22,100,100,100
ALBERTA,LETHBRIDGE,Exterior Closure,23,100,100,100
ALBERTA,LETHBRIDGE,Roofing,24,100,100,100
ALBERTA,LETHBRIDGE,Interior Construction,25,100,100,100
ALBERTA,LETHBRIDGE,Services: Conveying,26,100,100,100
ALBERTA,LETHBRIDGE,Mechanical,27,100,100,100
ALBERTA,LETHBRIDGE,Electrical,28,100,100,100
ALBERTA,LETHBRIDGE,Equipment & Furnishings,29,100,100,100
ALBERTA,LETHBRIDGE,Site Work,30,100,100,100
ALBERTA,LETHBRIDGE,Weighted Average,21,100,100,100
SASKATCHEWAN,MOOSE JAW,Substructure,20,100,100,100
SASKATCHEWAN,MOOSE JAW,Shell: Superstructure,22,100,100,100
SASKATCHEWAN,MOOSE JAW,Exterior Closure,23,100,100,100
SASKATCHEWAN,MOOSE JAW,Roofing,24,100,100,100
SASKATCHEWAN,MOOSE JAW,Interior Construction,25,100,100,100
SASKATCHEWAN,MOOSE JAW,Services: Conveying,26,100,100,100
SASKATCHEWAN,MOOSE JAW,Mechanical,27,100,100,100
SASKATCHEWAN,MOOSE JAW,Electrical,28,100,100,100
SASKATCHEWAN,MOOSE JAW,Equipment & Furnishings,29,100,100,100
SASKATCHEWAN,MOOSE JAW,Site Work,30,100,100,100
SASKATCHEWAN,MOOSE JAW,Weighted Average,21,100,100,100
ONTARIO,OWEN SOUND,Substructure,20,100,100,100
ONTARIO,OWEN SOUND,Shell: Superstructure,22,100,100,100
ONTARIO,OWEN SOUND,Exterior Closure,23,100,100,100
ONTARIO,OWEN SOUND,Roofing,24,100,100,100
ONTARIO,OWEN SOUND,Interior Construction,25,100,100,100
ONTARIO,OWEN SOUND,Services: Conveying,26,100,100,100
ONTARIO,OWEN SOUND,Mechanical,27,100,100,100
ONTARIO,OWEN SOUND,Electrical,28,100,100,100
ONTARIO,OWEN SOUND,Equipment & Furnishings,29,100,100,100
ONTARIO,OWEN SOUND,Site Work,30,100,100,100
ONTARIO,OWEN SOUND,Weighted Average,21,100,100,100
ALBERTA,RED DEER,Substructure,20,100,100,100
ALBERTA,RED DEER,Shell: Superstructure,22,100,100,100
ALBERTA,RED DEER,Exterior Closure,23,100,100,100
ALBERTA,RED DEER,Roofing,24,100,100,100
ALBERTA,RED DEER,Interior Construction,25,100,100,100
ALBERTA,RED DEER,Services: Conveying,26,100,100,100
ALBERTA,RED DEER,Mechanical,27,100,100,100
ALBERTA,RED DEER,Electrical,28,100,100,100
ALBERTA,RED DEER,Equipment & Furnishings,29,100,100,100
ALBERTA,RED DEER,Site Work,30,100,100,100
ALBERTA,RED DEER,Weighted Average,21,100,100,100
ONTARIO,SARNIA,Substructure,20,100,100,100
ONTARIO,SARNIA,Shell: Superstructure,22,100,100,100
ONTARIO,SARNIA,Exterior Closure,23,100,100,100
ONTARIO,SARNIA,Roofing,24,100,100,100
ONTARIO,SARNIA,Interior Construction,25,100,100,100
ONTARIO,SARNIA,Services: Conveying,26,100,100,100
ONTARIO,SARNIA,Mechanical,27,100,100,100
ONTARIO,SARNIA,Electrical,28,100,100,100
ONTARIO,SARNIA,Equipment & Furnishings,29,100,100,100
ONTARIO,SARNIA,Site Work,30,100,100,100
ONTARIO,SARNIA,Weighted Average,21,100,100,100
QUEBEC,ST JEROME,Substructure,20,100,100,100
QUEBEC,ST JEROME,Shell: Superstructure,22,100,100,100
QUEBEC,ST JEROME,Exterior Closure,23,100,100,100
QUEBEC,ST JEROME,Roofing,24,100,100,100
QUEBEC,ST JEROME,Interior Construction,25,100,100,100
QUEBEC,ST JEROME,Services: Conveying,26,100,100,100
QUEBEC,ST JEROME,Mechanical,27,100,100,100
QUEBEC,ST JEROME,Electrical,28,100,100,100
QUEBEC,ST JEROME,Equipment & Furnishings,29,100,100,100
QUEBEC,ST JEROME,Site Work,30,100,100,100
QUEBEC,ST JEROME,Weighted Average,21,100,100,100
ONTARIO,TIMMINS,Substructure,20,100,100,100
ONTARIO,TIMMINS,Shell: Superstructure,22,100,100,100
ONTARIO,TIMMINS,Exterior Closure,23,100,100,100
ONTARIO,TIMMINS,Roofing,24,100,100,100
ONTARIO,TIMMINS,Interior Construction,25,100,100,100
ONTARIO,TIMMINS,Services: Conveying,26,100,100,100
ONTARIO,TIMMINS,Mechanical,27,100,100,100
ONTARIO,TIMMINS,Electrical,28,100,100,100
ONTARIO,TIMMINS,Equipment & Furnishings,29,100,100,100
ONTARIO,TIMMINS,Site Work,30,100,100,100
ONTARIO,TIMMINS,Weighted Average,21,100,100,100
YUKON,WHITEHORSE,Substructure,20,100,100,100
YUKON,WHITEHORSE,Shell: Superstructure,22,100,100,100
YUKON,WHITEHORSE,Exterior Closure,23,100,100,100
YUKON,WHITEHORSE,Roofing,24,100,100,100
YUKON,WHITEHORSE,Interior Construction,25,100,100,100
YUKON,WHITEHORSE,Services: Conveying,26,100,100,100
YUKON,WHITEHORSE,Mechanical,27,100,100,100
YUKON,WHITEHORSE,Electrical,28,100,100,100
YUKON,WHITEHORSE,Equipment & Furnishings,29,100,100,100
YUKON,WHITEHORSE,Site Work,30,100,100,100
YUKON,WHITEHORSE,Weighted Average,21,100,100,100
NOVA SCOTIA,BRIDGEWATER,Substructure,20,100,100,100
NOVA SCOTIA,BRIDGEWATER,Shell: Superstructure,22,100,100,100
NOVA SCOTIA,BRIDGEWATER,Exterior Closure,23,100,100,100
NOVA SCOTIA,BRIDGEWATER,Roofing,24,100,100,100
NOVA SCOTIA,BRIDGEWATER,Interior Construction,25,100,100,100
NOVA SCOTIA,BRIDGEWATER,Services: Conveying,26,100,100,100
NOVA SCOTIA,BRIDGEWATER,Mechanical,27,100,100,100
NOVA SCOTIA,BRIDGEWATER,Electrical,28,100,100,100
NOVA SCOTIA,BRIDGEWATER,Equipment & Furnishings,29,100,100,100
NOVA SCOTIA,BRIDGEWATER,Site Work,30,100,100,100
NOVA SCOTIA,BRIDGEWATER,Weighted Average,21,100,100,100
NEWFOUNDLAND,CORNER BROOK,Substructure,20,100,100,100
NEWFOUNDLAND,CORNER BROOK,Shell: Superstructure,22,100,100,100
NEWFOUNDLAND,CORNER BROOK,Exterior Closure,23,100,100,100
NEWFOUNDLAND,CORNER BROOK,Roofing,24,100,100,100
NEWFOUNDLAND,CORNER BROOK,Interior Construction,25,100,100,100
NEWFOUNDLAND,CORNER BROOK,Services: Conveying,26,100,100,100
NEWFOUNDLAND,CORNER BROOK,Mechanical,27,100,100,100
NEWFOUNDLAND,CORNER BROOK,Electrical,28,100,100,100
NEWFOUNDLAND,CORNER BROOK,Equipment & Furnishings,29,100,100,100
NEWFOUNDLAND,CORNER BROOK,Site Work,30,100,100,100
NEWFOUNDLAND,CORNER BROOK,Weighted Average,21,100,100,100
NEW BRUNSWICK,FREDERICTON,Substructure,20,100,100,100
NEW BRUNSWICK,FREDERICTON,Shell: Superstructure,22,100,100,100
NEW BRUNSWICK,FREDERICTON,Exterior Closure,23,100,100,100
NEW BRUNSWICK,FREDERICTON,Roofing,24,100,100,100
NEW BRUNSWICK,FREDERICTON,Interior Construction,25,100,100,100
NEW BRUNSWICK,FREDERICTON,Services: Conveying,26,100,100,100
NEW BRUNSWICK,FREDERICTON,Mechanical,27,100,100,100
NEW BRUNSWICK,FREDERICTON,Electrical,28,100,100,100
NEW BRUNSWICK,FREDERICTON,Equipment & Furnishings,29,100,100,100
NEW BRUNSWICK,FREDERICTON,Site Work,30,100,100,100
NEW BRUNSWICK,FREDERICTON,Weighted Average,21,100,100,100
QUEBEC,JOLIETTE,Substructure,20,100,100,100
QUEBEC,JOLIETTE,Shell: Superstructure,22,100,100,100
QUEBEC,JOLIETTE,Exterior Closure,23,100,100,100
QUEBEC,JOLIETTE,Roofing,24,100,100,100
QUEBEC,JOLIETTE,Interior Construction,25,100,100,100
QUEBEC,JOLIETTE,Services: Conveying,26,100,100,100
QUEBEC,JOLIETTE,Mechanical,27,100,100,100
QUEBEC,JOLIETTE,Electrical,28,100,100,100
QUEBEC,JOLIETTE,Equipment & Furnishings,29,100,100,100
QUEBEC,JOLIETTE,Site Work,30,100,100,100
QUEBEC,JOLIETTE,Weighted Average,21,100,100,100
ALBERTA,LLOYDMINSTER,Substructure,20,100,100,100
ALBERTA,LLOYDMINSTER,Shell: Superstructure,22,100,100,100
ALBERTA,LLOYDMINSTER,Exterior Closure,23,100,100,100
ALBERTA,LLOYDMINSTER,Roofing,24,100,100,100
ALBERTA,LLOYDMINSTER,Interior Construction,25,100,100,100
ALBERTA,LLOYDMINSTER,Services: Conveying,26,100,100,100
ALBERTA,LLOYDMINSTER,Mechanical,27,100,100,100
ALBERTA,LLOYDMINSTER,Electrical,28,100,100,100
ALBERTA,LLOYDMINSTER,Equipment & Furnishings,29,100,100,100
ALBERTA,LLOYDMINSTER,Site Work,30,100,100,100
ALBERTA,LLOYDMINSTER,Weighted Average,21,100,100,100
NOVA SCOTIA,NEW GLASGOW,Substructure,20,100,100,100
NOVA SCOTIA,NEW GLASGOW,Shell: Superstructure,22,100,100,100
NOVA SCOTIA,NEW GLASGOW,Exterior Closure,23,100,100,100
NOVA SCOTIA,NEW GLASGOW,Roofing,24,100,100,100
NOVA SCOTIA,NEW GLASGOW,Interior Construction,25,100,100,100
NOVA SCOTIA,NEW GLASGOW,Services: Conveying,26,100,100,100
NOVA SCOTIA,NEW GLASGOW,Mechanical,27,100,100,100
NOVA SCOTIA,NEW GLASGOW,Electrical,28,100,100,100
NOVA SCOTIA,NEW GLASGOW,Equipment & Furnishings,29,100,100,100
NOVA SCOTIA,NEW GLASGOW,Site Work,30,100,100,100
NOVA SCOTIA,NEW GLASGOW,Weighted Average,21,100,100,100
ONTARIO,PETERBOROUGH,Substructure,20,100,100,100
ONTARIO,PETERBOROUGH,Shell: Superstructure,22,100,100,100
ONTARIO,PETERBOROUGH,Exterior Closure,23,100,100,100
ONTARIO,PETERBOROUGH,Roofing,24,100,100,100
ONTARIO,PETERBOROUGH,Interior Construction,25,100,100,100
ONTARIO,PETERBOROUGH,Services: Conveying,26,100,100,100
ONTARIO,PETERBOROUGH,Mechanical,27,100,100,100
ONTARIO,PETERBOROUGH,Electrical,28,100,100,100
ONTARIO,PETERBOROUGH,Equipment & Furnishings,29,100,100,100
ONTARIO,PETERBOROUGH,Site Work,30,100,100,100
ONTARIO,PETERBOROUGH,Weighted Average,21,100,100,100
SASKATCHEWAN,REGINA,Substructure,20,100,100,100
SASKATCHEWAN,REGINA,Shell: Superstructure,22,100,100,100
SASKATCHEWAN,REGINA,Exterior Closure,23,100,100,100
SASKATCHEWAN,REGINA,Roofing,24,100,100,100
SASKATCHEWAN,REGINA,Interior Construction,25,100,100,100
SASKATCHEWAN,REGINA,Services: Conveying,26,100,100,100
SASKATCHEWAN,REGINA,Mechanical,27,100,100,100
SASKATCHEWAN,REGINA,Electrical,28,100,100,100
SASKATCHEWAN,REGINA,Equipment & Furnishings,29,100,100,100
SASKATCHEWAN,REGINA,Site Work,30,100,100,100
SASKATCHEWAN,REGINA,Weighted Average,21,100,100,100
SASKATCHEWAN,SASKATOON,Substructure,20,100,100,100
SASKATCHEWAN,SASKATOON,Shell: Superstructure,22,100,100,100
SASKATCHEWAN,SASKATOON,Exterior Closure,23,100,100,100
SASKATCHEWAN,SASKATOON,Roofing,24,100,100,100
SASKATCHEWAN,SASKATOON,Interior Construction,25,100,100,100
SASKATCHEWAN,SASKATOON,Services: Conveying,26,100,100,100
SASKATCHEWAN,SASKATOON,Mechanical,27,100,100,100
SASKATCHEWAN,SASKATOON,Electrical,28,100,100,100
SASKATCHEWAN,SASKATOON,Equipment & Furnishings,29,100,100,100
SASKATCHEWAN,SASKATOON,Site Work,30,100,100,100
SASKATCHEWAN,SASKATOON,Weighted Average,21,100,100,100
NEWFOUNDLAND,ST JOHNS,Substructure,20,100,100,100
NEWFOUNDLAND,ST JOHNS,Shell: Superstructure,22,100,100,100
NEWFOUNDLAND,ST JOHNS,Exterior Closure,23,100,100,100
NEWFOUNDLAND,ST JOHNS,Roofing,24,100,100,100
NEWFOUNDLAND,ST JOHNS,Interior Construction,25,100,100,100
NEWFOUNDLAND,ST JOHNS,Services: Conveying,26,100,100,100
NEWFOUNDLAND,ST JOHNS,Mechanical,27,100,100,100
NEWFOUNDLAND,ST JOHNS,Electrical,28,100,100,100
NEWFOUNDLAND,ST JOHNS,Equipment & Furnishings,29,100,100,100
NEWFOUNDLAND,ST JOHNS,Site Work,30,100,100,100
NEWFOUNDLAND,ST JOHNS,Weighted Average,21,100,100,100
ONTARIO,TORONTO,Substructure,20,100,100,100
ONTARIO,TORONTO,Shell: Superstructure,22,100,100,100
ONTARIO,TORONTO,Exterior Closure,23,100,100,100
ONTARIO,TORONTO,Roofing,24,100,100,100
ONTARIO,TORONTO,Interior Construction,25,100,100,100
ONTARIO,TORONTO,Services: Conveying,26,100,100,100
ONTARIO,TORONTO,Mechanical,27,100,100,100
ONTARIO,TORONTO,Electrical,28,100,100,100
ONTARIO,TORONTO,Equipment & Furnishings,29,100,100,100
ONTARIO,TORONTO,Site Work,30,100,100,100
ONTARIO,TORONTO,Weighted Average,21,100,100,100
ONTARIO,WINDSOR,Substructure,20,100,100,100
ONTARIO,WINDSOR,Shell: Superstructure,22,100,100,100
ONTARIO,WINDSOR,Exterior Closure,23,100,100,100
ONTARIO,WINDSOR,Roofing,24,100,100,100
ONTARIO,WINDSOR,Interior Construction,25,100,100,100
ONTARIO,WINDSOR,Services: Conveying,26,100,100,100
ONTARIO,WINDSOR,Mechanical,27,100,100,100
ONTARIO,WINDSOR,Electrical,28,100,100,100
ONTARIO,WINDSOR,Equipment & Furnishings,29,100,100,100
ONTARIO,WINDSOR,Site Work,30,100,100,100
ONTARIO,WINDSOR,Weighted Average,21,100,100,100
ALBERTA,CALGARY,Substructure,20,100,100,100
ALBERTA,CALGARY,Shell: Superstructure,22,100,100,100
ALBERTA,CALGARY,Exterior Closure,23,100,100,100
ALBERTA,CALGARY,Roofing,24,100,100,100
ALBERTA,CALGARY,Interior Construction,25,100,100,100
ALBERTA,CALGARY,Services: Conveying,26,100,100,100
ALBERTA,CALGARY,Mechanical,27,100,100,100
ALBERTA,CALGARY,Electrical,28,100,100,100
ALBERTA,CALGARY,Equipment & Furnishings,29,100,100,100
ALBERTA,CALGARY,Site Work,30,100,100,100
ALBERTA,CALGARY,Weighted Average,21,100,100,100
ONTARIO,CORNWALL,Substructure,20,100,100,100
ONTARIO,CORNWALL,Shell: Superstructure,22,100,100,100
ONTARIO,CORNWALL,Exterior Closure,23,100,100,100
ONTARIO,CORNWALL,Roofing,24,100,100,100
ONTARIO,CORNWALL,Interior Construction,25,100,100,100
ONTARIO,CORNWALL,Services: Conveying,26,100,100,100
ONTARIO,CORNWALL,Mechanical,27,100,100,100
ONTARIO,CORNWALL,Electrical,28,100,100,100
ONTARIO,CORNWALL,Equipment & Furnishings,29,100,100,100
ONTARIO,CORNWALL,Site Work,30,100,100,100
ONTARIO,CORNWALL,Weighted Average,21,100,100,100
QUEBEC,GATINEAU,Substructure,20,100,100,100
QUEBEC,GATINEAU,Shell: Superstructure,22,100,100,100
QUEBEC,GATINEAU,Exterior Closure,23,100,100,100
QUEBEC,GATINEAU,Roofing,24,100,100,100
QUEBEC,GATINEAU,Interior Construction,25,100,100,100
QUEBEC,GATINEAU,Services: Conveying,26,100,100,100
QUEBEC,GATINEAU,Mechanical,27,100,100,100
QUEBEC,GATINEAU,Electrical,28,100,100,100
QUEBEC,GATINEAU,Equipment & Furnishings,29,100,100,100
QUEBEC,GATINEAU,Site Work,30,100,100,100
QUEBEC,GATINEAU,Weighted Average,21,100,100,100
BRITISH COLUMBIA,KAMLOOPS,Substructure,20,100,100,100
BRITISH COLUMBIA,KAMLOOPS,Shell: Superstructure,22,100,100,100
BRITISH COLUMBIA,KAMLOOPS,Exterior Closure,23,100,100,100
BRITISH COLUMBIA,KAMLOOPS,Roofing,24,100,100,100
BRITISH COLUMBIA,KAMLOOPS,Interior Construction,25,100,100,100
BRITISH COLUMBIA,KAMLOOPS,Services: Conveying,26,100,100,100
BRITISH COLUMBIA,KAMLOOPS,Mechanical,27,100,100,100
BRITISH COLUMBIA,KAMLOOPS,Electrical,28,100,100,100
BRITISH COLUMBIA,KAMLOOPS,Equipment & Furnishings,29,100,100,100
BRITISH COLUMBIA,KAMLOOPS,Site Work,30,100,100,100
BRITISH COLUMBIA,KAMLOOPS,Weighted Average,21,100,100,100
ONTARIO,LONDON,Substructure,20,100,100,100
ONTARIO,LONDON,Shell: Superstructure,22,100,100,100
ONTARIO,LONDON,Exterior Closure,23,100,100,100
ONTARIO,LONDON,Roofing,24,100,100,100
ONTARIO,LONDON,Interior Construction,25,100,100,100
ONTARIO,LONDON,Services: Conveying,26,100,100,100
ONTARIO,LONDON,Mechanical,27,100,100,100
ONTARIO,LONDON,Electrical,28,100,100,100
ONTARIO,LONDON,Equipment & Furnishings,29,100,100,100
ONTARIO,LONDON,Site Work,30,100,100,100
ONTARIO,LONDON,Weighted Average,21,100,100,100
NEW BRUNSWICK,NEWCASTLE,Substructure,20,100,100,100
NEW BRUNSWICK,NEWCASTLE,Shell: Superstructure,22,100,100,100
NEW BRUNSWICK,NEWCASTLE,Exterior Closure,23,100,100,100
NEW BRUNSWICK,NEWCASTLE,Roofing,24,100,100,100
NEW BRUNSWICK,NEWCASTLE,Interior Construction,25,100,100,100
NEW BRUNSWICK,NEWCASTLE,Services: Conveying,26,100,100,100
NEW BRUNSWICK,NEWCASTLE,Mechanical,27,100,100,100
NEW BRUNSWICK,NEWCASTLE,Electrical,28,100,100,100
NEW BRUNSWICK,NEWCASTLE,Equipment & Furnishings,29,100,100,100
NEW BRUNSWICK,NEWCASTLE,Site Work,30,100,100,100
NEW BRUNSWICK,NEWCASTLE,Weighted Average,21,100,100,100
MANITOBA,PORTAGE LA PRAIRIE,Substructure,20,100,100,100
MANITOBA,PORTAGE LA PRAIRIE,Shell: Superstructure,22,100,100,100
MANITOBA,PORTAGE LA PRAIRIE,Exterior Closure,23,100,100,100
MANITOBA,PORTAGE LA PRAIRIE,Roofing,24,100,100,100
MANITOBA,PORTAGE LA PRAIRIE,Interior Construction,25,100,100,100
MANITOBA,PORTAGE LA PRAIRIE,Services: Conveying,26,100,100,100
MANITOBA,PORTAGE LA PRAIRIE,Mechanical,27,100,100,100
MANITOBA,PORTAGE LA PRAIRIE,Electrical,28,100,100,100
MANITOBA,PORTAGE LA PRAIRIE,Equipment & Furnishings,29,100,100,100
MANITOBA,PORTAGE LA PRAIRIE,Site Work,30,100,100,100
MANITOBA,PORTAGE LA PRAIRIE,Weighted Average,21,100,100,100
QUEBEC,RIMOUSKI,Substructure,20,100,100,100
QUEBEC,RIMOUSKI,Shell: Superstructure,22,100,100,100
QUEBEC,RIMOUSKI,Exterior Closure,23,100,100,100
QUEBEC,RIMOUSKI,Roofing,24,100,100,100
QUEBEC,RIMOUSKI,Interior Construction,25,100,100,100
QUEBEC,RIMOUSKI,Services: Conveying,26,100,100,100
QUEBEC,RIMOUSKI,Mechanical,27,100,100,100
QUEBEC,RIMOUSKI,Electrical,28,100,100,100
QUEBEC,RIMOUSKI,Equipment & Furnishings,29,100,100,100
QUEBEC,RIMOUSKI,Site Work,30,100,100,100
QUEBEC,RIMOUSKI,Weighted Average,21,100,100,100
ONTARIO,SAULT STE MARIE,Substructure,20,100,100,100
ONTARIO,SAULT STE MARIE,Shell: Superstructure,22,100,100,100
ONTARIO,SAULT STE MARIE,Exterior Closure,23,100,100,100
ONTARIO,SAULT STE MARIE,Roofing,24,100,100,100
ONTARIO,SAULT STE MARIE,Interior Construction,25,100,100,100
ONTARIO,SAULT STE MARIE,Services: Conveying,26,100,100,100
ONTARIO,SAULT STE MARIE,Mechanical,27,100,100,100
ONTARIO,SAULT STE MARIE,Electrical,28,100,100,100
ONTARIO,SAULT STE MARIE,Equipment & Furnishings,29,100,100,100
ONTARIO,SAULT STE MARIE,Site Work,30,100,100,100
ONTARIO,SAULT STE MARIE,Weighted Average,21,100,100,100
ONTARIO,SUDBURY,Substructure,20,100,100,100
ONTARIO,SUDBURY,Shell: Superstructure,22,100,100,100
ONTARIO,SUDBURY,Exterior Closure,23,100,100,100
ONTARIO,SUDBURY,Roofing,24,100,100,100
ONTARIO,SUDBURY,Interior Construction,25,100,100,100
ONTARIO,SUDBURY,Services: Conveying,26,100,100,100
ONTARIO,SUDBURY,Mechanical,27,100,100,100
ONTARIO,SUDBURY,Electrical,28,100,100,100
ONTARIO,SUDBURY,Equipment & Furnishings,29,100,100,100
ONTARIO,SUDBURY,Site Work,30,100,100,100
ONTARIO,SUDBURY,Weighted Average,21,100,100,100
QUEBEC,TROIS RIVIERES,Substructure,20,100,100,100
QUEBEC,TROIS RIVIERES,Shell: Superstructure,22,100,100,100
QUEBEC,TROIS RIVIERES,Exterior Closure,23,100,100,100
QUEBEC,TROIS RIVIERES,Roofing,24,100,100,100
QUEBEC,TROIS RIVIERES,Interior Construction,25,100,100,100
QUEBEC,TROIS RIVIERES,Services: Conveying,26,100,100,100
QUEBEC,TROIS RIVIERES,Mechanical,27,100,100,100
QUEBEC,TROIS RIVIERES,Electrical,28,100,100,100
QUEBEC,TROIS RIVIERES,Equipment & Furnishings,29,100,100,100
QUEBEC,TROIS RIVIERES,Site Work,30,100,100,100
QUEBEC,TROIS RIVIERES,Weighted Average,21,100,100,100
MANITOBA,WINNIPEG,Substructure,20,100,100,100
MANITOBA,WINNIPEG,Shell: Superstructure,22,100,100,100
MANITOBA,WINNIPEG,Exterior Closure,23,100,100,100
MANITOBA,WINNIPEG,Roofing,24,100,100,100
MANITOBA,WINNIPEG,Interior Construction,25,100,100,100
MANITOBA,WINNIPEG,Services: Conveying,26,100,100,100
MANITOBA,WINNIPEG,Mechanical,27,100,100,100
MANITOBA,WINNIPEG,Electrical,28,100,100,100
MANITOBA,WINNIPEG,Equipment & Furnishings,29,100,100,100
MANITOBA,WINNIPEG,Site Work,30,100,100,100
MANITOBA,WINNIPEG,Weighted Average,21,100,100,100
QUEBEC,CAP-DE-LA-MADELEINE,Substructure,20,100,100,100
QUEBEC,CAP-DE-LA-MADELEINE,Shell: Superstructure,22,100,100,100
QUEBEC,CAP-DE-LA-MADELEINE,Exterior Closure,23,100,100,100
QUEBEC,CAP-DE-LA-MADELEINE,Roofing,24,100,100,100
QUEBEC,CAP-DE-LA-MADELEINE,Interior Construction,25,100,100,100
QUEBEC,CAP-DE-LA-MADELEINE,Services: Conveying,26,100,100,100
QUEBEC,CAP-DE-LA-MADELEINE,Mechanical,27,100,100,100
QUEBEC,CAP-DE-LA-MADELEINE,Electrical,28,100,100,100
QUEBEC,CAP-DE-LA-MADELEINE,Equipment & Furnishings,29,100,100,100
QUEBEC,CAP-DE-LA-MADELEINE,Site Work,30,100,100,100
QUEBEC,CAP-DE-LA-MADELEINE,Weighted Average,21,100,100,100
NEW BRUNSWICK,DALHOUSIE,Substructure,20,100,100,100
NEW BRUNSWICK,DALHOUSIE,Shell: Superstructure,22,100,100,100
NEW BRUNSWICK,DALHOUSIE,Exterior Closure,23,100,100,100
NEW BRUNSWICK,DALHOUSIE,Roofing,24,100,100,100
NEW BRUNSWICK,DALHOUSIE,Interior Construction,25,100,100,100
NEW BRUNSWICK,DALHOUSIE,Services: Conveying,26,100,100,100
NEW BRUNSWICK,DALHOUSIE,Mechanical,27,100,100,100
NEW BRUNSWICK,DALHOUSIE,Electrical,28,100,100,100
NEW BRUNSWICK,DALHOUSIE,Equipment & Furnishings,29,100,100,100
NEW BRUNSWICK,DALHOUSIE,Site Work,30,100,100,100
NEW BRUNSWICK,DALHOUSIE,Weighted Average,21,100,100,100
QUEBEC,GRANBY,Substructure,20,100,100,100
QUEBEC,GRANBY,Shell: Superstructure,22,100,100,100
QUEBEC,GRANBY,Exterior Closure,23,100,100,100
QUEBEC,GRANBY,Roofing,24,100,100,100
QUEBEC,GRANBY,Interior Construction,25,100,100,100
QUEBEC,GRANBY,Services: Conveying,26,100,100,100
QUEBEC,GRANBY,Mechanical,27,100,100,100
QUEBEC,GRANBY,Electrical,28,100,100,100
QUEBEC,GRANBY,Equipment & Furnishings,29,100,100,100
QUEBEC,GRANBY,Site Work,30,100,100,100
QUEBEC,GRANBY,Weighted Average,21,100,100,100
ONTARIO,KINGSTON,Substructure,20,100,100,100
ONTARIO,KINGSTON,Shell: Superstructure,22,100,100,100
ONTARIO,KINGSTON,Exterior Closure,23,100,100,100
ONTARIO,KINGSTON,Roofing,24,100,100,100
ONTARIO,KINGSTON,Interior Construction,25,100,100,100
ONTARIO,KINGSTON,Services: Conveying,26,100,100,100
ONTARIO,KINGSTON,Mechanical,27,100,100,100
ONTARIO,KINGSTON,Electrical,28,100,100,100
ONTARIO,KINGSTON,Equipment & Furnishings,29,100,100,100
ONTARIO,KINGSTON,Site Work,30,100,100,100
ONTARIO,KINGSTON,Weighted Average,21,100,100,100
ALBERTA,MEDICINE HAT,Substructure,20,100,100,100
ALBERTA,MEDICINE HAT,Shell: Superstructure,22,100,100,100
ALBERTA,MEDICINE HAT,Exterior Closure,23,100,100,100
ALBERTA,MEDICINE HAT,Roofing,24,100,100,100
ALBERTA,MEDICINE HAT,Interior Construction,25,100,100,100
ALBERTA,MEDICINE HAT,Services: Conveying,26,100,100,100
ALBERTA,MEDICINE HAT,Mechanical,27,100,100,100
ALBERTA,MEDICINE HAT,Electrical,28,100,100,100
ALBERTA,MEDICINE HAT,Equipment & Furnishings,29,100,100,100
ALBERTA,MEDICINE HAT,Site Work,30,100,100,100
ALBERTA,MEDICINE HAT,Weighted Average,21,100,100,100
ONTARIO,NORTH BAY,Substructure,20,100,100,100
ONTARIO,NORTH BAY,Shell: Superstructure,22,100,100,100
ONTARIO,NORTH BAY,Exterior Closure,23,100,100,100
ONTARIO,NORTH BAY,Roofing,24,100,100,100
ONTARIO,NORTH BAY,Interior Construction,25,100,100,100
ONTARIO,NORTH BAY,Services: Conveying,26,100,100,100
ONTARIO,NORTH BAY,Mechanical,27,100,100,100
ONTARIO,NORTH BAY,Electrical,28,100,100,100
ONTARIO,NORTH BAY,Equipment & Furnishings,29,100,100,100
ONTARIO,NORTH BAY,Site Work,30,100,100,100
ONTARIO,NORTH BAY,Weighted Average,21,100,100,100
SASKATCHEWAN,PRINCE ALBERT,Substructure,20,100,100,100
SASKATCHEWAN,PRINCE ALBERT,Shell: Superstructure,22,100,100,100
SASKATCHEWAN,PRINCE ALBERT,Exterior Closure,23,100,100,100
SASKATCHEWAN,PRINCE ALBERT,Roofing,24,100,100,100
SASKATCHEWAN,PRINCE ALBERT,Interior Construction,25,100,100,100
SASKATCHEWAN,PRINCE ALBERT,Services: Conveying,26,100,100,100
SASKATCHEWAN,PRINCE ALBERT,Mechanical,27,100,100,100
SASKATCHEWAN,PRINCE ALBERT,Electrical,28,100,100,100
SASKATCHEWAN,PRINCE ALBERT,Equipment & Furnishings,29,100,100,100
SASKATCHEWAN,PRINCE ALBERT,Site Work,30,100,100,100
SASKATCHEWAN,PRINCE ALBERT,Weighted Average,21,100,100,100
QUEBEC,ROUYN-NORANDA,Substructure,20,100,100,100
QUEBEC,ROUYN-NORANDA,Shell: Superstructure,22,100,100,100
QUEBEC,ROUYN-NORANDA,Exterior Closure,23,100,100,100
QUEBEC,ROUYN-NORANDA,Roofing,24,100,100,100
QUEBEC,ROUYN-NORANDA,Interior Construction,25,100,100,100
QUEBEC,ROUYN-NORANDA,Services: Conveying,26,100,100,100
QUEBEC,ROUYN-NORANDA,Mechanical,27,100,100,100
QUEBEC,ROUYN-NORANDA,Electrical,28,100,100,100
QUEBEC,ROUYN-NORANDA,Equipment & Furnishings,29,100,100,100
QUEBEC,ROUYN-NORANDA,Site Work,30,100,100,100
QUEBEC,ROUYN-NORANDA,Weighted Average,21,100,100,100
QUEBEC,SHERBROOKE,Substructure,20,100,100,100
QUEBEC,SHERBROOKE,Shell: Superstructure,22,100,100,100
QUEBEC,SHERBROOKE,Exterior Closure,23,100,100,100
QUEBEC,SHERBROOKE,Roofing,24,100,100,100
QUEBEC,SHERBROOKE,Interior Construction,25,100,100,100
QUEBEC,SHERBROOKE,Services: Conveying,26,100,100,100
QUEBEC,SHERBROOKE,Mechanical,27,100,100,100
QUEBEC,SHERBROOKE,Electrical,28,100,100,100
QUEBEC,SHERBROOKE,Equipment & Furnishings,29,100,100,100
QUEBEC,SHERBROOKE,Site Work,30,100,100,100
QUEBEC,SHERBROOKE,Weighted Average,21,100,100,100
PRINCE EDWARD ISLAND,SUMMERSIDE,Substructure,20,100,100,100
PRINCE EDWARD ISLAND,SUMMERSIDE,Shell: Superstructure,22,100,100,100
PRINCE EDWARD ISLAND,SUMMERSIDE,Exterior Closure,23,100,100,100
PRINCE EDWARD ISLAND,SUMMERSIDE,Roofing,24,100,100,100
PRINCE EDWARD ISLAND,SUMMERSIDE,Interior Construction,25,100,100,100
PRINCE EDWARD ISLAND,SUMMERSIDE,Services: Conveying,26,100,100,100
PRINCE EDWARD ISLAND,SUMMERSIDE,Mechanical,27,100,100,100
PRINCE EDWARD ISLAND,SUMMERSIDE,Electrical,28,100,100,100
PRINCE EDWARD ISLAND,SUMMERSIDE,Equipment & Furnishings,29,100,100,100
PRINCE EDWARD ISLAND,SUMMERSIDE,Site Work,30,100,100,100
PRINCE EDWARD ISLAND,SUMMERSIDE,Weighted Average,21,100,100,100
NOVA SCOTIA,TRURO,Substructure,20,100,100,100
NOVA SCOTIA,TRURO,Shell: Superstructure,22,100,100,100
NOVA SCOTIA,TRURO,Exterior Closure,23,100,100,100
NOVA SCOTIA,TRURO,Roofing,24,100,100,100
NOVA SCOTIA,TRURO,Interior Construction,25,100,100,100
NOVA SCOTIA,TRURO,Services: Conveying,26,100,100,100
NOVA SCOTIA,TRURO,Mechanical,27,100,100,100
NOVA SCOTIA,TRURO,Electrical,28,100,100,100
NOVA SCOTIA,TRURO,Equipment & Furnishings,29,100,100,100
NOVA SCOTIA,TRURO,Site Work,30,100,100,100
NOVA SCOTIA,TRURO,Weighted Average,21,100,100,100
NOVA SCOTIA,YARMOUTH,Substructure,20,100,100,100
NOVA SCOTIA,YARMOUTH,Shell: Superstructure,22,100,100,100
NOVA SCOTIA,YARMOUTH,Exterior Closure,23,100,100,100
NOVA SCOTIA,YARMOUTH,Roofing,24,100,100,100
NOVA SCOTIA,YARMOUTH,Interior Construction,25,100,100,100
NOVA SCOTIA,YARMOUTH,Services: Conveying,26,100,100,100
NOVA SCOTIA,YARMOUTH,Mechanical,27,100,100,100
NOVA SCOTIA,YARMOUTH,Electrical,28,100,100,100
NOVA SCOTIA,YARMOUTH,Equipment & Furnishings,29,100,100,100
NOVA SCOTIA,YARMOUTH,Site Work,30,100,100,100
NOVA SCOTIA,YARMOUTH,Weighted Average,21,100,100,100
QUEBEC,CHARLESBOURG,Substructure,20,100,100,100
QUEBEC,CHARLESBOURG,Shell: Superstructure,22,100,100,100
QUEBEC,CHARLESBOURG,Exterior Closure,23,100,100,100
QUEBEC,CHARLESBOURG,Roofing,24,100,100,100
QUEBEC,CHARLESBOURG,Interior Construction,25,100,100,100
QUEBEC,CHARLESBOURG,Services: Conveying,26,100,100,100
QUEBEC,CHARLESBOURG,Mechanical,27,100,100,100
QUEBEC,CHARLESBOURG,Electrical,28,100,100,100
QUEBEC,CHARLESBOURG,Equipment & Furnishings,29,100,100,100
QUEBEC,CHARLESBOURG,Site Work,30,100,100,100
QUEBEC,CHARLESBOURG,Weighted Average,21,100,100,100
NOVA SCOTIA,DARTMOUTH,Substructure,20,100,100,100
NOVA SCOTIA,DARTMOUTH,Shell: Superstructure,22,100,100,100
NOVA SCOTIA,DARTMOUTH,Exterior Closure,23,100,100,100
NOVA SCOTIA,DARTMOUTH,Roofing,24,100,100,100
NOVA SCOTIA,DARTMOUTH,Interior Construction,25,100,100,100
NOVA SCOTIA,DARTMOUTH,Services: Conveying,26,100,100,100
NOVA SCOTIA,DARTMOUTH,Mechanical,27,100,100,100
NOVA SCOTIA,DARTMOUTH,Electrical,28,100,100,100
NOVA SCOTIA,DARTMOUTH,Equipment & Furnishings,29,100,100,100
NOVA SCOTIA,DARTMOUTH,Site Work,30,100,100,100
NOVA SCOTIA,DARTMOUTH,Weighted Average,21,100,100,100
NOVA SCOTIA,HALIFAX,Substructure,20,100,100,100
NOVA SCOTIA,HALIFAX,Shell: Superstructure,22,100,100,100
NOVA SCOTIA,HALIFAX,Exterior Closure,23,100,100,100
NOVA SCOTIA,HALIFAX,Roofing,24,100,100,100
NOVA SCOTIA,HALIFAX,Interior Construction,25,100,100,100
NOVA SCOTIA,HALIFAX,Services: Conveying,26,100,100,100
NOVA SCOTIA,HALIFAX,Mechanical,27,100,100,100
NOVA SCOTIA,HALIFAX,Electrical,28,100,100,100
NOVA SCOTIA,HALIFAX,Equipment & Furnishings,29,100,100,100
NOVA SCOTIA,HALIFAX,Site Work,30,100,100,100
NOVA SCOTIA,HALIFAX,Weighted Average,21,100,100,100
ONTARIO,KITCHENER,Substructure,20,100,100,100
ONTARIO,KITCHENER,Shell: Superstructure,22,100,100,100
ONTARIO,KITCHENER,Exterior Closure,23,100,100,100
ONTARIO,KITCHENER,Roofing,24,100,100,100
ONTARIO,KITCHENER,Interior Construction,25,100,100,100
ONTARIO,KITCHENER,Services: Conveying,26,100,100,100
ONTARIO,KITCHENER,Mechanical,27,100,100,100
ONTARIO,KITCHENER,Electrical,28,100,100,100
ONTARIO,KITCHENER,Equipment & Furnishings,29,100,100,100
ONTARIO,KITCHENER,Site Work,30,100,100,100
ONTARIO,KITCHENER,Weighted Average,21,100,100,100
NEW BRUNSWICK,MONCTON,Substructure,20,100,100,100
NEW BRUNSWICK,MONCTON,Shell: Superstructure,22,100,100,100
NEW BRUNSWICK,MONCTON,Exterior Closure,23,100,100,100
NEW BRUNSWICK,MONCTON,Roofing,24,100,100,100
NEW BRUNSWICK,MONCTON,Interior Construction,25,100,100,100
NEW BRUNSWICK,MONCTON,Services: Conveying,26,100,100,100
NEW BRUNSWICK,MONCTON,Mechanical,27,100,100,100
NEW BRUNSWICK,MONCTON,Electrical,28,100,100,100
NEW BRUNSWICK,MONCTON,Equipment & Furnishings,29,100,100,100
NEW BRUNSWICK,MONCTON,Site Work,30,100,100,100
NEW BRUNSWICK,MONCTON,Weighted Average,21,100,100,100
ONTARIO,OSHAWA,Substructure,20,100,100,100
ONTARIO,OSHAWA,Shell: Superstructure,22,100,100,100
ONTARIO,OSHAWA,Exterior Closure,23,100,100,100
ONTARIO,OSHAWA,Roofing,24,100,100,100
ONTARIO,OSHAWA,Interior Construction,25,100,100,100
ONTARIO,OSHAWA,Services: Conveying,26,100,100,100
ONTARIO,OSHAWA,Mechanical,27,100,100,100
ONTARIO,OSHAWA,Electrical,28,100,100,100
ONTARIO,OSHAWA,Equipment & Furnishings,29,100,100,100
ONTARIO,OSHAWA,Site Work,30,100,100,100
ONTARIO,OSHAWA,Weighted Average,21,100,100,100
BRITISH COLUMBIA,PRINCE GEORGE,Substructure,20,100,100,100
BRITISH COLUMBIA,PRINCE GEORGE,Shell: Superstructure,22,100,100,100
BRITISH COLUMBIA,PRINCE GEORGE,Exterior Closure,23,100,100,100
BRITISH COLUMBIA,PRINCE GEORGE,Roofing,24,100,100,100
BRITISH COLUMBIA,PRINCE GEORGE,Interior Construction,25,100,100,100
BRITISH COLUMBIA,PRINCE GEORGE,Services: Conveying,26,100,100,100
BRITISH COLUMBIA,PRINCE GEORGE,Mechanical,27,100,100,100
BRITISH COLUMBIA,PRINCE GEORGE,Electrical,28,100,100,100
BRITISH COLUMBIA,PRINCE GEORGE,Equipment & Furnishings,29,100,100,100
BRITISH COLUMBIA,PRINCE GEORGE,Site Work,30,100,100,100
BRITISH COLUMBIA,PRINCE GEORGE,Weighted Average,21,100,100,100
QUEBEC,SAINT HYACINTHE,Substructure,20,100,100,100
QUEBEC,SAINT HYACINTHE,Shell: Superstructure,22,100,100,100
QUEBEC,SAINT HYACINTHE,Exterior Closure,23,100,100,100
QUEBEC,SAINT HYACINTHE,Roofing,24,100,100,100
QUEBEC,SAINT HYACINTHE,Interior Construction,25,100,100,100
QUEBEC,SAINT HYACINTHE,Services: Conveying,26,100,100,100
QUEBEC,SAINT HYACINTHE,Mechanical,27,100,100,100
QUEBEC,SAINT HYACINTHE,Electrical,28,100,100,100
QUEBEC,SAINT HYACINTHE,Equipment & Furnishings,29,100,100,100
QUEBEC,SAINT HYACINTHE,Site Work,30,100,100,100
QUEBEC,SAINT HYACINTHE,Weighted Average,21,100,100,100
QUEBEC,SOREL,Substructure,20,100,100,100
QUEBEC,SOREL,Shell: Superstructure,22,100,100,100
QUEBEC,SOREL,Exterior Closure,23,100,100,100
QUEBEC,SOREL,Roofing,24,100,100,100
QUEBEC,SOREL,Interior Construction,25,100,100,100
QUEBEC,SOREL,Services: Conveying,26,100,100,100
QUEBEC,SOREL,Mechanical,27,100,100,100
QUEBEC,SOREL,Electrical,28,100,100,100
QUEBEC,SOREL,Equipment & Furnishings,29,100,100,100
QUEBEC,SOREL,Site Work,30,100,100,100
QUEBEC,SOREL,Weighted Average,21,100,100,100
NOVA SCOTIA,SYDNEY,Substructure,20,100,100,100
NOVA SCOTIA,SYDNEY,Shell: Superstructure,22,100,100,100
NOVA SCOTIA,SYDNEY,Exterior Closure,23,100,100,100
NOVA SCOTIA,SYDNEY,Roofing,24,100,100,100
NOVA SCOTIA,SYDNEY,Interior Construction,25,100,100,100
NOVA SCOTIA,SYDNEY,Services: Conveying,26,100,100,100
NOVA SCOTIA,SYDNEY,Mechanical,27,100,100,100
NOVA SCOTIA,SYDNEY,Electrical,28,100,100,100
NOVA SCOTIA,SYDNEY,Equipment & Furnishings,29,100,100,100
NOVA SCOTIA,SYDNEY,Site Work,30,100,100,100
NOVA SCOTIA,SYDNEY,Weighted Average,21,100,100,100
BRITISH COLUMBIA,VANCOUVER,Substructure,20,100,100,100
BRITISH COLUMBIA,VANCOUVER,Shell: Superstructure,22,100,100,100
BRITISH COLUMBIA,VANCOUVER,Exterior Closure,23,100,100,100
BRITISH COLUMBIA,VANCOUVER,Roofing,24,100,100,100
BRITISH COLUMBIA,VANCOUVER,Interior Construction,25,100,100,100
BRITISH COLUMBIA,VANCOUVER,Services: Conveying,26,100,100,100
BRITISH COLUMBIA,VANCOUVER,Mechanical,27,100,100,100
BRITISH COLUMBIA,VANCOUVER,Electrical,28,100,100,100
BRITISH COLUMBIA,VANCOUVER,Equipment & Furnishings,29,100,100,100
BRITISH COLUMBIA,VANCOUVER,Site Work,30,100,100,100
BRITISH COLUMBIA,VANCOUVER,Weighted Average,21,100,100,100
NWT,YELLOWKNIFE,Substructure,20,100,100,100
NWT,YELLOWKNIFE,Shell: Superstructure,22,100,100,100
NWT,YELLOWKNIFE,Exterior Closure,23,100,100,100
NWT,YELLOWKNIFE,Roofing,24,100,100,100
NWT,YELLOWKNIFE,Interior Construction,25,100,100,100
NWT,YELLOWKNIFE,Services: Conveying,26,100,100,100
NWT,YELLOWKNIFE,Mechanical,27,100,100,100
NWT,YELLOWKNIFE,Electrical,28,100,100,100
NWT,YELLOWKNIFE,Equipment & Furnishings,29,100,100,100
NWT,YELLOWKNIFE,Site Work,30,100,100,100
NWT,YELLOWKNIFE,Weighted Average,21,100,100,100
