id,sheet,source,description,city,province_state,materialOpCost,laborOpCost,equipmentOpCost
230001,materials_glazing,placeholder,"Windows, aluminum, awning, standard glass, 4'-5"" x 5'-3""",,,1347.76,129.51,0.0
230002,materials_glazing,placeholder,"Door, aluminum & glass, sliding patio, tempered glass, economy, 6'-0"" x 7'-0"" opening",,,10323.55,98.61,0.0
230003,materials_glazing,placeholder,"Door, aluminum & glass, sliding entrance, 5' x 7' door, electric operator, 12'-0"" x 7'-6"" opening",,,9423.3,3990.4,0.0
230004,materials_glazing,placeholder,"Door, aluminum & glass, mall front, fixed panels, aluminum finish, 48'-0"" x 9'-0"" opening",,,78012.0,2018.75,0.0
230005,materials_glazing,placeholder,"Windows, aluminum, sliding, insulated glass, 5' x 3'",,,275.76,534.85,0.0
230006,materials_glazing,placeholder,"Windows, wood, vinyl clad, casement, insulated glass, 6'-0"" x 4'-0""",,,3147.5,609.58,0.0
230007,materials_glazing,placeholder,"Windows, aluminum, awning, insulated glass, 4'-5"" x 5'-3""",,,1058.34,299.33,0.0
230008,materials_glazing,placeholder,"Windows, aluminum, double hung, insul.glass, 3'-0"" x 4'-0""",,,1129.28,349.07,0.0
120009,materials_glazing,placeholder,"Skylights, non venting, insulated, plexiglass dome with curb mount, 46"" x 46""",,,1059.0,723.85,0.0
120010,materials_glazing,placeholder,"Skylights, non venting, insulated, plexiglass dome with flush mount, 46"" x 46""",,,1827.75,217.62,0.0
120011,materials_glazing,placeholder,"Heat reflecting, solar film on glass, bronze, 20% VLT, excl. glass",,,7.47,2.11,0.0
120012,materials_glazing,placeholder,"Heat reflecting, solar film on glass, bronze, 50% VLT, excl. glass",,,0.67,27.66,0.0
120013,materials_glazing,placeholder,"Heat reflecting, solar film on glass, silver, 15% VLT, excl. glass",,,1.44,24.71,0.0
120014,materials_glazing,placeholder,"Heat reflecting, solar film on glass, silver, 35% VLT, excl. glass",,,2.54,17.53,0.0
120015,materials_glazing,placeholder,"Heat reflecting, solar film on glass, silver, 68% VLT, excl. glass",,,0.45,36.66,0.0
120016,materials_glazing,placeholder,"Heat reflecting, solar film on glass, neutral, 20% VLT, excl. glass",,,5.32,36.65,0.0
120017,materials_glazing,placeholder,"kawneer 1600 UT System 1, 1"" glass, warm edge spacer, U=1.81W/m2K",VANCOUVER,BRITISH COLUMBIA,538.41,0.0,0.0
120018,materials_glazing,placeholder,"kawneer 1600 UT System 1, triple glazed, 1"" glass, warm edge spacer, U=1.25 W/m2K",VANCOUVER,BRITISH COLUMBIA,534.86,0.0,0.0
120019,materials_glazing,placeholder,"Starline 9600 Window wall, double glazed, 1 low-e and argon illed IGU  U=1.83 W/m2K",VANCOUVER,BRITISH COLUMBIA,79.82,0.0,0.0
120020,materials_glazing,placeholder,"Starline 9600 Window wall, triple glazed, 2x low-e and argon filled IGU  U=1.01W/m2K",VANCOUVER,BRITISH COLUMBIA,525.22,0.0,0.0
120021,materials_glazing,placeholder,"Starline 7100 double glazed, 1/2"" aluminum spacer bar, no low-e, air filled IGU, U<2.1",VANCOUVER,BRITISH COLUMBIA,124.71,0.0,0.0
120022,materials_glazing,placeholder,"Starline 7100 double glazed, 1/2"" aluminum spacer bar, 1x low-e, argon filled IGU, U=1.59 w/m2K",VANCOUVER,BRITISH COLUMBIA,213.82,0.0,0.0
120023,materials_glazing,placeholder,"Starline 7100 double glazed, 13.6mm WE Spacer, 2x low-e, argon filled IGU, U=1.25W/m2K",VANCOUVER,BRITISH COLUMBIA,201.77,0.0,0.0
120024,materials_glazing,placeholder,"wood finished look vinyl, Innotech Defender 76TS double Glazed, U=1.4W/m2K",VANCOUVER,BRITISH COLUMBIA,25.02,49.48,0.0
120025,materials_glazing,placeholder,"wood finished look vinyl, Innotech Defender 88PH Pro, triple glazed, U=0.76W/m2K",VANCOUVER,BRITISH COLUMBIA,75.45,49.07,0.0
120026,materials_glazing,placeholder,"Kawneer 451 UT System, U=1.7 W/m2K, or Alumicor FlushGlaze 3400, triple glazed U=1.53 W/m2K",VANCOUVER,BRITISH COLUMBIA,222.1,0.0,0.0
120027,materials_glazing,placeholder,"Fixed window Cascadia Universal Series, double glazed, 2x low-e coatings, Stainless Steel Spacer, U=1.13W/m2K",VANCOUVER,BRITISH COLUMBIA,35.05,66.68,0.0
120028,materials_glazing,placeholder,"Fixed window Cascadia Universal Series, triple glazed, 3x low-e coatings, tri-seal spacer, U=0.77W/m2K",VANCOUVER,BRITISH COLUMBIA,295.62,46.86,0.0
120029,materials_glazing,placeholder,"Starline 4500 T, double glazed, 1 low-e coating, argon filled IG & TGI Spacer, U=2.29W/m2K",VANCOUVER,BRITISH COLUMBIA,253.76,0.0,0.0
120030,materials_glazing,placeholder,"Reynaers Aluminum CP 155-LS, double glazed, U=1.7 W/m2K",VANCOUVER,BRITISH COLUMBIA,561.33,0.0,0.0
120031,materials_glazing,placeholder,"Reynaers Aluminum CP 155-LS, triple glazed, U=1.2 W/m2K",VANCOUVER,BRITISH COLUMBIA,655.97,0.0,0.0
120032,materials_glazing,placeholder,"Starline 9502 double glazed swing door, low-e coating, argon filled IGU, TGI Spacer, U=2.36W/m2K",VANCOUVER,BRITISH COLUMBIA,674.8,0.0,0.0
120033,materials_glazing,placeholder,"Reynaers Aluminum Masterline 8, double glazed, U=1.42 W/m2K",VANCOUVER,BRITISH COLUMBIA,931.24,0.0,0.0
120034,materials_glazing,placeholder,"Reynaers Aluminum Masterline 10, triple glazed, U=0.9 W/m2K",VANCOUVER,BRITISH COLUMBIA,341.03,0.0,0.0
120035,materials_glazing,placeholder,"Swing door Cascadia Universal Series, double glazed, 2x low-e coatings, Stainless Steel Spacer, U=1.13W/m2K",VANCOUVER,BRITISH COLUMBIA,552.71,3.03,0.0
120036,materials_glazing,placeholder,"Swing door Cascadia Universal Series, triple glazed, 3x low-e coatings, tri-seal spacer, U=0.77W/m2K",VANCOUVER,BRITISH COLUMBIA,477.15,7.94,0.0
120037,materials_glazing,placeholder,"Kawneer 2000, pressure plate glazing or SSG system, double glazed 1 low-e ",VANCOUVER,BRITISH COLUMBIA,476.27,0.0,0.0
120038,materials_glazing,placeholder,"wood finished look vinyl, Innotech Defender 76TS triple Glazed, U=0.92W/m2K",VANCOUVER,BRITISH COLUMBIA,28.94,34.66,0.0
120039,materials_glazing,placeholder,upcharge for glazing Low-e films- within IGU,VANCOUVER,BRITISH COLUMBIA,46.55,0.0,0.0
120040,materials_glazing,placeholder,upcharge for glazing Low-e films- hard coat interior pane,VANCOUVER,BRITISH COLUMBIA,2.97,0.0,0.0
120041,materials_glazing,placeholder,upcharge to triple glazing from double glazing,VANCOUVER,BRITISH COLUMBIA,163.82,0.0,0.0
120042,materials_glazing,placeholder,upcharge to structural design upgrades to glazing frames to suit quad glazing (15% upcharge),VANCOUVER,BRITISH COLUMBIA,38.69,0.0,0.0
130043,materials_opaque,placeholder,"Gypsum wallboard, on walls, standard, 1/2"" thick, finish excluded",,,1.29,2.03,0.0
230044,materials_opaque,placeholder,"Brick veneer wall, standard face, 2x6 studs @ 16"" back-up, running bond",,,42.52,75.95,0.0
110045,materials_opaque,placeholder,"Vapor retarders, building paper, polyethylene vapor barrier, standard, 4 mil (.004"" thick), 9' x 400' roll",,,17.43,9.79,0.0
110046,materials_opaque,placeholder,"Blanket insulation, for walls or ceilings, foil faced fiberglass, 6"" thick, R21, 15"" wide",,,1.03,1.64,0.0
100047,materials_opaque,placeholder,"Sheathing, plywood on walls, CDX, 1/2"" thick, pneumatic nailed",,,2.47,2.27,0.0
110048,materials_opaque,placeholder,"Weather barriers, building paper, spun bonded polyethylene",,,0.16,0.54,0.0
110049,materials_opaque,placeholder,"Wood siding, boards, redwood, tongue & groove, ""B"" grade, 1"" x 8""",,,20.17,4.88,0.0
130050,materials_opaque,placeholder,"Paints & coatings, siding, misc., smooth wood(butt, T&G, beveled, drop, or B&B siding), waterproof sealer, first coat, spray",,,0.36,0.1,0.0
130051,materials_opaque,placeholder,"Paints & coatings, siding, exterior, Texture 1-111 or clapboard, oil base, stain 2 coats, spray",,,0.56,0.4,0.0
090052,materials_opaque,placeholder,"Partition, galvanized LB studs, 16 ga x 3-5/8"" W studs 16"" OC x 10' H, incl galvanized top & bottom track, excl openings, headers, beams, bracing & bridging",,,72.91,73.33,0.0
110053,materials_opaque,placeholder,"Polymer based exterior insulation and finish system, field applied, 2"" EPS insulation",,,3.78,24.25,0.53
110054,materials_opaque,placeholder,"Vinyl siding, clapboard profile, woodgrain texture, .048 thick, single 8""",,,1.74,3.72,0.0
230055,materials_opaque,placeholder,"Wood siding, 2""x6"" studs 16""OC, insulated wall, 8"" plain vinyl siding",,,31.27,0.61,0.0
090056,materials_opaque,placeholder,"Metal decking, steel edge closure form, galvanized, with 2 bends, 12"" wide, 18 gauge",,,10.86,5.29,0.99
110057,materials_opaque,placeholder,"Steel siding, colored, corrugated or ribbed, on steel frame, 10 year finish, 24 gauge, incl. fasteners",,,10.22,4.44,0.0
110058,materials_opaque,placeholder,"Aluminum siding, closure strips, corrugated, .032"" thick",,,2.24,7.41,0.0
230059,materials_opaque,placeholder,"Metal siding, steel, corrugated or ribbed, 24 ga, .0239"" thick, colored",,,16.97,6.69,0.1
080060,materials_opaque,placeholder,"Brick walls, alt method of estimating by square foot, common brick, 6.75 brick per square foot, 4"" thick wall, incl mortar, 3% brick waste and 25% mortar waste, vertical reinforcement and grout, excl scaffolding & horizontal joint reinforcement",,,14.32,25.07,0.0
090061,materials_opaque,placeholder,"Lintel angle, structural, unpainted, under 500 lb., shop fabricated",,,0.2,2.73,0.0
230062,materials_opaque,placeholder,"Brick veneer wall, glazed face, 2x6 studs @ 16"" back-up, running bond",,,94.89,76.14,0.0
080063,materials_opaque,placeholder,"Concrete block partitions, normal weight blocks, 2000 psi, 6"" x 8"" x 16"", tooled joints both sides, includes mortar, excludes scaffolding, horizontal reinforcing, vertical reinforcing and grout",,,6.3,10.31,0.0
080064,materials_opaque,placeholder,"Masonry reinforcing bars, ladder type steel joint reinforcing, mill standard galvanized, 6"" wall, 9 ga. sides, 9 ga. ties",,,61.05,45.02,0.0
080065,materials_opaque,placeholder,"Masonry reinforcing bars, #5 and #6 reinforcing steel bars, placed vertically, ASTM A615",,,0.56,2.49,0.0
080066,materials_opaque,placeholder,"Control joint, PVC, for double wythe 8"" minimum wall (Brick/CMU)",,,5.44,4.88,0.0
080067,materials_opaque,placeholder,"Grout, concrete masonry unit (CMU) cores, 8"" thick, 0.258 C.F./S.F., pumped, excludes blockwork",,,9.18,3.73,1.26
110068,materials_opaque,placeholder,"Wall insulation, rigid, extruded polystyrene, 25 psi compressive strength, 3"" thick, R15",,,13.98,0.66,0.0
110069,materials_opaque,placeholder,"Blanket insulation, for walls or ceilings, foil faced fiberglass, 3-1/2"" thick, R13, 23"" wide",,,4.2,0.84,0.0
010070,materials_opaque,placeholder,"Crane crew, daily use for small jobs, 80-ton truck-mounted hydraulic crane, portal to portal",,,0.0,1803.62,3276.0
040071,materials_opaque,placeholder,"C.I.P. concrete forms, slab on grade, edge, wood, to 6"" high, 4 use, includes erecting, bracing, stripping and cleaning",,,0.84,14.77,0.0
040072,materials_opaque,placeholder,"Turnbuckle form aligner, for CIP footing forms, includes material only",,,46.83,0.0,0.0
040073,materials_opaque,placeholder,"Slab lifting inserts, single pickup, galvanized, for precast concrete, 3/4"" diameter x 5"" high, includes material only",,,14607.2,0.0,0.0
040074,materials_opaque,placeholder,"Welded wire fabric, plain, sheets, 6 x 6 - W2.9 x W2.9 (6 x 6) 42 lb./C.S.F., ASTM A185, incl labor for accessories, excl material for accessories",,,196.68,84.34,0.0
040075,materials_opaque,placeholder,"Structural concrete, ready mix, heavyweight, 3000 psi, includes local aggregate, sand, Portland cement (Type I) and water, delivered, excludes all additives and treatments",,,731.24,0.0,0.0
040076,materials_opaque,placeholder,"Concrete surface treatment, curing, sprayed membrane compound",,,16.06,12.89,0.0
040077,materials_opaque,placeholder,"Concrete surface treatment, release agent, for tilt slabs, 1000 SF/gal, 5 gallon pail, includes material only",,,7.68,0.0,0.0
090078,materials_opaque,placeholder,"Angle framing, structural steel, less than 4"", field fabricated, incl cutting & welding",,,3.73,25.8,3.49
110079,materials_opaque,placeholder,"Extruded polystyrene insulation, rigid, for walls, 25 psi compressive strength, 2"" thick, R10",,,9.51,3.71,0.0
040080,materials_opaque,placeholder,"Precast wall panel, smooth, gray, uninsulated, high rise, 4' x 8' x 4"" thick, 3000 psi",,,25.99,34.99,35.95
110081,materials_opaque,placeholder,"Blanket insulation, for walls or ceilings, foil faced fiberglass, 6"" thick, R19, 23"" wide",,,0.95,0.98,0.0
040197,materials_opaque,placeholder,"C.I.P. concrete forms, wall, job built, plywood, to 8' high, 4 use, includes erecting, bracing, stripping and cleaning",,,10.67,28.25,0.0
040083,materials_opaque,placeholder,"Reinforcing steel, in place, walls, #3 to #7, A615, grade 60, incl labor for accessories, excl material for accessories",,,9378.38,2268.14,0.0
040084,materials_opaque,placeholder,"Concrete finishing, walls, includes breaking ties and patching voids",,,0.1,2.08,0.0
110085,materials_opaque,placeholder,"Steel siding, factory sandwich panel, 2"" insulation, galvanized, baked enamel exterior, 22 gauge, incl. fasteners",,,52.84,13.66,0.0
120086,materials_opaque,placeholder,"Spandrel glass, for 3/8"" thick, add",,,34.6,0.0,0.0
120087,materials_opaque,placeholder,"Spandrel glass, panels, insulated, with aluminum backed fiberglass, 2"" thick",,,112.96,4.52,0.0
110088,materials_opaque,placeholder,"Wall insulation, rigid, isocyanurate, foil faced, both sides, 4' x 8' sheet, 1/2"" thick",,,0.97,1.91,0.0
110089,materials_opaque,placeholder,"Isocyanurate insulation, rigid, for walls, 4' x 8' sheet, 1"" thick, foil faced, both sides",,,3.43,3.48,0.0
110090,materials_opaque,placeholder,"Insulation, polyurethane foam, 2#/CF density, 1"" thick, R6.5, sprayed",,,5.96,0.98,0.72
110091,materials_opaque,placeholder,"Isocyanurate insulation, rigid, for walls, 4' x 8' sheet, 1-1/2"" thick, foil faced, both sides",,,1.62,3.03,0.0
110092,materials_opaque,placeholder,"Insulation, polyurethane foam, 2#/CF density, 5"" thick, R32.5, sprayed",,,24.64,3.59,0.82
110093,materials_opaque,placeholder,"Insulation, polyurethane foam, 2#/CF density, 2"" thick, R13, sprayed",,,3.68,1.71,0.05
110177,materials_opaque,placeholder,"Isocyanurate insulation, rigid, for walls, 4' x 8' sheet, 2"" thick, foil faced, both sides",,,7.24,0.6,0.0
110095,materials_opaque,placeholder,"Wall insulation, rigid, isocyanurate, foil faced, both sides, 4' x 8' sheet, 3"" thick",,,8.54,3.04,0.0
110096,materials_opaque,placeholder,"Insulation, polyurethane foam, 2#/CF density, 3"" thick, R19.5, sprayed",,,13.65,2.65,2.03
130097,materials_opaque,placeholder,"Gypsum wallboard, fire resistant, synthetic, nailed or screwed to studs, on walls, 1/2"" thick, finish excluded",,,2.98,2.58,0.0
110178,materials_opaque,placeholder,"Wall insulation, rigid, isocyanurate, foil faced, both sides, 4' x 8' sheet, 4"" thick",,,7.43,3.69,0.0
110164,materials_opaque,placeholder,"Insulation, polyurethane foam, 2#/CF density, 4"" thick, R26, sprayed",,,1.43,0.64,2.96
110100,materials_opaque,placeholder,"Blanket insulation, for walls or ceilings, foil faced fiberglass, 3-1/2"" thick, R15, 23"" wide",,,4.91,1.76,0.0
110101,materials_opaque,placeholder,"Blanket insulation, for walls or ceilings, foil faced fiberglass, 6"" thick, R21, 23"" wide",,,1.85,0.66,0.0
110102,materials_opaque,placeholder,"Insulation, polyurethane foam, 2#/CF density, 6"" thick, R39, sprayed",,,7.39,0.85,1.78
110103,materials_opaque,placeholder,"Built-up roofing systems, asphalt flood coat with gravel/slag surfacing, asphalt base sheet, 3-plies #15 asphalt felt, mopped, excl. insulation, flashing or wood nailers",,,757.5,191.91,101.92
100104,materials_opaque,placeholder,"Underlayment, plywood, underlayment grade, 1/2"" thick, pneumatic nailed",,,9.61,1.53,0.0
110105,materials_opaque,placeholder,"Roof deck insulation, extruded polystyrene, 4"" thick, R20, 25 psi compressive strength, fastening excluded",,,13.66,0.56,0.0
100106,materials_opaque,placeholder,"Wood roof decking, western white spruce, 2"" thick",,,5.43,10.87,0.0
110107,materials_opaque,placeholder,"Roof deck insulation, fiberglass, 1-5/16"" thick, R5.26, fastening excluded",,,3.74,1.83,0.0
090108,materials_opaque,placeholder,"Metal roof decking, steel, open type B wide rib, galvanized, 50 to 500 Sq, 1-1/2"" D, 18 gauge",,,10.26,2.28,0.03
110109,materials_opaque,placeholder,"Ethylene-propylene-diene-monomer roofing, (EPDM), 0.40 psf, fully adhered with adhesive, 60 mils",,,850.38,348.01,11.47
110110,materials_opaque,placeholder,"Flat seam sheet metal roofing, zinc copper alloy, .020"" thick",,,1985.36,285.67,0.0
110111,materials_opaque,placeholder,"Weather barriers, building paper, asphalt felt sheathing paper, #15, per square foot",,,0.01,0.72,0.0
100112,materials_opaque,placeholder,"Underlayment, plywood, underlayment grade, 3/4"" thick, pneumatic nailed",,,6.86,0.99,0.0
110113,materials_opaque,placeholder,"Asphalt shingles, premium, laminated multi-layered shingles, class A, 300-385 lb/sq",,,2059.31,34.35,0.0
110114,materials_opaque,placeholder,"Blanket insulation for floors/ceilings, fiberglass, paper or foil backing, 1 side, 9-1/2"" thick, R30, incl. spring type wire fasteners",,,6.11,3.9,0.0
110115,materials_opaque,placeholder,"Polyisocyanurate insulation, for roof decks, 1-1/2"" thick, 2#/CF density, fastening excluded",,,2.05,1.22,0.0
110116,materials_opaque,placeholder,"Blanket insulation for floors/ceilings, fiberglass, paper or foil backing, 1 side, 12"" thick, R38, incl. spring type wire fasteners",,,1.44,1.88,0.0
110117,materials_opaque,placeholder,"Polyisocyanurate insulation, for roof decks, 3/4"" thick, 2#/CF density, fastening excluded",,,3.94,0.1,0.0
110118,materials_opaque,placeholder,"Fiberglass insulation, ceilings, with open access, 16"" thick, R38, blown-in",,,4.53,4.9,1.48
110119,materials_opaque,placeholder,"Fiberglass insulation, ceilings, with open access, 20"" thick, R49, blown-in",,,7.18,1.08,2.73
110120,materials_opaque,placeholder,"Roof deck insulation, fastening alternatives, coated screws, 4""",,,0.13,0.78,0.0
040121,materials_opaque,placeholder,"C.I.P. concrete forms, elevated slab, floor, hung from steel beams, 4 use, includes shoring, erecting, bracing, stripping and cleaning",,,16.53,17.55,0.0
040122,materials_opaque,placeholder,"C.I.P. concrete forms, wall, job built, plywood, to 8' high, 1 use, includes erecting, bracing, stripping and cleaning",,,18.6,29.03,0.0
040123,materials_opaque,placeholder,"Reinforcing steel, in place, elevated slabs, #4 to #7, A615, grade 60, incl labor for accessories, excl material for accessories",,,5442.35,1980.68,0.0
110124,materials_opaque,placeholder,"Sprayed fireproofing, vermiculite cement, troweled or sprayed, 1/4"" thick",,,7.51,1.06,0.19
240125,materials_opaque,placeholder,"Insulation, rigid, roof deck, extruded polystyrene, 25 PSI compressive strength, 2"" thick, R10",,,1.11,0.66,0.0
090126,materials_opaque,placeholder,"Floor joist, galvanized CF steel, 14 ga x 10"" D, incl joists (2"" flange) & fasteners, excl band joists (track), web stiffeners, headers, beams, bridging & bracing, labor, materials only",,,26.14,0.0,0.0
100127,materials_opaque,placeholder,"Subfloors, plywood, CDX, 3/4"" thick, pneumatic nailed",,,2.05,0.49,0.0
110128,materials_opaque,placeholder,"Steel siding, beveled, vinyl coated, 10"" wide",,,4.66,9.19,0.0
100129,materials_opaque,placeholder,"Wood framing, joists, 2"" x 10""",,,3922.28,491.9,0.0
040130,materials_opaque,placeholder,"Expansion joint, premolded, bituminous fiber, 1/2"" x 6""",,,1.88,5.13,0.0
040131,materials_opaque,placeholder,"Welded wire fabric, plain, sheets, 6 x 6 - W2.1 x W2.1 (8 x 8) 30 lb./C.S.F., ASTM A185, incl labor for accessories, excl material for accessories",,,111.66,133.9,0.0
040132,materials_opaque,placeholder,"Structural concrete, ready mix, heavyweight, 3500 psi, includes local aggregate, sand, Portland cement (Type I) and water, delivered, excludes all additives and treatments",,,51.54,0.0,0.0
040133,materials_opaque,placeholder,"Structural concrete, placing, slab on grade, direct chute, over 6"" thick, includes leveling (strike off) & consolidation, excludes material",,,0.0,53.12,0.86
040134,materials_opaque,placeholder,"Concrete finishing, specified Random Access Floors ACI Classes 1, 2, 3 & 4, for Composite Overall Floor Flatness & Levelness to FF35/FL25, bull float, machine float & steel trowel (walk-behind), excl placing, striking off & consolidating",,,0.0,1.55,0.22
110135,materials_opaque,placeholder,"Vapor retarders, building paper, polyethylene vapor barrier, standard, 6 mil (.006"" thick), 9' x 400' roll",,,13.44,13.54,0.0
030136,materials_opaque,placeholder,"Fine grading, finish grading, small area, to be paved with grader",,,0.0,5.09,4.92
030137,materials_opaque,placeholder,"Fill, gravel fill, compacted, under floor slabs, 4"" deep",,,0.69,1.17,0.01
110138,materials_opaque,placeholder,"Roof deck insulation, extruded polystyrene, 3"" thick, R15, 40 psi compressive strength, fastening excluded",,,9.76,1.58,0.0
040139,materials_opaque,placeholder,"Concrete finishing, fresh concrete flatwork, floors, basic finishing for unspecified flatwork, bull float, manual float & broom finish, incl edging and joints, excl placing, striking off & consolidating",,,0.0,0.52,0.0
080140,materials_opaque,placeholder,"Washing brick, smooth brick, acid wash",,,0.16,2.66,0.0
040141,materials_opaque,placeholder,"Structural concrete, placing, slab on grade, direct chute, up to 6"" thick, includes leveling (strike off) & consolidation, excludes material",,,0.0,6.5,2.25
100142,materials_opaque,placeholder,"Wood framing, partitions, standard & better lumber, 2"" x 6"" studs, 16"" OC, 10' high, includes single bottom plate and double top plate, excludes waste",,,68.49,60.15,0.0
110143,materials_opaque,placeholder,"Sheet metal flashing, aluminum, flexible, mill finish, .019"" thick, including up to 4 bends",,,4.04,10.07,0.0
110144,materials_opaque,placeholder,"Pre-formed joint seals, backer rod, polyethylene, 1/4"" dia",,,472.95,495.85,0.0
110145,materials_opaque,placeholder,"Joint sealants, caulking and sealants, butyl based, bulk, 1/4"" x 1/2""",,,1.97,5.02,0.0
040146,materials_opaque,placeholder,"Structural concrete, placing, walls, pumped, 8"" thick, includes leveling (strike off) & consolidation, excludes material",,,0.0,72.3,14.06
040147,materials_opaque,placeholder,"Structural concrete, placing, elevated slab, pumped, 6"" to 10"" thick, includes leveling (strike off) & consolidation, excludes material",,,0.0,8.62,24.93
090148,materials_opaque,placeholder,"Floor joist, galvanized CF steel, 14 ga x 10"" D, incl fastening to band joists, beams & headers, excl materials, labor only",,,0.0,18.13,0.0
120149,materials_opaque,placeholder,"Doors, hollow metal, commercial, steel, flush, full panel, hollow core, 1-3/8"" thick, 20 ga., 3'-0"" x 7'-0""",,,1791.36,298.89,0.0
120150,materials_opaque,placeholder,"Doors, aluminum, commercial entrance, flush panel doors, pair of, 2'-6"" x 7'-0"", incl. hinges, push/pull, deadlock, cylinder, threshold, excl. glazing",,,4481.05,2888.66,0.0
120151,materials_opaque,placeholder,"Fiberglass, exterior, prehung door, 1-3/4"", 3'-0"" x 7'-0""",,,6305.0,339.11,0.0
120152,materials_opaque,placeholder,"Doors, rolling service, steel, manual, 20 gauge, 10' x 10' high, incl. hardware",,,5182.5,2957.68,0.0
110153,materials_opaque,placeholder,"Extruded polystyrene insulation, rigid, for walls, 25 psi compressive strength, 1"" thick, R5",,,5.62,1.15,0.0
110154,materials_opaque,placeholder,"Polyisocyanurate insulation, for roof decks, 2"" thick, 2#/CF density, fastening excluded",,,3.54,1.36,0.0
110155,materials_opaque,placeholder,"Roof deck insulation, fiberglass, 15/16"" thick, R3.70, fastening excluded",,,4.67,0.15,0.0
040156,materials_opaque,placeholder,"Concrete sawing, concrete walls, plain, per inch of depth, hydraulic saw",,,0.12,20.61,25.28
090157,materials_opaque,placeholder,"Partition, galvanized LB studs, 16 ga x 6"" W studs 16"" OC x 10' H, incl galvanized top & bottom track, excl openings, headers, beams, bracing & bridging",,,180.49,14.4,0.0
100158,materials_opaque,placeholder,"Insulating sheathing, expanded polystyrene, 3/4"" thick R2.89, 1#/CF density, fastening excluded",,,1.74,3.76,0.0
110159,materials_opaque,placeholder,"Blanket insulation, for walls or ceilings, kraft faced fiberglass, 3-1/2"" thick, R11, 23"" wide",,,1.87,0.66,0.0
110160,materials_opaque,placeholder,"Blanket insulation, for walls or ceilings, kraft faced fiberglass, 3-1/2"" thick, R13, 23"" wide",,,2.0,1.3,0.0
110161,materials_opaque,placeholder,"Blanket Inuslation for floors/ceilings, fibreglass, unfaced, 12"" thick, including spring type wire with fasteners",VANCOUVER,BRITISH COLUMBIA,1.74,0.41,0.0
110162,materials_opaque,placeholder,"Blanket Inuslation for floors/ceilings, fibreglass, unfaced, 1 side, 3.5"" thick, including spring type wire with fasteners",VANCOUVER,BRITISH COLUMBIA,0.2,3.13,0.0
110163,materials_opaque,placeholder,"roof deck extruded polystyrene, 3"" (R15), 25 PSI modifed to 2x4"" sheets ",VANCOUVER,BRITISH COLUMBIA,7.06,0.21,0.0
110165,materials_opaque,placeholder,"Mineral wool board, rigid, 1"" thick",VANCOUVER,BRITISH COLUMBIA,2.45,1.18,0.0
110166,materials_opaque,placeholder,"Mineral wool board, rigid, 2"" thick",VANCOUVER,BRITISH COLUMBIA,1.85,1.77,0.0
110167,materials_opaque,placeholder,"Mineral wool board, rigid, 4"" thick",VANCOUVER,BRITISH COLUMBIA,4.57,2.44,0.0
110168,materials_opaque,placeholder,"Mineral wool board, rigid, 6"" thick",VANCOUVER,BRITISH COLUMBIA,8.69,1.39,0.0
110169,materials_opaque,placeholder,"Mineral wool board, rigid, 8"" thick",VANCOUVER,BRITISH COLUMBIA,6.53,2.27,0.0
040170,materials_opaque,placeholder,"Precast wall panel, 8x16, 4"" thick, uninsulated",VANCOUVER,BRITISH COLUMBIA,62.49,17.7,11.22
040171,materials_opaque,placeholder,"Precast wall panel, add for 2"" polystyrene",VANCOUVER,BRITISH COLUMBIA,1.27,0.0,0.0
110172,materials_opaque,placeholder,"Mineral wool batt, 4"" thick, R20",VANCOUVER,BRITISH COLUMBIA,1.76,1.56,0.0
040173,materials_opaque,placeholder,"Precast wall panel, add for 3"" polystyrene",VANCOUVER,BRITISH COLUMBIA,5.56,0.0,0.0
040174,materials_opaque,placeholder,"Precast wall panel, add for 4"" polystyrene",VANCOUVER,BRITISH COLUMBIA,7.4,0.0,0.0
100175,materials_opaque,placeholder,"exterior gypsum sheahting, 1/2"" thick, weatherproof, glass mat facer",VANCOUVER,BRITISH COLUMBIA,1.85,0.28,0.0
110176,materials_opaque,placeholder,"self-adhered SBS Air/vapour/moisture barrier, 36"" wide with adhesive",VANCOUVER,BRITISH COLUMBIA,0.54,3.51,0.0
090179,materials_opaque,placeholder,"galv. 2.5"" SS, LB Metal stud framing, stud wall top & bottom, no openings, 2x2.5"", 8 ft at 16"" o/c",VANCOUVER,BRITISH COLUMBIA,5.11,11.39,0.0
090180,materials_opaque,placeholder,"Flynn speedwall system- 6"" Quadcore",VANCOUVER,BRITISH COLUMBIA,349.81,0.0,0.0
090181,materials_opaque,placeholder,"Flynn speedwall system- 6"" Quadcore + batt",VANCOUVER,BRITISH COLUMBIA,378.24,0.0,0.0
080182,materials_opaque,placeholder,"4"" brick veneer w/ galvanized brick ties, galv. Steel shelf angles, lintels. ",VANCOUVER,BRITISH COLUMBIA,57.7,0.0,0.0
080183,materials_opaque,placeholder,"4"" brick veneer w/ stainless steel brick ties, galv. Steel shelf angles, lintels. ",VANCOUVER,BRITISH COLUMBIA,59.96,0.0,0.0
090184,materials_opaque,placeholder,"metal panels, mid-range, standard colour, excludes perimeter/transition sealants.",VANCOUVER,BRITISH COLUMBIA,24.01,0.0,0.0
110185,materials_opaque,placeholder,"Ejot Thermal Clips- 2.5"" per piece",VANCOUVER,BRITISH COLUMBIA,6.93,11.12,0.0
110186,materials_opaque,placeholder,"Ejot Thermal Clips- 4.5"" per piece",VANCOUVER,BRITISH COLUMBIA,7.12,5.97,0.0
110187,materials_opaque,placeholder,"Ejot Thermal Clips- 6.5"" per piece",VANCOUVER,BRITISH COLUMBIA,9.07,7.24,0.0
110188,materials_opaque,placeholder,"Ejot Thermal Clips- 7.5"" per piece",VANCOUVER,BRITISH COLUMBIA,12.19,1.69,0.0
110189,materials_opaque,placeholder,"Ejot Thermal Clips- 8.5"" per piece",VANCOUVER,BRITISH COLUMBIA,19.21,9.26,0.0
110190,materials_opaque,placeholder,"Ejot Thermal Clips- 11"" per piece",VANCOUVER,BRITISH COLUMBIA,44.8,9.38,0.0
110191,materials_opaque,placeholder,"Ejot Thermal Clips- 13"" per piece",VANCOUVER,BRITISH COLUMBIA,2.98,2.11,0.0
110192,materials_opaque,placeholder,"Ejot Thermal Clips- 16"" per piece",VANCOUVER,BRITISH COLUMBIA,55.04,1.62,0.0
090193,materials_opaque,placeholder,Fero-fast offset bracket c/w ledger angle,VANCOUVER,BRITISH COLUMBIA,304.47,0.0,0.0
100194,materials_opaque,placeholder,"wood framed attic rafter vent baffles, 22x48,",VANCOUVER,BRITISH COLUMBIA,2.47,2.99,0.0
090195,materials_opaque,placeholder,"Structural steel column, 4"" diam, shop fab'd 100 ton (1-2 storey structural steel building).",VANCOUVER,BRITISH COLUMBIA,80.6,5.46,4.04
110196,materials_opaque,placeholder,"XPS 2"", concrete faced insulation panel 2x4ft",VANCOUVER,BRITISH COLUMBIA,73.18,2.06,0.0
040198,materials_opaque,placeholder,"cast in place concrete footing, reinforced strip footin 20x10"", placing and finishing",VANCOUVER,BRITISH COLUMBIA,60.24,621.54,1.99
040199,materials_opaque,placeholder,"Precast panel,  complete with X-Connectors (FRP) at 16""x32"" spacing, w 8"" of XPS Insulation",VANCOUVER,BRITISH COLUMBIA,131.4,8.71,4.72
090200,materials_opaque,placeholder,"5/8"" inch galvanized steel hat tracks, 12ft long modified to sqft wall area (assuming every other stud)",VANCOUVER,BRITISH COLUMBIA,0.54,1.21,0.0
080201,materials_opaque,placeholder,"stainless steel brick ties (Hohmann & Barnard Masonry Stainless Steel 2-Seal Thermal Wing Nut Anchor)- up to 4"", 32x24"" spacing",VANCOUVER,BRITISH COLUMBIA,1.53,4.6,0.0
080202,materials_opaque,placeholder,"stainless steel brick ties (Hohmann & Barnard Masonry Stainless Steel 2-Seal Thermal Wing Nut Anchor)- up to 8"", 32"" x 24"" spacing",VANCOUVER,BRITISH COLUMBIA,1.16,0.17,0.0
100203,materials_opaque,placeholder,"wood nailing strip/strapping, 1""x1""x8' . Estimated to be similar to wood strapping",VANCOUVER,BRITISH COLUMBIA,0.69,0.48,0.0
080204,materials_opaque,placeholder,"galvanized steel brick ties, up to 4"", 32x24"" spacing",VANCOUVER,BRITISH COLUMBIA,0.3,3.97,0.0
080205,materials_opaque,placeholder,"galvanized steel brick ties, up to 8"", 32x24"" spacing",VANCOUVER,BRITISH COLUMBIA,0.69,4.75,0.0
090206,materials_opaque,placeholder,"1.5"" steel stud, non load bearing, installed, modified to sqft wall area",VANCOUVER,BRITISH COLUMBIA,0.07,3.75,0.0
090207,materials_opaque,placeholder,"3' x 20' long 26 guage painted wall panel, modified to sqft",VANCOUVER,BRITISH COLUMBIA,3.14,15.37,0.0
090208,materials_opaque,placeholder,"ZEE girt member, 16"" gauge, 25' long  isntalled at 2ft o/c vert., modified to sqft",VANCOUVER,BRITISH COLUMBIA,8.43,4.36,0.0
110209,materials_opaque,placeholder,"thermal tape and insulation break for metal sheet walls, at 2ft o/c vert.",VANCOUVER,BRITISH COLUMBIA,1.77,0.75,0.0
040210,materials_opaque,placeholder,generic structural thermal break for reinforcing steel in concrete parapet,VANCOUVER,BRITISH COLUMBIA,37.12,0.0,0.0
190211,materials_lighting,placeholder,"Strap, steel, 2 holes, rigid steel conduit, 1/2"" diameter",,,1.39,3.88,0.0
190212,materials_lighting,placeholder,"Rooftop channel support, 1-5/8"" L x 1-5/8"" W, 12 ga. hot dip galv., sngl. base",,,6.82,38.73,0.0
190213,materials_lighting,placeholder,"Wiring duct plastic, PVC, snap-in slots, adhesive backed, 2"" W x 1"" H",,,24.43,18.51,0.0
190214,materials_lighting,placeholder,"Fixture hangers, flexible, 3/4"" diameter, 4"" long",,,86.94,43.88,0.0
190215,materials_lighting,placeholder,"Wire, copper, stranded, 600 volt, #14, type THWN-THHN, normal installation conditions in wireway, conduit, cable tray",,,108.93,118.35,0.0
190216,materials_lighting,placeholder,"Wire, copper, solid, 600 volt, #12, type THWN-THHN, normal installation conditions in wireway, conduit, cable tray",,,24.35,236.44,0.0
190217,materials_lighting,placeholder,"Wire, copper, solid, 600 volt, #10, type THWN-THHN, normal installation conditions in wireway, conduit, cable tray",,,114.0,254.4,0.0
190218,materials_lighting,placeholder,"Intermediate metal conduit, 1/2"" diameter, to 10' high, incl 2 terminations, 2 elbows, 11 beam clamps, and 11 couplings per 100 LF",,,4.84,17.19,0.0
190219,materials_lighting,placeholder,"Outlet boxes, pressed steel, concrete, set flush, 4"" deep",,,113.67,167.19,0.0
190220,materials_lighting,placeholder,"Outlet boxes, pressed steel, concrete, plate, incl 3/8"" stud",,,20.34,38.98,0.0
190221,materials_lighting,placeholder,"Pull boxes, steel, type SC, 12"" W x 12"" H x 4"" D, NEMA 1",,,154.26,118.19,0.0
190222,materials_lighting,placeholder,"Electrical nonmetallic tubing (ENT), flexible, 1"" diameter",,,3.04,16.49,0.0
190223,materials_lighting,placeholder,"Fluorescent fixture, interior, surface mounted, acrylic lens, six 40 watt, 2' W x 4' L, incl lamps, mounting hardware and connections",,,23.26,430.19,0.0
190224,materials_lighting,placeholder,"Fluorescent fixture, interior, high bay pendent mounted, 6-32 W, T8, 2' W x 4' L, incl lamps, mounting hardware and connections",,,889.82,273.78,0.0
190225,materials_lighting,placeholder,"Fluorescent fixture, interior, acrylic lens, grid recess ceiling mounted, 4-32 W T8, 2' W x 4' L, incl lamps, mounting hardware and connections",,,587.16,596.7,0.0
190226,materials_lighting,placeholder,"Fluorescent fixture, interior, high bay pendent mounted, 4-54 W, T5HO, 16"" W x 4' L, incl lamps, mounting hardware and connections",,,1068.92,575.52,0.0
190227,materials_lighting,placeholder,"Fluorescent fixture, interior, acrylic lens, grid recess ceiling mounted, 2-32 W T8, 1' W x 4' L, incl lamps, mounting hardware and connections",,,793.58,499.12,0.0
190228,materials_lighting,placeholder,"Fluorescent fixture, interior, acrylic lens, grid recess ceiling mounted, 2-U32 W T8, 2' W x 2' L, incl lamps, mounting hardware and connections",,,437.74,315.81,0.0
190229,materials_lighting,placeholder,"Fluorescent fixture, interior, acrylic lens, grid recess ceiling mounted, 2-32 W T8, 2' W x 4' L, incl lamps, mounting hardware and connections",,,1180.8,592.28,0.0
190230,materials_lighting,placeholder,"Fluorescent fixture, interior, acrylic lens, grid recess ceiling mounted, 3-32 W T8, 2' W x 4' L, incl lamps, mounting hardware and connections",,,265.36,147.8,0.0
190231,materials_lighting,placeholder,"Fluorescent fixture, interior, strip, surface mounted, RS, 2-32 W T8, 4' long, incl lamps, mounting hardware and connections",,,163.85,57.53,0.0
190232,materials_lighting,placeholder,"Fluorescent fixture, interior, strip, surface mounted, S.L., 1-60 W T8, 8' long, incl lamps, mounting hardware and connections",,,484.04,42.74,0.0
190233,materials_lighting,placeholder,"Fluorescent fixture, interior, strip, surface mounted, S.L., 2-T8/60 W, 8' long, incl lamps, mounting hardware and connections",,,167.32,546.12,0.0
190234,materials_lighting,placeholder,"Fluorescent fixture, interior, strip, surface mounted, H.O., 2-54 W, T5HO, 4' long, incl lamps, mounting hardware and connections",,,896.1,22.14,0.0
190235,materials_lighting,placeholder,"Fluorescent fixture, interior, strip, staggered cove mounted, 1-32 W T8, 4' long, incl lamps, mounting hardware and connections",,,299.05,33.63,0.0
190236,materials_lighting,placeholder,"Fluorescent fixture, interior, high bay pendent mounted, 6-54 W, T5HO, 2' W x 4' L, incl lamps, mounting hardware and connections",,,715.68,94.61,0.0
190237,materials_lighting,placeholder,"Fluorescent fixture, interior, strip, pendent mounted, industrial, white porcelain enamel, R.S., 2-32 W T8, 4' L, incl lamps, mounting hardware and connections",,,494.11,439.47,0.0
190238,materials_lighting,placeholder,"Fluorescent fixture, interior, strip, pendent mounted, industrial, white porcelain enamel, S.L., 2-60 W T8, 8' L, incl lamps, mounting hardware and connections",,,535.24,293.59,0.0
190239,materials_lighting,placeholder,"Fluorescent fixture, interior, troffer, air handling, R.S., 4-32 W T8, 2' W x 4' L, incl lamps, mounting hardware and connections",,,568.93,702.1,0.0
190240,materials_lighting,placeholder,"Fluorescent fixture, interior, air connector insulated, 5"" dia, incl lamps, mounting hardware and connections",,,72.09,62.27,0.0
190241,materials_lighting,placeholder,"Fluorescent fixture, interior, troffer, direct/indirect, 2-32 W T8, 2' W x 4' L, incl lamps, mounting hardware and connections",,,834.72,446.16,0.0
190242,materials_lighting,placeholder,"Fluorescent fixture, interior, troffer parabolic lay-in, 1-32 W T8, 1' W x 4' L, incl lamps, mounting hardware and connections",,,608.96,38.6,0.0
190243,materials_lighting,placeholder,"Fluorescent fixture, interior, troffer parabolic lay-in, 2-32 W T8, 1' W x 4' L, incl lamps, mounting hardware and connections",,,399.96,91.26,0.0
190244,materials_lighting,placeholder,"Fluorescent fixture, interior, troffer parabolic lay-in, 2-U32 W T8, 2' W x 2' L, incl lamps, mounting hardware and connections",,,535.54,295.6,0.0
190245,materials_lighting,placeholder,"Fluorescent fixture, interior, troffer parabolic lay-in, 3-32 W T8, 2' W x 4' L, incl lamps, mounting hardware and connections",,,68.83,398.68,0.0
190246,materials_lighting,placeholder,"Fluorescent fixture, interior, downlight, recess mounted, incl lamps, mounting hardware and connections",,,559.66,385.88,0.0
190247,materials_lighting,placeholder,"Fluorescent fixture, interior, wall washer, recess mounted, incl lamps, mounting hardware and connections",,,100.56,382.36,0.0
190248,materials_lighting,placeholder,"Fluorescent fixture, interior, direct/indirect, steel, pendent mounted, 4' L, incl lamps, mounting hardware and connections",,,935.17,611.06,0.0
190249,materials_lighting,placeholder,"Fluorescent fixture, interior, direct/indirect, aluminum, pendent mounted, 4' L, incl lamps, mounting hardware and connections",,,536.25,294.22,0.0
190250,materials_lighting,placeholder,"Fluorescent fixture, interior, prefabricated cove, steel continuous row, 4' L, incl lamps, mounting hardware and connections",,,528.77,356.73,0.0
190251,materials_lighting,placeholder,"Fluorescent fixture, interior, prefabricated cove, aluminum continuous row, 4' L, incl lamps, mounting hardware and connections",,,1907.55,213.49,0.0
190252,materials_lighting,placeholder,"Metal halide fixture, interior, surface mounted, high bay, aluminum reflector, single unit, 1,000 W, incl lamps, mounting hardware and connections",,,407.02,950.82,0.0
190253,materials_lighting,placeholder,"Metal halide fixture, interior, surface mounted, low bay, aluminum reflector, DX lamp, 250 W, incl lamps, mounting hardware and connections",,,534.24,497.94,0.0
190254,materials_lighting,placeholder,"Metal halide fixture, interior, surface mounted, high bay, aluminum reflector, single unit, 400 W, incl lamps, mounting hardware and connections",,,1183.6,1452.54,0.0
190255,materials_lighting,placeholder,"Metal halide fixture, interior, surface mounted, low bay, aluminum reflector, DX lamp, 400 W, incl lamps, mounting hardware and connections",,,215.46,807.95,0.0
190256,materials_lighting,placeholder,"Metal halide fixture, interior, recessed, square, 175 W, incl lamps and mounting hardware",,,910.57,955.66,0.0
190257,materials_lighting,placeholder,"Metal halide fixture, interior, surface, square, 175 W, incl lamps and mounting hardware",,,3310.16,322.79,0.0
190258,materials_lighting,placeholder,"Metal halide fixture, interior, pendent, square, 175 W, incl lamps and mounting hardware",,,2397.26,802.01,0.0
190259,materials_lighting,placeholder,"Metal halide fixture, interior, pendent, square, 250 W, incl lamps and mounting hardware",,,185.11,697.17,0.0
190260,materials_lighting,placeholder,"Metal halide fixture, interior, pendent, square, 400 W, incl lamps and mounting hardware",,,5997.75,317.42,0.0
190261,materials_lighting,placeholder,"Metal halide fixture, interior, integral ballast, prismatic glass lens, recess mounted, 250 W, 2' W x 2' L, incl lamps, mounting hardware and connections",,,869.03,820.01,0.0
190262,materials_lighting,placeholder,"Metal halide fixture, interior, integral ballast, prismatic glass lens, recess mounted, 400 W, 2' W x 2' L, incl lamps, mounting hardware and connections",,,1023.56,1002.27,0.0
190263,materials_lighting,placeholder,"Metal halide fixture, interior, integral ballast, prismatic glass lens, surface mounted, 250 W, 2' W x 2' L, incl lamps, mounting hardware and connections",,,576.4,457.22,0.0
190264,materials_lighting,placeholder,"Metal halide fixture, interior, integral ballast, prismatic glass lens, surface mounted, 400 W, 2' W x 2' L, incl lamps, mounting hardware and connections",,,1229.99,186.55,0.0
190265,materials_lighting,placeholder,"Metal halide fixture, interior, surface mounted, high bay, aluminum reflector, twin unit, 2-400 W, incl lamps, mounting hardware and connections",,,491.82,1862.76,0.0
190266,materials_lighting,placeholder,"High pressure sodium fixture, interior, recessed, square, 70 W, incl lamps and mounting hardware",,,3512.3,49.66,0.0
190267,materials_lighting,placeholder,"High pressure sodium fixture, interior, recessed, square, 100 W, incl lamps and mounting hardware",,,1755.51,497.75,0.0
190268,materials_lighting,placeholder,"High pressure sodium fixture, interior, recessed, square, 250 W, incl lamps and mounting hardware",,,2433.34,192.82,0.0
190269,materials_lighting,placeholder,"High pressure sodium fixture, interior, recessed, square, 1,000 W, incl lamps and mounting hardware",,,2123.28,487.04,0.0
190270,materials_lighting,placeholder,"High pressure sodium fixture, interior, surface, square, 70 W, incl lamps and mounting hardware",,,3627.96,831.96,0.0
190271,materials_lighting,placeholder,"High pressure sodium fixture, interior, surface, square, 100 W, incl lamps and mounting hardware",,,193.92,950.35,0.0
190272,materials_lighting,placeholder,"High pressure sodium fixture, interior, surface, square, 250 W, incl lamps and mounting hardware",,,1374.45,106.15,0.0
190273,materials_lighting,placeholder,"High pressure sodium fixture, interior, pendent, square, 70 W, incl lamps and mounting hardware",,,411.6,665.93,0.0
190274,materials_lighting,placeholder,"High pressure sodium fixture, interior, pendent, square, 100 W, incl lamps and mounting hardware",,,933.1,1134.24,0.0
190275,materials_lighting,placeholder,"High pressure sodium fixture, interior, pendent, square, 150 W, incl lamps and mounting hardware",,,1403.6,894.29,0.0
190276,materials_lighting,placeholder,"High pressure sodium fixture, interior, pendent, square, 250 W, incl lamps and mounting hardware",,,2916.08,253.0,0.0
190277,materials_lighting,placeholder,"High pressure sodium fixture, interior, pendent, square, 400 W, incl lamps and mounting hardware",,,5363.0,824.55,0.0
190278,materials_lighting,placeholder,"High pressure sodium fixture, interior, wall, square, 70 W, incl lamps and mounting hardware",,,1235.87,131.67,0.0
190279,materials_lighting,placeholder,"High pressure sodium fixture, interior, wall, square, 100 W, incl lamps and mounting hardware",,,3684.8,604.79,0.0
190280,materials_lighting,placeholder,"High pressure sodium fixture, interior, wall, square, 150 W, incl lamps and mounting hardware",,,1853.2,405.45,0.0
190281,materials_lighting,placeholder,"High pressure sodium fixture, interior, wall, square, 250 W, incl lamps and mounting hardware",,,2942.52,684.75,0.0
190282,materials_lighting,placeholder,"High pressure sodium fixture, interior, wall, square, 400 W, incl lamps and mounting hardware",,,1233.95,517.46,0.0
190283,materials_lighting,placeholder,"High pressure sodium fixture, interior, wall, square, 1,000 W, incl lamps and mounting hardware",,,2259.9,688.18,0.0
190284,materials_lighting,placeholder,"High pressure sodium fixture, interior, integral ballast, prismatic glass lens, recess mounted, 150 W, 2' W x 2' L, incl lamps, mounting hardware and connections",,,2131.1,850.32,0.0
190285,materials_lighting,placeholder,"High pressure sodium fixture, interior, integral ballast, prismatic glass lens, recess mounted, 400 W, 2' W x 2' L, incl lamps, mounting hardware and connections",,,2257.74,1021.47,0.0
190286,materials_lighting,placeholder,"High pressure sodium fixture, interior, integral ballast, prismatic glass lens, surface mounted, 150 W, 2' W x 2' L, incl lamps, mounting hardware and connections",,,1286.51,527.08,0.0
190287,materials_lighting,placeholder,"High pressure sodium fixture, interior, integral ballast, prismatic glass lens, surface mounted, 400 W, 2' W x 2' L, incl lamps, mounting hardware and connections",,,422.1,367.36,0.0
190288,materials_lighting,placeholder,"High pressure sodium fixture, interior, surface mounted, high bay, aluminum reflector, single unit, 400 W, incl lamps, mounting hardware and connections",,,350.8,1299.16,0.0
190289,materials_lighting,placeholder,"High pressure sodium fixture, interior, surface mounted, high bay, aluminum reflector, single unit, 1,000 W, incl lamps, mounting hardware and connections",,,2020.57,434.7,0.0
190290,materials_lighting,placeholder,"High pressure sodium fixture, interior, surface mounted, low bay, aluminum reflector, 150 W, incl lamps, mounting hardware and connections",,,138.45,164.9,0.0
190291,materials_lighting,placeholder,"HID quartz restrike, interior lighting fixtures, high bay, incl lamps, mounting hardware and connections",,,437.08,58.35,0.0
190292,materials_lighting,placeholder,"Interior LED fixtures, downlight, recess mounted, 25 watt, 7.5"" diameter, incl lamps, mounting hardware and connections",,,1867.46,267.63,0.0
190293,materials_lighting,placeholder,"Interior LED fixtures, downlight, recess mounted, 36 watt, 10"" diameter, incl lamps, mounting hardware and connections",,,1884.87,40.33,0.0
190294,materials_lighting,placeholder,"Interior LED fixtures, downlight, cylinder, 10 watts, incl lamps, mounting hardware and connections",,,215.11,81.61,0.0
190295,materials_lighting,placeholder,"Interior LED fixtures, downlight, cylinder, 20 watts, incl lamps, mounting hardware and connections",,,223.3,312.95,0.0
190296,materials_lighting,placeholder,"Interior LED fixtures, troffer, recess mounted, 3,200 lumens, 2' x 4', replaces two T8 lamp, incl lamps, mounting hardware and connections",,,371.77,444.34,0.0
190297,materials_lighting,placeholder,"Interior LED fixtures, troffer, recess mounted, 4,800 lumens, 2' x 4', replaces three T8 lamp, incl lamps, mounting hardware and connections",,,328.2,264.82,0.0
190298,materials_lighting,placeholder,"Interior LED fixtures, troffer, recess mounted, 6,400 lumens, 2' x 4', replaces four T8 lamp, incl lamps, mounting hardware and connections",,,937.92,212.28,0.0
190299,materials_lighting,placeholder,"Interior LED fixtures, troffer retrofit lamp, 38 watt, replaces two T8 lamp, incl lamps, mounting hardware and connections",,,312.69,143.94,0.0
190300,materials_lighting,placeholder,"Interior LED fixtures, troffer retrofit lamp, 60 watt, replaces three T8 lamp, incl lamps, mounting hardware and connections",,,35.53,28.81,0.0
190301,materials_lighting,placeholder,"Interior LED fixtures, troffer retrofit lamp, 100 watt, replaces four T8 lamp, incl lamps, mounting hardware and connections",,,705.17,46.06,0.0
190302,materials_lighting,placeholder,"Interior LED fixtures, troffer, volumetric recess mounted, 2' x 2', incl lamps, mounting hardware and connections",,,2358.72,456.78,0.0
190303,materials_lighting,placeholder,"Interior LED fixtures, strip, surface mounted, 3,500 K, one light bar 4' long, incl lamps, mounting hardware and connections",,,711.75,85.78,0.0
190304,materials_lighting,placeholder,"Interior LED fixtures, strip, surface mounted, 5,000 K, one light bar 4' long, incl lamps, mounting hardware and connections",,,859.32,245.79,0.0
190305,materials_lighting,placeholder,"Interior LED fixtures, strip, surface mounted, 5,000 K, two light bar 4' long, incl lamps, mounting hardware and connections",,,723.73,18.03,0.0
190306,materials_lighting,placeholder,"Interior LED fixtures, linear, suspended mounted, 37 watt, one light bar 4' long, incl lamps, mounting hardware and connections",,,178.81,387.07,0.0
190307,materials_lighting,placeholder,"Interior LED fixtures, linear, suspended mounted, 74 watt, one light bar 8' long, incl lamps, mounting hardware and connections",,,1773.9,179.9,0.0
190308,materials_lighting,placeholder,"Interior LED fixtures, linear, suspended mounted, 74 watt, two light bar 4' long, incl lamps, mounting hardware and connections",,,2533.8,379.7,0.0
190309,materials_lighting,placeholder,"Interior LED fixtures, linear, suspended mounted, 148 watt, two light bar 8' long, incl lamps, mounting hardware and connections",,,245.65,172.38,0.0
190310,materials_lighting,placeholder,"Interior LED fixtures, high bay, surface mounted, round, 150 watt",,,1443.05,137.92,0.0
190311,materials_lighting,placeholder,"Interior LED fixtures, high bay, surface mounted, 2 bars, 164 watt",,,400.59,345.44,0.0
190312,materials_lighting,placeholder,"Interior LED fixtures, high bay, surface mounted, 3 bars, 246 watt",,,2113.2,398.48,0.0
190313,materials_lighting,placeholder,"Interior LED fixtures, high bay, surface mounted, 4 bars, 328 watt",,,216.12,1478.56,0.0
190314,materials_lighting,placeholder,"Interior LED fixtures, high bay, surface mounted, 5 bars, 410 watt",,,1179.43,1624.84,0.0
190315,materials_lighting,placeholder,"Interior LED fixtures, high bay, surface mounted, 6 bars, 492 watt",,,6179.92,1511.83,0.0
190316,materials_lighting,placeholder,"Interior LED fixtures, high bay, surface mounted, 7 bars, 574 watt",,,4633.35,1323.7,0.0
190317,materials_lighting,placeholder,"Interior LED fixtures, high bay, surface mounted, 8 bars, 656 watt",,,7553.7,3118.11,0.0
190318,materials_lighting,placeholder,"Interior LED fixtures, track, lighthead, 6 watt",,,240.91,22.7,0.0
190319,materials_lighting,placeholder,"Interior LED fixtures, track, lighthead, 9 watt",,,315.58,99.74,0.0
190320,materials_lighting,placeholder,"Interior LED fixtures, garage, surface mounted, 103 watts",,,1477.75,458.98,0.0
190321,materials_lighting,placeholder,"Interior LED fixtures, garage, pendent mounted, 80 watts",,,88.74,35.4,0.0
190322,materials_lighting,placeholder,"Interior LED fixtures, garage, pendent mounted, 95 watts",,,610.56,918.38,0.0
190323,materials_lighting,placeholder,"Interior LED fixtures, garage, pendent mounted, 125 watts",,,4705.35,265.85,0.0
190324,materials_lighting,placeholder,"Fluorescent fixtures, residential, interior, surface mounted, circline, 32 watt & 40 watt",,,273.46,159.46,0.0
190325,materials_lighting,placeholder,"Fluorescent fixtures, residential, interior, surface mounted, 2 U-tube 32 watt T8, 2' x 2'",,,227.03,337.29,0.0
190326,materials_lighting,placeholder,"Fluorescent fixtures, residential, interior, surface mounted, shallow under cabinet, 2-20 watt",,,166.87,25.63,0.0
190327,materials_lighting,placeholder,"Fluorescent fixtures, residential, interior, wall mounted, with baffle, 2-32 watt T8, 4' L",,,571.54,117.85,0.0
190328,materials_lighting,placeholder,"Ballast, replacement, interior lighting fixtures, fluorescent, less than 2 lbs, to 15' high",,,159.75,160.77,0.0
190329,materials_lighting,placeholder,"Ballast, replacement, interior lighting fixtures, fluorescent, w/ reducer, two 40 W, 2 to 5 lbs, to 15' high",,,295.03,171.99,0.0
190330,materials_lighting,placeholder,"Ballast, replacement, interior lighting fixtures, fluorescent, slimline, two F96, over 5 lbs, to 15' high",,,97.4,173.89,0.0
190331,materials_lighting,placeholder,"Electronic ballast, replacement, interior lighting fixtures, for two tubes, to 15' high",,,81.21,112.92,0.0
190332,materials_lighting,placeholder,"Dimmable ballast, replacement, interior lighting fixtures, one-lamp, to 15' high",,,338.62,164.35,0.0
190333,materials_lighting,placeholder,"Dimmable ballast, replacement, interior lighting fixtures, two-lamp, to 15' high",,,456.96,262.9,0.0
190334,materials_lighting,placeholder,"Ballasts, replacement, multi-tap, for high pressure sodium, 70 watt",,,475.52,178.3,0.0
190335,materials_lighting,placeholder,"Ballasts, replacement, multi-tap, for high pressure sodium, 100 Watt",,,312.2,298.28,0.0
190336,materials_lighting,placeholder,"Ballasts, replacement, multi-tap, for high pressure sodium, 150 Watt",,,166.65,186.43,0.0
190337,materials_lighting,placeholder,"Ballasts, replacement, multi-tap, for high pressure sodium, 250 Watt",,,233.46,21.06,0.0
190338,materials_lighting,placeholder,"Ballasts, replacement, multi-tap, for high pressure sodium, 400 Watt",,,767.55,237.55,0.0
190339,materials_lighting,placeholder,"Ballasts, replacement, multi-tap, for high pressure sodium, 1,000 watt",,,531.99,262.66,0.0
190340,materials_lighting,placeholder,"Ballasts, replacement, multi-tap, for metal halide, 175 Watt",,,360.01,249.14,0.0
190341,materials_lighting,placeholder,"Ballasts, replacement, multi-tap, for metal halide, 250 Watt",,,139.67,277.61,0.0
190342,materials_lighting,placeholder,"Ballasts, replacement, multi-tap, for metal halide, 400 Watt",,,489.17,49.98,0.0
190343,materials_lighting,placeholder,"Ballasts, replacement, multi-tap, for metal halide, 1,000 watt",,,57.06,524.06,0.0
190344,materials_lighting,placeholder,"Ballasts, replacement, multi-tap, for metal halide, 1,500 watt",,,344.5,73.83,0.0
190345,materials_lighting,placeholder,"Exit lighting, incandescent, single face, ceiling or wall mount",,,151.79,349.07,0.0
190346,materials_lighting,placeholder,"Exit lighting, incandescent, double face, ceiling or wall mount",,,164.97,113.3,0.0
190347,materials_lighting,placeholder,"Exit lighting, incandescent, explosion proof, ceiling or wall mount",,,3117.24,543.9,0.0
190348,materials_lighting,placeholder,"Exit lighting, fluorescent, single face, ceiling or wall mount",,,547.47,183.61,0.0
190349,materials_lighting,placeholder,"Exit lighting, fluorescent, double face, ceiling or wall mount",,,465.79,197.24,0.0
190350,materials_lighting,placeholder,"Exit lighting, LED standard, single face, ceiling or wall mount",,,32.65,271.93,0.0
190351,materials_lighting,placeholder,"Exit lighting, LED standard, double face, ceiling or wall mount",,,210.44,411.18,0.0
190352,materials_lighting,placeholder,"Exit lighting, LED vandal-resistant, single face, single face, ceiling or wall mount",,,1772.16,424.02,0.0
190353,materials_lighting,placeholder,"Exit lighting, LED w/ battery unit, single face, ceiling or wall mount",,,1571.3,366.91,0.0
190354,materials_lighting,placeholder,"Exit lighting, LED w/ battery unit, double face, ceiling or wall mount",,,1851.5,118.85,0.0
190355,materials_lighting,placeholder,"Exit lighting, LED w/ battery unit, vandal-resistant, single face, ceiling or wall mount",,,300.4,719.94,0.0
190356,materials_lighting,placeholder,"Combination emergency light units and exit sign, ceiling or wall mount",,,128.67,363.61,0.0
190357,materials_lighting,placeholder,"Exit lighting, LED retrofit kits",,,156.33,21.95,0.0
190358,materials_lighting,placeholder,"Low pressure sodium fixture, exterior, wall pack, 35 watt, incl lamps",,,61.95,676.13,0.0
190359,materials_lighting,placeholder,"Low pressure sodium fixture, exterior, wall pack, 55 watt, incl lamps",,,201.59,386.31,0.0
190360,materials_lighting,placeholder,"High pressure sodium fixture, exterior, wall pack, 70 watt, incl lamps",,,263.9,716.21,0.0
190361,materials_lighting,placeholder,"High pressure sodium fixture, exterior, wall pack, 150 Watt, incl lamps",,,456.3,842.28,0.0
190362,materials_lighting,placeholder,"Metal halide fixture, exterior, wall pack, 175 Watt, incl lamps",,,281.03,225.32,0.0
190363,materials_lighting,placeholder,"Metal halide fixture, exterior, wall pack, 250 Watt, incl lamps",,,752.37,849.68,0.0
190364,materials_lighting,placeholder,"HPS fixture, exterior, wall pack, 400 watt, incl lamps",,,2011.13,270.73,0.0
190365,materials_lighting,placeholder,"LED fixture, exterior, wall pack, poly lens, 26 watt, incl lamps",,,90.74,148.26,0.0
190366,materials_lighting,placeholder,"LED fixture, exterior, wall pack, poly lens, 110 watt, incl lamps",,,4034.26,164.43,0.0
190367,materials_lighting,placeholder,"LED fixture, exterior, wall pack, poly lens, 13 watt, incl lamps",,,483.58,427.94,0.0
190368,materials_lighting,placeholder,"Exterior LED fixture, wall mounted, indoor/outdoor, 12 watt, incl lamps",,,386.75,97.29,0.0
190369,materials_lighting,placeholder,"Exterior LED fixture, wall mounted, indoor/outdoor, 32 watt, incl lamps",,,1095.0,298.98,0.0
190370,materials_lighting,placeholder,"Exterior LED fixture, wall mounted, indoor/outdoor, 66 watt, incl lamps",,,1004.92,156.98,0.0
190371,materials_lighting,placeholder,"Exterior LED fixture, wall mounted, outdoor, 110 watt, incl lamps",,,381.22,75.21,0.0
190372,materials_lighting,placeholder,"Exterior LED fixture, wall mounted, outdoor, 220 watt, incl lamps",,,1015.72,237.98,0.0
190373,materials_lighting,placeholder,"Exterior LED fixture, modular, type IV, 120 V, 50 watt, incl lamps",,,6125.1,99.76,0.0
190374,materials_lighting,placeholder,"Exterior LED fixture, modular, type IV, 120 V, 101 watt, incl lamps",,,1517.67,137.24,0.0
190375,materials_lighting,placeholder,"Exterior LED fixture, modular, type IV, 120 V, 126 watt, incl lamps",,,2842.56,273.26,0.0
190376,materials_lighting,placeholder,"Exterior LED fixture, modular, type IV, 120 V, 202 watt, incl lamps",,,5844.6,376.84,0.0
190377,materials_lighting,placeholder,"Exterior LED fixture, modular, type IV, 240 V, 50 watt, incl lamps",,,2899.85,160.39,0.0
190378,materials_lighting,placeholder,"Exterior LED fixture, modular, type IV, 240 V, 101 watt, incl lamps",,,4032.45,402.31,0.0
190379,materials_lighting,placeholder,"Exterior LED fixture, modular, type IV, 240 V, 126 watt, incl lamps",,,6165.45,173.55,0.0
190380,materials_lighting,placeholder,"Exterior LED fixture, modular, type IV, 240 V, 202 watt, incl lamps",,,2898.1,203.91,0.0
190381,materials_lighting,placeholder,"Exterior LED fixture, wall pack, glass, 13 watt, incl lamps",,,1315.12,309.26,0.0
190382,materials_lighting,placeholder,"Exterior LED fixture, wall pack, poly w/photocell, 26 watt, incl lamps",,,951.58,278.98,0.0
190383,materials_lighting,placeholder,"Exterior LED fixture, wall pack, poly w/photocell, 50 watt, incl lamps",,,1774.08,515.66,0.0
190384,materials_lighting,placeholder,"Exterior LED fixture, wall pack, replacement, 40 watt, incl lamps",,,423.51,279.67,0.0
190385,materials_lighting,placeholder,"Exterior LED fixture, wall pack, replacement, 60 watt, incl lamps",,,639.58,79.12,0.0
190386,materials_lighting,placeholder,"Parking LED Luminaire, round pole mounting, 88 lamp watts, excl pole",,,3357.75,856.98,0.0
190387,materials_lighting,placeholder,"Walkway LED luminaire, pole mounted, 86 watts, 4,350 lumens",,,683.1,219.61,0.0
190388,materials_lighting,placeholder,"Walkway LED luminaire, pole mounted, 86 watts, 4,630 lumens",,,1825.2,550.52,0.0
190389,materials_lighting,placeholder,"Walkway LED luminaire, pole mounted, 80 watts, 4,000 Lumens",,,1877.5,63.66,0.0
190390,materials_lighting,placeholder,"Fluorescent lamp, rapid start, cool white, 20 watt, 2' long",,,597.31,3000.81,0.0
190391,materials_lighting,placeholder,"Fluorescent lamp, rapid start, cool white, 40 watt, 4' long",,,1229.02,166.0,0.0
190392,materials_lighting,placeholder,"Fluorescent lamp, rapid start, cool white, 30 watt, 3' long",,,420.54,702.27,0.0
190393,materials_lighting,placeholder,"Fluorescent lamp, rapid start, cool white, energy saver, 25 watt, 3' long",,,6532.65,3281.08,0.0
190394,materials_lighting,placeholder,"Fluorescent lamp, rapid start, cool white, U-40 watt",,,5753.62,3688.54,0.0
190395,materials_lighting,placeholder,"Fluorescent lamp, rapid start, cool white, energy saver, U-34 watt",,,64.54,3239.62,0.0
190396,materials_lighting,placeholder,"Fluorescent lamp, rapid start, cool white, energy saver, 34 watt energy saver, 4' long",,,16.29,479.66,0.0
190397,materials_lighting,placeholder,"Fluorescent lamp, energy saver, 17 watt, 2' long, T8",,,85.68,2636.49,0.0
190398,materials_lighting,placeholder,"Fluorescent lamp, energy saver, 25 watt, 3' long, T8",,,487.9,706.1,0.0
190399,materials_lighting,placeholder,"Fluorescent lamp, energy saver, 32 watt, 4' long, T8",,,2767.5,2740.23,0.0
190400,materials_lighting,placeholder,"Fluorescent lamp, slimline, 40 watt, 4' long",,,3978.8,2257.52,0.0
190401,materials_lighting,placeholder,"Fluorescent lamp, slimline, energy saver, 30 watt, 4' long",,,6847.4,2991.92,0.0
190402,materials_lighting,placeholder,"Fluorescent lamp, slimline, 75 watt, 8' long",,,7272.0,3459.78,0.0
190403,materials_lighting,placeholder,"Fluorescent lamp, slimline, energy saver, 60 watt, 8' long",,,2367.3,1791.38,0.0
190404,materials_lighting,placeholder,"Fluorescent lamp, high output, 60 watt, 4' long",,,2301.78,2633.13,0.0
190405,materials_lighting,placeholder,"Fluorescent lamp, high output, energy saver, 95 watt, 8' long",,,5551.9,2852.62,0.0
190406,materials_lighting,placeholder,"Fluorescent lamp, high output, 110 watt, 8' long",,,606.22,767.12,0.0
190407,materials_lighting,placeholder,"Fluorescent lamp, high output, energy saver, 14 watt, 2' long, T5",,,1862.52,1195.77,0.0
190408,materials_lighting,placeholder,"Fluorescent lamp, high output, energy saver, 21 watt, 3' long, T5",,,1457.93,2013.48,0.0
190409,materials_lighting,placeholder,"Fluorescent lamp, high output, energy saver, 28 watt, 4' long, T5",,,960.85,794.07,0.0
190410,materials_lighting,placeholder,"Fluorescent lamp, high output, energy saver, 54 watt, 4' long, T5",,,690.3,2539.04,0.0
190411,materials_lighting,placeholder,"Fluorescent lamp, very high output, 110 watt, 4' long",,,7606.65,1621.04,0.0
190412,materials_lighting,placeholder,"Fluorescent lamp, very high output, energy saver, 195 watt, 8' long",,,14360.25,890.82,0.0
190413,materials_lighting,placeholder,"Fluorescent lamp, very high output, 215 watt, 8' long",,,4990.35,2303.98,0.0
190414,materials_lighting,placeholder,"Fluorescent lamp, full spectrum, 60 watt, 4' long",,,1675.55,925.65,0.0
190415,materials_lighting,placeholder,"Fluorescent lamp, full spectrum, 85 watt, 6' long",,,1725.3,3616.16,0.0
190416,materials_lighting,placeholder,"Fluorescent lamp, full spectrum, 110 watt, 8' long",,,5163.2,3628.34,0.0
190417,materials_lighting,placeholder,"Fluorescent lamp, twin tube compact lamp",,,1083.04,327.42,0.0
190418,materials_lighting,placeholder,"Fluorescent lamp, double twin tube compact lamp",,,2087.4,192.64,0.0
190419,materials_lighting,placeholder,"Metal halide lamp, mogul base, 175 Watt",,,294.8,4616.1,0.0
190420,materials_lighting,placeholder,"Metal halide lamp, mogul base, 250 Watt",,,9009.38,7893.6,0.0
190421,materials_lighting,placeholder,"Metal halide lamp, mogul base, 400 Watt",,,6788.15,733.7,0.0
190422,materials_lighting,placeholder,"Metal halide lamp, mogul base, 1,000 watt",,,7973.9,2632.35,0.0
190423,materials_lighting,placeholder,"Metal halide lamp, mogul base, 125,000 initial lumens, 1,000 watt",,,25789.8,9332.25,0.0
190424,materials_lighting,placeholder,"Metal halide lamp, mogul base, 1,500 watt",,,26670.6,15159.3,0.0
190425,materials_lighting,placeholder,"High sodium pressure lamp, mogul base, 70 watt",,,14326.12,5561.4,0.0
190426,materials_lighting,placeholder,"High sodium pressure lamp, mogul base, 100 Watt",,,7221.0,2421.9,0.0
190427,materials_lighting,placeholder,"High sodium pressure lamp, mogul base, 150 Watt",,,7655.85,1492.7,0.0
190428,materials_lighting,placeholder,"High sodium pressure lamp, mogul base, 250 Watt",,,2937.7,10115.4,0.0
190429,materials_lighting,placeholder,"High sodium pressure lamp, mogul base, 400 Watt",,,12268.9,9326.5,0.0
190430,materials_lighting,placeholder,"High sodium pressure lamp, mogul base, 1,000 watt",,,27825.18,5019.75,0.0
190431,materials_lighting,placeholder,"Low pressure sodium lamp, mogul base, 35 watt",,,19646.85,3776.6,0.0
190432,materials_lighting,placeholder,"Low pressure sodium lamp, mogul base, 55 watt",,,40359.98,3668.5,0.0
190433,materials_lighting,placeholder,"Low pressure sodium lamp, mogul base, 90 watt",,,107485.2,7762.5,0.0
190434,materials_lighting,placeholder,"Low pressure sodium lamp, mogul base, 135 watt",,,2159.3,15763.05,0.0
190435,materials_lighting,placeholder,"Low pressure sodium lamp, mogul base, 180 watt",,,63224.0,5702.85,0.0
190436,materials_lighting,placeholder,"Quartzline lamp, clear, 500 watt",,,5044.97,2648.12,0.0
190437,materials_lighting,placeholder,"Quartzline lamp, clear, 1,500 watt",,,2056.0,1790.55,0.0
190438,materials_lighting,placeholder,"Quartzline lamp, spot, 50 watt, MR 16",,,372.56,2634.1,0.0
190439,materials_lighting,placeholder,"Quartzline tungsten halogen lamp, 400 Watt, T4",,,1785.24,2514.38,0.0
190440,materials_lighting,placeholder,"Quartzline tungsten halogen lamp, 1,200 watt, T3",,,8486.4,8245.5,0.0
190441,materials_lighting,placeholder,"Halogen lamp, 50 watt, PAR 30",,,2242.3,1007.53,0.0
190442,materials_lighting,placeholder,"Quartzline tungsten halogen lamp, 90 watt, par 38",,,2272.65,2261.51,0.0
190443,materials_lighting,placeholder,"LED lamp, interior, globe clear A60, equal to 60 W",,,20.71,5.25,0.0
190444,materials_lighting,placeholder,"LED lamp, interior, globe frosted A60, equal to 6O W",,,14.21,2.44,0.0
190445,materials_lighting,placeholder,"LED lamp, interior, globe earth, equal to 10O W",,,13.21,6.66,0.0
190446,materials_lighting,placeholder,"LED lamp, interior, MR!6, 3 W, replacement of halogen 25 W",,,103.49,19.42,0.0
190447,materials_lighting,placeholder,"LED lamp, interior, MR!6, 6 W, replacement of halogen 45 W",,,82.62,18.24,0.0
190448,materials_lighting,placeholder,"LED lamp, interior, PAR20, 1O W, equal to 6O W",,,51.41,5.9,0.0
190449,materials_lighting,placeholder,"LED lamp, interior, PAR30, 15 W, equal to 10O W",,,214.06,1.5,0.0
190450,materials_lighting,placeholder,"LED lamp, 5O W LED lamp",,,2740.75,20.65,0.0
190451,materials_lighting,placeholder,"LED lamp, 11 Watt reflector dimmable warm white LED light bulb with medium base",,,194.36,14.28,0.0
190452,materials_lighting,placeholder,"LED lamp, 13 Watt reflector LED warm white e26 with medium base 120 volt box",,,190.64,4.52,0.0
190453,materials_lighting,placeholder,"LED lamp, 3500K LED advantage T8 9 W 800LM 2ft linear 2 BD frosted",,,3.71,41.28,0.0
190454,materials_lighting,placeholder,"LED lamp, 4000K LED litespan T8 9 W 900LM 2ft linear frosted",,,5.44,10.94,0.0
190455,materials_lighting,placeholder,"LED lamp, 5000K LED litespan T8 9 W 900LM 2ft linear frosted",,,35.11,42.71,0.0
190456,materials_lighting,placeholder,"LED lamp, 18 W LED 4ft T8 4000K frost 1600L linear lamp",,,118.95,17.95,0.0
190457,materials_lighting,placeholder,"LED lamp, 5000K LED advantage T8 18 W 1600LM 4ft linear 2BD frosted",,,90.15,22.6,0.0
190458,materials_lighting,placeholder,Lighting control module,,,649.44,410.9,0.0
190459,materials_lighting,placeholder,"Lighting devices, remote power pack",,,25.6,326.72,0.0
190460,materials_lighting,placeholder,"Lighting devices, occupancy sensors, passive infrared, ceiling mounted",,,118.58,340.65,0.0
190461,materials_lighting,placeholder,"Lighting devices, occupancy sensors, ultrasonic, ceiling mounted",,,13.74,470.6,0.0
190462,materials_lighting,placeholder,"Lighting devices, occupancy sensors, dual technology, ceiling mounted",,,617.0,414.99,0.0
190463,materials_lighting,placeholder,"Lighting devices, automatic wall switches",,,270.32,73.19,0.0
190464,materials_lighting,placeholder,"Lighting devices, daylighting sensor, manual control, ceiling mounted",,,758.06,457.76,0.0
190465,materials_lighting,placeholder,"Lighting devices, daylighting sensor, remote and dimming control, ceiling mounted, incl remote controller",,,794.33,152.53,0.0
190466,materials_lighting,placeholder,"Lighting devices, daylight level sensor, wall mounted, on/off or dimming, up to 50 ballasts",,,459.34,47.64,0.0
180467,materials_hvac,placeholder,"Gas piping, flexible (CSST), tubing with lightning protection, 1""",,,36.18,16.84,0.0
180468,materials_hvac,placeholder,"Gas piping, flexible (CSST), fittings, manifold with four ports, 3/4"" x 1/2"" x 1/2"" (4)",,,117.91,40.17,0.0
180469,materials_hvac,placeholder,"Fuel oil specialties, fuel oil filter, 32 GPH, 3/8"" I.P.T.",,,354.06,173.44,0.0
180470,materials_hvac,placeholder,"Storage tank, horizontal, steel, above ground, double wall, 2,000 gallon, incl. cradles, coating & fittings, excl. foundation, pumps or piping",,,9351.83,2616.02,0.0
180471,materials_hvac,placeholder,"Underground storage tank, steel, sti-P3, set in place, single wall, 1,000 gal cap, 7 ga. shell, excl. hold-down bars, excavation, pad pumps & piping",,,15947.1,1844.0,0.0
180472,materials_hvac,placeholder,"Storage tank, horizontal, steel, above ground, single wall, 550 gallon, incl. cradles, coating & fittings, excl. foundation, pumps or piping",,,1691.57,1036.95,0.0
180473,materials_hvac,placeholder,"Fuel oil specialties, fuel oil pump, light fuel and diesel oils, 1/3 H.P., 27 GPH",,,2289.2,44.52,0.0
180474,materials_hvac,placeholder,"Valves, brass, gas cocks, threaded, 3/4""",,,114.92,91.29,0.0
180475,materials_hvac,placeholder,"Valves, bronze, gate, non-rising stem, soldered, 125 psi, 1-1/4""",,,57.84,120.65,0.0
180476,materials_hvac,placeholder,"Valves, bronze, gate, non-rising stem, soldered, 125 psi, 1-1/2""",,,452.16,28.38,0.0
180477,materials_hvac,placeholder,"Valves, bronze, gate, non-rising stem, threaded, class 150, 3/4""",,,249.48,68.9,0.0
180478,materials_hvac,placeholder,"Valves, bronze, gate, non-rising stem, threaded, class 150, 1""",,,352.08,128.93,0.0
180479,materials_hvac,placeholder,"Valves, bronze, gate, non-rising stem, threaded, class 150, 1-1/4""",,,401.69,40.22,0.0
180480,materials_hvac,placeholder,"Valves, bronze, gate, non-rising stem, threaded, class 150, 2""",,,927.46,270.61,0.0
180481,materials_hvac,placeholder,"Valves, bronze, relief, pressure & temperature, self-closing, threaded, 3/4"", ASME",,,1253.24,45.43,0.0
180482,materials_hvac,placeholder,"Valves, iron body, butterfly, wafer type, lever actuator, 200 lb., 2""",,,331.29,7.66,0.0
180483,materials_hvac,placeholder,"Valves, iron body, butterfly, wafer type, lever actuator, 200 lb., 2-1/2""",,,236.93,73.75,0.0
180484,materials_hvac,placeholder,"Valves, iron body, butterfly, wafer type, lever actuator, 200 lb., 4""",,,294.3,755.2,0.0
180485,materials_hvac,placeholder,"Valves, iron body, gate, non-rising stem, flanged, 125 lb., 2""",,,2127.84,604.57,0.0
180486,materials_hvac,placeholder,"Valves, iron body, gate, non-rising stem, flanged, 125 lb., 2-1/2""",,,1063.04,518.73,0.0
180487,materials_hvac,placeholder,"Valves, iron body, gate, non-rising stem, flanged, 125 lb., 4""",,,743.37,780.12,0.0
180488,materials_hvac,placeholder,"Valves, cast iron body, multipurpose, functions as a shut off, balancing, check and metering valve, threaded, 2"" size",,,824.97,14.01,0.0
180489,materials_hvac,placeholder,"Insulation, pipe covering (price copper tube one size less than I.P.S.), calcium silicate, 1"" wall, 1"" iron pipe size, includes 8 oz. canvas cover",,,9.25,1.46,0.0
180490,materials_hvac,placeholder,"Insulation, pipe covering (price copper tube one size less than I.P.S.), calcium silicate, 1"" wall, 1-1/4"" iron pipe size, includes 8 oz. canvas cover",,,15.15,6.43,0.0
180491,materials_hvac,placeholder,"Insulation, pipe covering (price copper tube one size less than I.P.S.), calcium silicate, 1"" wall, 1-1/2"" iron pipe size, includes 8 oz. canvas cover",,,13.19,5.53,0.0
180492,materials_hvac,placeholder,"Insulation, pipe covering (price copper tube one size less than I.P.S.), calcium silicate, 1"" wall, 3"" iron pipe size, includes 8 oz. canvas cover",,,19.88,28.17,0.0
180493,materials_hvac,placeholder,"Insulation, pipe covering (price copper tube one size less than I.P.S.), fiberglass with all service jacket, 1"" wall, 3/4"" iron pipe size",,,9.16,5.54,0.0
180494,materials_hvac,placeholder,"Insulation, pipe covering (price copper tube one size less than I.P.S.), fiberglass with all service jacket, 1"" wall, 1"" iron pipe size",,,13.13,20.78,0.0
180495,materials_hvac,placeholder,"Insulation, pipe covering (price copper tube one size less than I.P.S.), fiberglass with all service jacket, 1"" wall, 1-1/4"" iron pipe size",,,13.89,25.49,0.0
180496,materials_hvac,placeholder,"Insulation, pipe covering (price copper tube one size less than I.P.S.), fiberglass with all service jacket, 1"" wall, 1-1/2"" iron pipe size",,,14.51,9.49,0.0
180497,materials_hvac,placeholder,"Insulation, pipe covering (price copper tube one size less than I.P.S.), fiberglass with all service jacket, 1"" wall, 2"" iron pipe size",,,17.6,18.94,0.0
180498,materials_hvac,placeholder,"Insulation, pipe covering (price copper tube one size less than I.P.S.), fiberglass with all service jacket, 1"" wall, 2-1/2"" iron pipe size",,,15.14,14.22,0.0
180499,materials_hvac,placeholder,"Insulation, pipe covering (price copper tube one size less than I.P.S.), fiberglass with all service jacket, 1-1/2"" wall, 2-1/2"" iron pipe size",,,16.26,6.82,0.0
180500,materials_hvac,placeholder,"Insulation, pipe covering (price copper tube one size less than I.P.S.), fiberglass with all service jacket, 1-1/2"" wall, 4"" iron pipe size",,,7.57,32.88,0.0
180501,materials_hvac,placeholder,"Insulation, pipe covering (price copper tube one size less than I.P.S.), finishes, .016"" thick, for aluminum jacket, add",,,2.16,4.02,0.0
180502,materials_hvac,placeholder,"Pipe, copper, tubing, solder, 3/4"" diameter, type L, includes coupling & clevis hanger assembly 10' OC",,,18.27,40.66,0.0
180503,materials_hvac,placeholder,"Pipe, copper, tubing, solder, 1"" diameter, type K, includes coupling & clevis hanger assembly 10' OC",,,21.88,20.77,0.0
180504,materials_hvac,placeholder,"Pipe, copper, tubing, solder, 1-1/4"" diameter, type L, includes coupling & clevis hanger assembly 10' OC",,,46.01,53.6,0.0
180505,materials_hvac,placeholder,"Pipe, copper, tubing, solder, 1-1/2"" diameter, type L, includes coupling & clevis hanger assembly 10' OC",,,5.64,44.18,0.0
180506,materials_hvac,placeholder,"Pipe, copper, tubing, solder, 2"" diameter, type L, includes coupling & clevis hanger assembly 10' OC",,,40.48,61.71,0.0
180507,materials_hvac,placeholder,"Pipe, copper, tubing, solder, 2-1/2"" diameter, type L, includes coupling & clevis hanger assembly 10' OC",,,71.54,39.55,0.0
180508,materials_hvac,placeholder,"Pipe, sub assemblies used in assembly systems, chilled water unit, coil connections, per unit, under 10 ton",,,3560.0,1472.62,0.0
180509,materials_hvac,placeholder,"Pipe, sub assemblies used in assembly systems, chilled water unit, coil connections, per unit, 10 ton and up",,,12012.0,1765.0,0.0
180510,materials_hvac,placeholder,"Pipe, sub assemblies used in assembly systems, chilled water distribution piping, per ton, less than 61 ton systems",,,18.06,110.02,0.0
180511,materials_hvac,placeholder,"Elbow, 90 Deg., copper, wrought, copper x copper, 3/4""",,,10.21,68.03,0.0
180512,materials_hvac,placeholder,"Elbow, 90 Deg., copper, wrought, copper x copper, 1""",,,16.22,178.47,0.0
180513,materials_hvac,placeholder,"Elbow, 90 Deg., copper, wrought, copper x copper, 1-1/4""",,,11.25,47.39,0.0
180514,materials_hvac,placeholder,"Elbow, 90 Deg., copper, wrought, copper x copper, 1-1/2""",,,16.67,64.59,0.0
180515,materials_hvac,placeholder,"Elbow, 90 Deg., copper, wrought, copper x copper, 2""",,,59.52,245.91,0.0
180516,materials_hvac,placeholder,"Elbow, 90 Deg., copper, wrought, copper x copper, 2-1/2""",,,17.77,442.26,0.0
180517,materials_hvac,placeholder,"Tee, copper, wrought, copper x copper, 3/4""",,,9.81,194.02,0.0
180518,materials_hvac,placeholder,"Tee, copper, wrought, copper x copper, 1""",,,74.71,276.61,0.0
180519,materials_hvac,placeholder,"Tee, copper, wrought, copper x copper, 1-1/4""",,,21.06,241.26,0.0
180520,materials_hvac,placeholder,"Tee, copper, wrought, copper x copper, 1-1/2""",,,12.82,215.0,0.0
180521,materials_hvac,placeholder,"Tee, copper, wrought, copper x copper, 2""",,,23.99,179.73,0.0
180522,materials_hvac,placeholder,"Tee, copper, wrought, copper x copper, 2-1/2""",,,114.11,470.49,0.0
180523,materials_hvac,placeholder,"Union, copper, cast, copper x copper, 3/4""",,,136.37,97.97,0.0
180524,materials_hvac,placeholder,"Union, copper, cast, copper x copper, 1""",,,522.61,81.75,0.0
180525,materials_hvac,placeholder,"Union, copper, cast, copper x copper, 1-1/4""",,,609.94,8.6,0.0
180526,materials_hvac,placeholder,"Union, copper, cast, copper x copper, 1-1/2""",,,742.35,72.81,0.0
180527,materials_hvac,placeholder,"Union, copper, cast, copper x copper, 2""",,,2243.15,58.43,0.0
180528,materials_hvac,placeholder,"Union, copper, cast, copper x copper, 2-1/2""",,,6039.8,24.72,0.0
180529,materials_hvac,placeholder,"Adapter, copper, wrought, copper x male I.P.S., 3/4""",,,61.95,169.17,0.0
180530,materials_hvac,placeholder,"Adapter, copper, wrought, copper x male I.P.S., 1""",,,221.78,47.48,0.0
180531,materials_hvac,placeholder,"Adapter, copper, wrought, copper x male I.P.S., 1-1/4""",,,204.91,89.18,0.0
180532,materials_hvac,placeholder,"Adapter, copper, wrought, copper x male I.P.S., 1-1/2""",,,454.09,8.67,0.0
180533,materials_hvac,placeholder,"Adapter, copper, wrought, copper x male I.P.S., 2""",,,126.28,64.74,0.0
180534,materials_hvac,placeholder,"Adapter, copper, wrought, copper x male I.P.S., 2-1/2""",,,2582.45,527.03,0.0
180535,materials_hvac,placeholder,"Pipe, steel, black, threaded, 1/2"" diameter, schedule 40, Spec. A-53, includes coupling and clevis hanger assembly sized for covering, 10' OC",,,32.67,20.92,0.0
180536,materials_hvac,placeholder,"Pipe, steel, black, threaded, 3/4"" diameter, schedule 40, Spec. A-53, includes coupling and clevis hanger assembly sized for covering, 10' OC",,,25.3,22.44,0.0
180537,materials_hvac,placeholder,"Pipe, steel, black, threaded, 1"" diameter, schedule 40, Spec. A-53, includes coupling and clevis hanger assembly sized for covering, 10' OC",,,26.06,52.15,0.0
180538,materials_hvac,placeholder,"Pipe, steel, black, threaded, 1-1/4"" diameter, schedule 40, Spec. A-53, includes coupling and clevis hanger assembly sized for covering, 10' OC",,,10.84,33.26,0.0
180539,materials_hvac,placeholder,"Pipe, steel, black, threaded, 1-1/2"" diameter, schedule 40, Spec. A-53, includes coupling and clevis hanger assembly sized for covering, 10' OC",,,5.7,30.31,0.0
180540,materials_hvac,placeholder,"Pipe, steel, black, threaded, 2"" diameter, schedule 40, Spec. A-53, includes coupling and clevis hanger assembly sized for covering, 10' OC",,,116.6,2.49,0.0
180541,materials_hvac,placeholder,"Pipe, steel, black, welded, 2-1/2"" diameter, schedule 40, Spec. A-53, includes yoke & roll hanger assembly, sized for covering, 10' OC",,,21.28,113.65,6.47
180542,materials_hvac,placeholder,"Pipe, steel, black, welded, 3"" diameter, schedule 40, Spec. A-53, includes yoke & roll hanger assembly, sized for covering, 10' OC",,,29.53,107.64,9.87
180543,materials_hvac,placeholder,"Pipe, steel, black, welded, 4"" diameter, schedule 40, Spec. A-53, includes yoke & roll hanger assembly, sized for covering, 10' OC",,,21.25,89.38,8.73
180544,materials_hvac,placeholder,"Elbow, 90 Deg., steel, malleable iron, black, straight, threaded, 150 lb., 1/2""",,,12.23,102.26,0.0
180545,materials_hvac,placeholder,"Elbow, 90 Deg., steel, malleable iron, black, straight, threaded, 150 lb., 3/4""",,,13.71,29.47,0.0
180546,materials_hvac,placeholder,"Elbow, 90 Deg., steel, malleable iron, black, straight, threaded, 150 lb., 1""",,,11.02,175.39,0.0
180547,materials_hvac,placeholder,"Elbow, 90 Deg., steel, malleable iron, black, straight, threaded, 150 lb., 1-1/4""",,,21.14,31.62,0.0
180548,materials_hvac,placeholder,"Elbow, 90 Deg., steel, malleable iron, black, straight, threaded, 150 lb., 1-1/2""",,,54.08,54.52,0.0
180549,materials_hvac,placeholder,"Elbow, 90 Deg., steel, malleable iron, black, straight, threaded, 150 lb., 2""",,,75.93,225.25,0.0
180550,materials_hvac,placeholder,"Elbow, 90 Deg., steel, malleable iron, black, straight, threaded, 150 lb., 2-1/2""",,,215.36,44.87,0.0
180551,materials_hvac,placeholder,"Tee, steel, malleable iron, black, straight, threaded, 150 lb., 3/4""",,,1.52,97.53,0.0
180552,materials_hvac,placeholder,"Tee, steel, malleable iron, black, straight, threaded, 150 lb., 1""",,,48.16,179.42,0.0
180553,materials_hvac,placeholder,"Tee, steel, malleable iron, black, straight, threaded, 150 lb., 1-1/4""",,,43.81,30.5,0.0
180554,materials_hvac,placeholder,"Tee, steel, malleable iron, black, straight, threaded, 150 lb., 1-1/2""",,,53.57,153.43,0.0
180555,materials_hvac,placeholder,"Tee, steel, malleable iron, black, straight, threaded, 150 lb., 2""",,,88.91,198.7,0.0
180556,materials_hvac,placeholder,"Tee, steel, malleable iron, black, straight, threaded, 150 lb., 2-1/2""",,,173.45,617.8,0.0
180557,materials_hvac,placeholder,"Tee, steel, malleable iron, black, reducing on the outlet, threaded, 150 lb., 3/4""",,,29.16,67.67,0.0
180558,materials_hvac,placeholder,"Tee, steel, malleable iron, black, reducing on the outlet, threaded, 150 lb., 1""",,,6.14,355.63,0.0
180559,materials_hvac,placeholder,"Tee, steel, malleable iron, black, reducing on the outlet, threaded, 150 lb., 2""",,,113.34,383.6,0.0
180560,materials_hvac,placeholder,"Reducer, steel, malleable iron, black, concentric, threaded, 150 lb., 3/4""",,,12.13,71.63,0.0
180561,materials_hvac,placeholder,"Reducer, steel, malleable iron, black, concentric, threaded, 150 lb., 1-1/4""",,,45.73,92.96,0.0
180562,materials_hvac,placeholder,"Reducer, steel, malleable iron, black, concentric, threaded, 150 lb., 2""",,,3.44,270.69,0.0
180563,materials_hvac,placeholder,"Cap, steel, malleable iron, black, threaded, 150 lb., 3/4""",,,15.19,33.35,0.0
180564,materials_hvac,placeholder,"Union, steel, malleable iron, black, with brass seat, threaded, 150 lb., 3/4""",,,5.46,178.11,0.0
180565,materials_hvac,placeholder,"Union, steel, malleable iron, black, with brass seat, threaded, 150 lb., 1""",,,102.67,140.61,0.0
180566,materials_hvac,placeholder,"Union, steel, malleable iron, black, with brass seat, threaded, 150 lb., 1-1/4""",,,36.36,203.57,0.0
180567,materials_hvac,placeholder,"Union, steel, malleable iron, black, with brass seat, threaded, 150 lb., 1-1/2""",,,158.74,190.71,0.0
180568,materials_hvac,placeholder,"Union, steel, malleable iron, black, with brass seat, threaded, 150 lb., 2""",,,20.44,316.92,0.0
180569,materials_hvac,placeholder,"Union, steel, malleable iron, black, with brass seat, threaded, 150 lb., 2-1/2""",,,466.18,416.23,0.0
180570,materials_hvac,placeholder,"Elbow, 90 Deg., steel, carbon steel, black, long radius, butt weld, standard weight, 2-1/2"" pipe size, includes 1 weld per joint and weld machine",,,7.08,677.54,20.62
180571,materials_hvac,placeholder,"Elbow, 90 Deg., steel, carbon steel, black, long radius, butt weld, standard weight, 4"" pipe size, includes 1 weld per joint and weld machine",,,173.93,1032.26,39.28
180572,materials_hvac,placeholder,"Reducer, steel, carbon steel, black, eccentric, butt weld, standard weight, 2-1/2"" pipe size, includes 1 weld per joint and weld machine",,,169.5,287.94,3.82
180573,materials_hvac,placeholder,"Tee, steel, carbon steel, black, reducing on the outlet, butt weld, standard weight, 2-1/2"" x 2"" pipe size, includes 1 weld per joint and weld machine",,,328.12,184.08,53.91
180574,materials_hvac,placeholder,"Nozzle, steel, T-O-L, weld-on, 1/4"" pipe size, includes 1 weld per joint and weld machine",,,72.85,203.73,8.38
180575,materials_hvac,placeholder,"Nozzle, steel, T-O-L, weld-on, 1/2"" pipe size, includes 1 weld per joint and weld machine",,,25.96,176.55,18.33
180576,materials_hvac,placeholder,"Nozzle, steel, T-O-L, weld-on, 3/4"" pipe size, includes 1 weld per joint and weld machine",,,26.54,18.48,11.47
180577,materials_hvac,placeholder,"Flange, steel, forged steel, weld neck, 150 lb., 2-1/2"" pipe size, includes 1 weld per joint and weld machine",,,107.89,153.7,22.76
180578,materials_hvac,placeholder,"Flange, steel, forged steel, weld neck, 150 lb., 4"" pipe size, includes 1 weld per joint and weld machine",,,186.25,430.35,40.81
180579,materials_hvac,placeholder,"Pressure & temperature safety plug, 3/4"" external thread, 3/8"" diameter element, 7-1/2"" insertion, 316 stainless steel",,,739.6,41.95,0.0
180580,materials_hvac,placeholder,"Strainer, Y type, bronze body, screwed, 125 lb., 3/4"" pipe size",,,212.11,156.48,0.0
180581,materials_hvac,placeholder,"Strainer, Y type, bronze body, screwed, 125 lb., 1"" pipe size",,,544.18,181.55,0.0
180582,materials_hvac,placeholder,"Strainer, Y type, bronze body, screwed, 125 lb., 1-1/4"" pipe size",,,787.2,33.76,0.0
180583,materials_hvac,placeholder,"Strainer, Y type, bronze body, screwed, 125 lb., 1-1/2"" pipe size",,,1715.68,248.6,0.0
180584,materials_hvac,placeholder,"Strainer, Y type, bronze body, screwed, 125 lb., 2"" pipe size",,,1614.8,158.52,0.0
180585,materials_hvac,placeholder,"Strainer, Y type, bronze body, flanged, 150 lb., 2-1/2"" pipe size, flanged",,,2019.6,1174.93,0.0
180586,materials_hvac,placeholder,"Strainer, Y type, bronze body, flanged, 150 lb., 3"" pipe size, flanged",,,7648.42,442.49,0.0
180587,materials_hvac,placeholder,"Circuit setter balance valve, bronze body, threaded, 3/4"" pipe size",,,185.15,49.84,0.0
180588,materials_hvac,placeholder,"Circuit setter balance valve, bronze body, threaded, 1"" pipe size",,,530.56,111.0,0.0
180589,materials_hvac,placeholder,"Circuit setter balance valve, bronze body, threaded, 1-1/4"" pipe size",,,393.71,230.55,0.0
180590,materials_hvac,placeholder,"Circuit setter balance valve, bronze body, threaded, 1-1/2"" pipe size",,,430.9,250.85,0.0
180591,materials_hvac,placeholder,"Circuit setter balance valve, bronze body, threaded, 2"" pipe size",,,1251.34,43.23,0.0
180592,materials_hvac,placeholder,"Circuit setter balance valve, bronze body, threaded, 2-1/2"" pipe size",,,2194.0,178.19,0.0
180593,materials_hvac,placeholder,"Air control, air separator, micro-bubble type for total air removal, closed loop system, water (hot or chilled), or glycol system, threaded, 2-1/2"" diameter, excludes necessary bladder type tank",,,7928.7,116.4,0.0
180594,materials_hvac,placeholder,"Expansion joints, bellows type, neoprene cover, flanged spool, 6"" face to face, 2-1/2"" diameter",,,1393.29,41.92,0.0
180595,materials_hvac,placeholder,"Expansion tanks, steel, liquid expansion, painted, 15 gallon capacity, ASME",,,1689.35,62.38,0.0
180596,materials_hvac,placeholder,"Expansion tanks, steel, liquid expansion, painted, 24 gallon capacity, ASME",,,2627.52,96.3,0.0
180597,materials_hvac,placeholder,"Expansion tanks, steel, liquid expansion, painted, 60 gallon capacity, ASME",,,5353.42,650.45,0.0
180598,materials_hvac,placeholder,"Expansion tanks, steel, liquid expansion, rubber diaphragm, size is acceptable capacity, 61 gallon capacity, ASME",,,17243.05,470.67,0.0
180599,materials_hvac,placeholder,"Balancing, air conditioning equipment, rooftop heating and cooling unit, (Subcontractor's quote including material & labor)",,,0.0,0.0,0.0
180600,materials_hvac,placeholder,"Balancing, air conditioning equipment, supply, return, exhaust, registers and diffusers, high ceiling, (Subcontractor's quote including material & labor)",,,0.0,0.0,0.0
180601,materials_hvac,placeholder,"Balancing, air conditioning equipment, supply, return, exhaust, registers and diffusers, variable volume boxes, (Subcontractor's quote including material & labor)",,,0.0,0.0,0.0
180602,materials_hvac,placeholder,"Balancing, water, cooling tower, (Subcontractor's quote including material & labor)",,,0.0,0.0,0.0
180603,materials_hvac,placeholder,"Balancing, water, fan coil unit, unit ventilator, (Subcontractor's quote including material & labor)",,,0.0,0.0,0.0
180604,materials_hvac,placeholder,"Balancing, water, main and duct re-heat coils, (Subcontractor's quote including material & labor)",,,0.0,0.0,0.0
180605,materials_hvac,placeholder,"Balancing, water, pumps, (Subcontractor's quote including material & labor)",,,0.0,0.0,0.0
180606,materials_hvac,placeholder,"Balancing, water, unit heater, (Subcontractor's quote including material & labor)",,,0.0,0.0,0.0
180607,materials_hvac,placeholder,"Control components/DDC system, subcontractor's quote incl.material & labor, analog inputs, sensors (average 50' run in 1/2"" EMT), water flow",,,87.44,534.98,0.0
180608,materials_hvac,placeholder,"Pneumatic control system, heating & ventilating, split system, cooling tower, fan cycle, damper control, control system, including water readout in/out at panel",,,27196.0,1560.2,0.0
180609,materials_hvac,placeholder,"Pneumatic control system, fan coil, heating & cooling valves, 4 pipe control system",,,855.05,2850.9,0.0
180610,materials_hvac,placeholder,"Control component, gauges, pressure or vacuum, 3-1/2"" diameter dial",,,10.47,41.38,0.0
180611,materials_hvac,placeholder,"Control component, thermometers, stem type, 9"" case, 8"" stem, 3/4"" NPT",,,576.38,2.88,0.0
180612,materials_hvac,placeholder,"Control component, thermostats, electric, timed, 1 set back",,,631.27,313.72,0.0
180613,materials_hvac,placeholder,"Control component, valves, motor controlled, electric motor actuated, brass, two way, screwed, 3/4"" pipe size, incl. actuator",,,783.66,119.66,0.0
180614,materials_hvac,placeholder,"Control component, valves, motor controlled, electric motor actuated, brass, two way, screwed, 1"" pipe size",,,102.16,47.61,0.0
180615,materials_hvac,placeholder,"Control component, burner solenoid valve, electric motor actuated, brass two way screwed, 2"" pipe size",,,3166.88,56.12,0.0
180616,materials_hvac,placeholder,"Control component, burner solenoid valve, brass, three way, screwed, 1-1/2"" pipe size",,,1539.13,259.42,0.0
180617,materials_hvac,placeholder,"Control component, burner solenoid valve, iron body, three way, flanged, 2-1/2"" pipe size",,,4512.0,960.11,0.0
180618,materials_hvac,placeholder,"Duct thermal insulation, blanket type, flexible, fire rated for grease ducts, 1-1/2"" thick",,,12.67,17.95,0.0
180619,materials_hvac,placeholder,"Duct thermal insulation, blanket type, fiberglass, flexible, FSK vapor barrier wrap, .75 lb. density, 1-1/2"" thick",,,3.19,5.37,0.0
180620,materials_hvac,placeholder,"Metal ductwork, fabricated rectangular, galvanized steel, under 200 lb., incl fittings, joints, supports & allow for a flexible connections field sketches, excludes as-built drawings and insulation",,,17.5,17.14,0.0
180621,materials_hvac,placeholder,"Metal ductwork, fabricated rectangular, galvanized steel, 200 to 500 lb., incl fittings, joints, supports & allow for a flexible connections field sketches, excludes as-built drawings and insulation",,,1.46,4.13,0.0
180622,materials_hvac,placeholder,"Ductwork, rigid fiberglass reinforced plastic, for acid fume and smoke exhaust systems, nonflammable, straight, 4"" diameter, FM approved",,,61.47,11.29,0.0
180623,materials_hvac,placeholder,"Ductwork, rigid fiberglass reinforced plastic, for acid fume and smoke exhaust systems, nonflammable, straight, 6"" diameter, FM approved",,,28.83,4.08,0.0
180624,materials_hvac,placeholder,"Ductwork, rigid fiberglass reinforced plastic, for acid fume and smoke exhaust systems, nonflammable, straight, 10"" diameter, FM approved",,,12.57,24.68,0.0
180625,materials_hvac,placeholder,"Ductwork, rigid fiberglass reinforced plastic, for acid fume and smoke exhaust systems, nonflammable, straight, 12"" diameter, FM approved",,,123.16,71.27,0.0
180626,materials_hvac,placeholder,"Ductwork, rigid plastic, corrosive fume resistant, flame retardant, polypropylene, straight, 4"" diameter",,,37.3,8.67,0.0
180627,materials_hvac,placeholder,"Ductwork, rigid plastic, corrosive fume resistant, flame retardant, polypropylene, straight, 6"" diameter",,,54.81,5.77,0.0
180628,materials_hvac,placeholder,"Ductwork, rigid plastic, corrosive fume resistant, flame retardant, polypropylene, straight, 10"" diameter",,,54.98,52.4,0.0
180629,materials_hvac,placeholder,"Ductwork, rigid plastic, corrosive fume resistant, flame retardant, polypropylene, straight, 12"" diameter",,,317.44,79.26,0.0
180630,materials_hvac,placeholder,"Ductwork, flexible coated fiberglass fabric on corrosion resistant metal helix, insulated, P.E. jacket, 1"" thick, 4"" diameter, pressure to 12""(WG) UL-181",,,4.8,0.74,0.0
180631,materials_hvac,placeholder,"Ductwork, flexible coated fiberglass fabric on corrosion resistant metal helix, insulated, P.E. jacket, 1"" thick, 6"" diameter, pressure to 12""(WG) UL-181",,,7.48,2.89,0.0
180632,materials_hvac,placeholder,"Ductwork, flexible coated fiberglass fabric on corrosion resistant metal helix, insulated, P.E. jacket, 1"" thick, 10"" diameter, pressure to 12""(WG) UL-181",,,12.65,10.81,0.0
180633,materials_hvac,placeholder,"Ductwork, flexible coated fiberglass fabric on corrosion resistant metal helix, insulated, P.E. jacket, 1"" thick, 12"" diameter, pressure to 12""(WG) UL-181",,,29.42,22.37,0.0
180634,materials_hvac,placeholder,"Ductwork, flexible aluminum, insulated, with, P.E. jacket, 3/4 lb., 1"" thick, 4"" diameter, pressure to 12""(WG) UL-181",,,8.96,11.91,0.0
180635,materials_hvac,placeholder,"Ductwork, flexible aluminum, insulated, with, P.E. jacket, 3/4 lb., 1"" thick, 6"" diameter, pressure to 12""(WG) UL-181",,,3.35,19.39,0.0
180636,materials_hvac,placeholder,"Ductwork, flexible aluminum, insulated, with, P.E. jacket, 3/4 lb., 1"" thick, 10"" diameter, pressure to 12""(WG) UL-181",,,46.04,31.12,0.0
180637,materials_hvac,placeholder,"Ductwork, flexible aluminum, insulated, with, P.E. jacket, 3/4 lb., 1"" thick, 12"" diameter, pressure to 12""(WG) UL-181",,,10.99,39.28,0.0
180638,materials_hvac,placeholder,"Duct accessories, round damper, butterfly, volume control, 6"" diam., includes lever lock regulator",,,280.13,75.72,0.0
180639,materials_hvac,placeholder,"Duct accessories, round damper, butterfly, volume control, 8"" diam., includes lever lock regulator",,,262.23,98.91,0.0
180640,materials_hvac,placeholder,"Ductwork, flexible coated fiberglass fabric on corrosion resistant metal helix, insulated, P.E. jacket, 1"" thick, 8"" diameter, pressure to 12""(WG) UL-181",,,25.15,8.64,0.0
180641,materials_hvac,placeholder,"Insulation, ductwork, board type, fiberglass liner, no finish, 3 lb. density, 2"" thick",,,4.19,6.16,0.0
180642,materials_hvac,placeholder,"Fans, blower, direct drive with motor, complete, 0.5"" S.P., 1,045 CFM, 1/5 H.P.",,,2165.24,269.03,0.0
180643,materials_hvac,placeholder,"Fans, blower, direct drive with motor, complete, 0.5"" S.P., 1,385 CFM, 1/4 H.P.",,,1573.52,90.58,0.0
180644,materials_hvac,placeholder,"Fans, blower, direct drive with motor, complete, 0.5"" S.P., 1,640 CFM, 1/3 H.P.",,,1038.23,98.18,0.0
180645,materials_hvac,placeholder,"Fans, blower, direct drive with motor, complete, 0.5"" S.P., 1,760 CFM, 1/2 H.P.",,,1338.06,65.01,0.0
180646,materials_hvac,placeholder,"Fans, utility set, steel construction, pedestal, direct drive, 1/4"" S.P., 150 CFM, 1/8 H.P.",,,2103.6,135.02,0.0
180647,materials_hvac,placeholder,"Fans, utility set, steel construction, pedestal, direct drive, 1/4"" S.P., 485 CFM, 1/6 H.P.",,,1336.35,1236.43,0.0
180648,materials_hvac,placeholder,"Fans, utility set, steel construction, pedestal, direct drive, 1/4"" S.P., 1,950 CFM, 1/2 H.P.",,,4670.02,288.92,0.0
180649,materials_hvac,placeholder,"Fans, utility set, steel construction, pedestal, direct drive, 1/4"" S.P., 2,410 CFM, 3/4 H.P.",,,5019.3,1168.92,0.0
180650,materials_hvac,placeholder,"Fans, utility set, steel construction, pedestal, direct drive, 1/4"" S.P., 3,328 CFM, 1-1/2 H.P.",,,5636.48,1310.26,0.0
180651,materials_hvac,placeholder,"Fans, utility set, steel construction, pedestal, V-belt drive, drive cover, 1/4"" S.P., three phase, 800 CFM, 1/4 H.P.",,,5215.5,1110.3,0.0
180652,materials_hvac,placeholder,"Fans, utility set, steel construction, pedestal, V-belt drive, drive cover, 1/4"" S.P., three phase, 1300 CFM, 1/3 H.P.",,,1472.0,1344.58,0.0
180653,materials_hvac,placeholder,"Fans, utility set, steel construction, pedestal, V-belt drive, drive cover, 1/4"" S.P., three phase, 2000 CFM, 1 H.P.",,,600.0,316.55,0.0
180654,materials_hvac,placeholder,"Fans, utility set, steel construction, pedestal, V-belt drive, drive cover, 1/4"" S.P., three phase, 2900 CFM, 3/4 H.P.",,,11888.1,987.96,0.0
180655,materials_hvac,placeholder,"Fans, utility set, steel construction, pedestal, V-belt drive, drive cover, 1/4"" S.P., three phase, 3600 CFM, 3/4 H.P.",,,6115.62,157.62,0.0
180656,materials_hvac,placeholder,"Fans, utility set, steel construction, pedestal, V-belt drive, drive cover, 1/4"" S.P., three phase, 4800 CFM, 1 H.P.",,,5361.3,1543.6,0.0
180657,materials_hvac,placeholder,"Fans, utility set, steel construction, pedestal, V-belt drive, drive cover, 1/4"" S.P., three phase, 6700 CFM, 1-1/2 H.P.",,,3116.75,2392.34,0.0
180658,materials_hvac,placeholder,"Fans, utility set, steel construction, pedestal, V-belt drive, drive cover, 1/4"" S.P., three phase, 7500 CFM, 2 H.P.",,,13813.6,850.85,0.0
180659,materials_hvac,placeholder,"Fans, utility set, steel construction, pedestal, V-belt drive, drive cover, 1/4"" S.P., three phase, 11,000 CFM, 3 H.P.",,,7232.35,139.32,0.0
180660,materials_hvac,placeholder,"Fans, utility set, steel construction, pedestal, V-belt drive, drive cover, 1/4"" S.P., three phase, 13,000 CFM, 3 H.P.",,,10483.2,2566.8,0.0
180661,materials_hvac,placeholder,"Fans, utility set, steel construction, pedestal, V-belt drive, drive cover, 1/4"" S.P., three phase, 15,000 CFM, 5 H.P.",,,22924.5,6906.0,0.0
180662,materials_hvac,placeholder,"Fans, utility set, steel construction, pedestal, V-belt drive, drive cover, 1/4"" S.P., three phase, 17,000 CFM, 7-1/2 H.P.",,,15103.2,1511.45,0.0
180663,materials_hvac,placeholder,"Fans, utility set, steel construction, pedestal, V-belt drive, drive cover, 1/4"" S.P., three phase, 20,000 CFM, 7-1/2 H.P.",,,39893.4,6406.55,0.0
180664,materials_hvac,placeholder,"Fans, centrifugal, airfoil, motor and drive complete, 1,000CFM, 1/2 H.P.",,,4867.5,2108.08,0.0
180665,materials_hvac,placeholder,"Fans, centrifugal, airfoil, motor and drive complete, 2,000 CFM, 1 H.P.",,,12503.92,3346.54,0.0
180666,materials_hvac,placeholder,"Fans, centrifugal, airfoil, motor and drive complete, 4,000 CFM, 3 H.P.",,,18224.7,2272.88,0.0
180667,materials_hvac,placeholder,"Fans, centrifugal, airfoil, motor and drive complete, 8,000 CFM, 7-1/2 H.P.",,,7790.25,2017.78,0.0
180668,materials_hvac,placeholder,"Fans, centrifugal, airfoil, motor and drive complete, 12,000 CFM, 10 H.P.",,,28000.0,5109.0,0.0
180669,materials_hvac,placeholder,"Fans, corrosive fume resistant, utility set, centrifugal, V belt drive, motor, 1/4"" S.P., 1,200 CFM, 1/4 H.P.",,,2895.0,1163.37,0.0
180670,materials_hvac,placeholder,"Fans, corrosive fume resistant, utility set, centrifugal, V belt drive, motor, 1/4"" S.P., 1,520 CFM, 1/3 H.P.",,,9809.25,120.69,0.0
180671,materials_hvac,placeholder,"Fans, corrosive fume resistant, utility set, centrifugal, V belt drive, motor, 1/4"" S.P., 1,850 CFM, 1/2 H.P.",,,12173.3,1701.63,0.0
180672,materials_hvac,placeholder,"Fans, corrosive fume resistant, utility set, centrifugal, V belt drive, motor, 1/4"" S.P., 2,180 CFM, 3/4 H.P.",,,11781.0,2185.43,0.0
180673,materials_hvac,placeholder,"Fans, corrosive fume resistant, utility set, centrifugal, V belt drive, motor, 1/2"" S.P., 3,600 CFM, 1 H.P.",,,604.8,2142.62,0.0
180674,materials_hvac,placeholder,"Fans, corrosive fume resistant, utility set, centrifugal, V belt drive, motor, 1/2"" S.P., 4,250 CFM, 1-1/2 H.P., includes explosionproof motor",,,1203.95,4581.18,0.0
180675,materials_hvac,placeholder,"Fans, corrosive fume resistant, utility set, centrifugal, V belt drive, motor, 1/2"" S.P., 4,800 CFM, 2 H.P.",,,13066.88,1152.4,0.0
180676,materials_hvac,placeholder,"Fans, corrosive fume resistant, utility set, centrifugal, V belt drive, motor, 1/2"" S.P., 6,920 CFM, 5 H.P.",,,20501.0,2792.2,0.0
180677,materials_hvac,placeholder,"Fans, corrosive fume resistant, utility set, centrifugal, V belt drive, motor, 1/2"" S.P., 7,700 CFM, 7-1/2 H.P.",,,25927.55,1408.75,0.0
180678,materials_hvac,placeholder,"Duct accessories, mixing box, constant volume, 150 to 270 CFM, includes electric or pneumatic motor",,,2314.28,416.48,0.0
180679,materials_hvac,placeholder,"Duct accessories, mixing box, constant volume, 270 to 600 CFM, includes electric or pneumatic motor",,,804.0,359.94,0.0
180680,materials_hvac,placeholder,"Duct accessories, mixing box, constant volume, 550 to 1,000 CFM, includes electric or pneumatic motor",,,492.0,615.06,0.0
180681,materials_hvac,placeholder,"Duct accessories, mixing box, constant volume, 1,000 to 1,600 CFM, includes electric or pneumatic motor",,,7404.25,82.94,0.0
180682,materials_hvac,placeholder,"Duct accessories, mixing box, constant volume, 1,300 to 1,900 CFM, includes electric or pneumatic motor",,,4409.1,205.9,0.0
180683,materials_hvac,placeholder,"Duct accessories, mixing box, constant volume, 550 to 2,640 CFM, includes electric or pneumatic motor",,,2993.25,938.4,0.0
180684,materials_hvac,placeholder,"Duct accessories, mixing box, constant volume, 650 to 3,120 CFM, includes electric or pneumatic motor",,,5958.55,1072.72,0.0
180685,materials_hvac,placeholder,"Duct accessories, mixing box, variable air volume, cool only, pneumatic pressure independent, 300 to 600 CFM, includes electric or pneumatic motor",,,2335.2,182.83,0.0
180686,materials_hvac,placeholder,"Duct accessories, mixing box, variable air volume, cool only, pneumatic pressure independent, 500 to 1,000 CFM, includes electric or pneumatic motor",,,4467.58,448.94,0.0
180687,materials_hvac,placeholder,"Duct accessories, mixing box, variable air volume, cool only, pneumatic pressure independent, 800 to 1,600 CFM, includes electric or pneumatic motor",,,5666.1,176.53,0.0
180688,materials_hvac,placeholder,"Duct accessories, mixing box, variable air volume, cool only, pneumatic pressure independent, 1,100 to 2,000 CFM, includes electric or pneumatic motor",,,5944.9,465.04,0.0
180689,materials_hvac,placeholder,"Duct accessories, mixing box, variable air volume, cool only, pneumatic pressure independent, 1,500 to 3,000 CFM, includes electric or pneumatic motor",,,3529.63,600.98,0.0
180690,materials_hvac,placeholder,"Duct accessories, mixing box, variable air volume, cool only, pneumatic pressure independent, 2,000 to 4,000 CFM, includes electric or pneumatic motor",,,3017.0,592.29,0.0
180691,materials_hvac,placeholder,"Duct accessories, mixing box, variable air volume, hot water coils, damper, actuator and thermostat, 200 CFM",,,4996.2,255.22,0.0
180692,materials_hvac,placeholder,"Duct accessories, mixing box, variable air volume, hot water coils, damper, actuator and thermostat, 400 CFM",,,1191.3,318.4,0.0
180693,materials_hvac,placeholder,"Duct accessories, mixing box, variable air volume, hot water coils, damper, actuator and thermostat, 600 CFM",,,5855.85,335.39,0.0
180694,materials_hvac,placeholder,"Duct accessories, mixing box, variable air volume, hot water coils, damper, actuator and thermostat, 800 CFM",,,5091.5,590.45,0.0
180695,materials_hvac,placeholder,"Duct accessories, mixing box, variable air volume, hot water coils, damper, actuator and thermostat, 1,000 CFM",,,3910.0,468.61,0.0
180696,materials_hvac,placeholder,"Duct accessories, mixing box, variable air volume, hot water coils, damper, actuator and thermostat, 1,250 CFM",,,1470.0,693.33,0.0
180697,materials_hvac,placeholder,"Duct accessories, mixing box, variable air volume, hot water coils, damper, actuator and thermostat, 1,500 CFM",,,5728.12,453.05,0.0
180698,materials_hvac,placeholder,"Duct accessories, mixing box, variable air volume, hot water coils, damper, actuator and thermostat, 2,000 CFM",,,5414.2,451.59,0.0
180699,materials_hvac,placeholder,"Duct accessories, mixing box, variable air volume, hot water coils, damper, actuator and thermostat, 3,000 CFM",,,3240.0,1144.8,0.0
180700,materials_hvac,placeholder,"Duct accessories, mixing box, variable air volume, cool only, fan powered, damper, actuator and thermostat, 200 CFM",,,10192.5,30.21,0.0
180701,materials_hvac,placeholder,"Duct accessories, mixing box, variable air volume, cool only, fan powered, damper, actuator and thermostat, 400 CFM",,,7683.98,590.04,0.0
180702,materials_hvac,placeholder,"Duct accessories, mixing box, variable air volume, cool only, fan powered, damper, actuator and thermostat, 600 CFM",,,9690.3,74.42,0.0
180703,materials_hvac,placeholder,"Duct accessories, mixing box, variable air volume, cool only, fan powered, damper, actuator and thermostat, 800 CFM",,,12730.02,741.16,0.0
180704,materials_hvac,placeholder,"Duct accessories, mixing box, variable air volume, cool only, fan powered, damper, actuator and thermostat, 1,000 CFM",,,12548.55,339.86,0.0
180705,materials_hvac,placeholder,"Duct accessories, mixing box, variable air volume, cool only, fan powered, damper, actuator and thermostat, 1,250 CFM",,,10601.6,258.08,0.0
180706,materials_hvac,placeholder,"Duct accessories, mixing box, variable air volume, cool only, fan powered, damper, actuator and thermostat, 1,500 CFM",,,15635.2,492.12,0.0
180707,materials_hvac,placeholder,"Duct accessories, mixing box, variable air volume, cool only, fan powered, damper, actuator and thermostat, 2,000 CFM",,,13482.9,774.2,0.0
180708,materials_hvac,placeholder,"Duct accessories, mixing box, variable air volume, with hot water coils, fan powered, damper, actuator and thermostat, 200 CFM",,,8223.75,388.74,0.0
180709,materials_hvac,placeholder,"Duct accessories, mixing box, variable air volume, with hot water coils, fan powered, damper, actuator and thermostat, 400 CFM",,,11125.45,156.21,0.0
180710,materials_hvac,placeholder,"Duct accessories, mixing box, variable air volume, with hot water coils, fan powered, damper, actuator and thermostat, 600 CFM",,,1240.22,589.41,0.0
180711,materials_hvac,placeholder,"Duct accessories, mixing box, variable air volume, with hot water coils, fan powered, damper, actuator and thermostat, 800 CFM",,,1258.42,803.59,0.0
180712,materials_hvac,placeholder,"Duct accessories, mixing box, variable air volume, with hot water coils, fan powered, damper, actuator and thermostat, 1,000 CFM",,,15023.55,85.58,0.0
180713,materials_hvac,placeholder,"Duct accessories, mixing box, variable air volume, with hot water coils, fan powered, damper, actuator and thermostat, 1,250 CFM",,,6520.0,356.1,0.0
180714,materials_hvac,placeholder,"Duct accessories, mixing box, variable air volume, with hot water coils, fan powered, damper, actuator and thermostat, 1,500 CFM",,,4204.0,302.05,0.0
180715,materials_hvac,placeholder,"Duct accessories, mixing box, variable air volume, with hot water coils, fan powered, damper, actuator and thermostat, 2,000 CFM",,,13153.7,1079.97,0.0
180716,materials_hvac,placeholder,"Diffuser, aluminum, ceiling, perforated, 24"" x 24"" lay-in panel size, 8"" x 8"", includes opposed blade damper",,,470.53,102.21,0.0
180717,materials_hvac,placeholder,"Diffuser, aluminum, ceiling, T-bar mounting, 24"" x 24"" lay-in frame, 6"" x 6"", includes opposed blade damper",,,81.95,119.68,0.0
180718,materials_hvac,placeholder,"Coil, flanged, basic water, DX or condenser coil, copper tubes, aluminum fins, galvanized end sheets, H is finned height, L is finned length, 2 row, 8 fins per inch, 3/8"" x 0.016"" tubing, 0.0065 fins, 4"" H x 12"" L",,,7785.4,10.43,0.0
180719,materials_hvac,placeholder,"Coil, flanged, basic water, DX or condenser coil, copper tubes, aluminum fins, galvanized end sheets, H is finned height, L is finned length, 2 row, 8 fins per inch, 3/8"" x 0.016"" tubing, 0.0065 fins, 4"" H x 24"" L",,,2577.75,125.68,0.0
180720,materials_hvac,placeholder,"Coil, flanged, basic water, DX or condenser coil, copper tubes, aluminum fins, galvanized end sheets, H is finned height, L is finned length, 2 row, 8 fins per inch, 3/8"" x 0.016"" tubing, 0.0065 fins, 4"" H x 48"" L",,,3173.4,98.54,0.0
180721,materials_hvac,placeholder,"Coil, flanged, basic water, DX or condenser coil, copper tubes, aluminum fins, galvanized end sheets, H is finned height, L is finned length, 2 row, 8 fins per inch, 3/8"" x 0.016"" tubing, 0.0065 fins, 4"" H x 72"" L",,,4888.12,435.22,0.0
180722,materials_hvac,placeholder,"Coil, flanged, basic water, DX or condenser coil, copper tubes, aluminum fins, galvanized end sheets, H is finned height, L is finned length, 2 row, 8 fins per inch, 3/8"" x 0.016"" tubing, 0.0065 fins, 6"" H x 12"" L",,,2494.8,21.09,0.0
180723,materials_hvac,placeholder,"Coil, flanged, basic water, DX or condenser coil, copper tubes, aluminum fins, galvanized end sheets, H is finned height, L is finned length, 2 row, 8 fins per inch, 3/8"" x 0.016"" tubing, 0.0065 fins, 6"" H x 24"" L",,,7248.45,160.38,0.0
180724,materials_hvac,placeholder,"Coil, flanged, basic water, DX or condenser coil, copper tubes, aluminum fins, galvanized end sheets, H is finned height, L is finned length, 2 row, 8 fins per inch, 3/8"" x 0.016"" tubing, 0.0065 fins, 6"" H x 48"" L",,,7281.6,235.98,0.0
180725,materials_hvac,placeholder,"Coil, flanged, basic water, DX or condenser coil, copper tubes, aluminum fins, galvanized end sheets, H is finned height, L is finned length, 2 row, 8 fins per inch, 3/8"" x 0.016"" tubing, 0.0065 fins, 6"" H x 72"" L",,,12870.9,706.19,0.0
180726,materials_hvac,placeholder,"Coil, flanged, basic water, DX or condenser coil, copper tubes, aluminum fins, galvanized end sheets, H is finned height, L is finned length, 2 row, 8 fins per inch, 3/8"" x 0.016"" tubing, 0.0065 fins, 10"" H x 12"" L",,,2554.22,146.78,0.0
180727,materials_hvac,placeholder,"Coil, flanged, basic water, DX or condenser coil, copper tubes, aluminum fins, galvanized end sheets, H is finned height, L is finned length, 2 row, 8 fins per inch, 3/8"" x 0.016"" tubing, 0.0065 fins, 10"" H x 24"" L",,,5638.12,258.96,0.0
180728,materials_hvac,placeholder,"Coil, flanged, basic water, DX or condenser coil, copper tubes, aluminum fins, galvanized end sheets, H is finned height, L is finned length, 2 row, 8 fins per inch, 3/8"" x 0.016"" tubing, 0.0065 fins, 10"" H x 48"" L",,,3470.85,392.67,0.0
180729,materials_hvac,placeholder,"Coil, flanged, basic water, DX or condenser coil, copper tubes, aluminum fins, galvanized end sheets, H is finned height, L is finned length, 2 row, 8 fins per inch, 3/8"" x 0.016"" tubing, 0.0065 fins, 10"" H x 72"" L",,,9894.58,1140.48,0.0
180730,materials_hvac,placeholder,"Coil, flanged, basic water, DX or condenser coil, copper tubes, aluminum fins, galvanized end sheets, H is finned height, L is finned length, 2 row, 8 fins per inch, 3/8"" x 0.016"" tubing, 0.0065 fins, 12"" H x 12"" L",,,9001.88,85.46,0.0
180731,materials_hvac,placeholder,"Coil, flanged, basic water, DX or condenser coil, copper tubes, aluminum fins, galvanized end sheets, H is finned height, L is finned length, 2 row, 8 fins per inch, 3/8"" x 0.016"" tubing, 0.0065 fins, 12"" H x 24"" L",,,7723.95,326.73,0.0
180732,materials_hvac,placeholder,"Coil, flanged, basic water, DX or condenser coil, copper tubes, aluminum fins, galvanized end sheets, H is finned height, L is finned length, 2 row, 8 fins per inch, 3/8"" x 0.016"" tubing, 0.0065 fins, 12"" H x 48"" L",,,5085.12,697.17,0.0
180733,materials_hvac,placeholder,"Coil, flanged, basic water, DX or condenser coil, copper tubes, aluminum fins, galvanized end sheets, H is finned height, L is finned length, 2 row, 8 fins per inch, 3/8"" x 0.016"" tubing, 0.0065 fins, 12"" H x 72"" L",,,1356.12,183.46,0.0
180734,materials_hvac,placeholder,"Coil, flanged, basic water, DX or condenser coil, copper tubes, aluminum fins, galvanized end sheets, H is finned height, L is finned length, 2 row, 8 fins per inch, 3/8"" x 0.016"" tubing, 0.0065 fins, 16"" H x 16"" L",,,4387.08,162.95,0.0
180735,materials_hvac,placeholder,"Coil, flanged, basic water, DX or condenser coil, copper tubes, aluminum fins, galvanized end sheets, H is finned height, L is finned length, 2 row, 8 fins per inch, 3/8"" x 0.016"" tubing, 0.0065 fins, 16"" H x 24"" L",,,1400.62,130.34,0.0
180736,materials_hvac,placeholder,"Coil, flanged, basic water, DX or condenser coil, copper tubes, aluminum fins, galvanized end sheets, H is finned height, L is finned length, 2 row, 8 fins per inch, 3/8"" x 0.016"" tubing, 0.0065 fins, 16"" H x 48"" L",,,9254.7,464.58,0.0
180737,materials_hvac,placeholder,"Coil, flanged, basic water, DX or condenser coil, copper tubes, aluminum fins, galvanized end sheets, H is finned height, L is finned length, 2 row, 8 fins per inch, 3/8"" x 0.016"" tubing, 0.0065 fins, 16"" H x 72"" L",,,4304.4,524.16,0.0
180738,materials_hvac,placeholder,"Coil, flanged, basic water, DX or condenser coil, copper tubes, aluminum fins, galvanized end sheets, H is finned height, L is finned length, 2 row, 8 fins per inch, 3/8"" x 0.016"" tubing, 0.0065 fins, 20"" H x 24"" L",,,8623.88,732.36,0.0
180739,materials_hvac,placeholder,"Coil, flanged, basic water, DX or condenser coil, copper tubes, aluminum fins, galvanized end sheets, H is finned height, L is finned length, 2 row, 8 fins per inch, 3/8"" x 0.016"" tubing, 0.0065 fins, 20"" H x 48"" L",,,4561.42,1268.15,0.0
180740,materials_hvac,placeholder,"Coil, flanged, basic water, DX or condenser coil, copper tubes, aluminum fins, galvanized end sheets, H is finned height, L is finned length, 2 row, 8 fins per inch, 3/8"" x 0.016"" tubing, 0.0065 fins, 20"" H x 72"" L",,,8630.4,1820.84,0.0
180741,materials_hvac,placeholder,"Coil, flanged, basic water, DX or condenser coil, copper tubes, aluminum fins, galvanized end sheets, H is finned height, L is finned length, 2 row, 8 fins per inch, 3/8"" x 0.016"" tubing, 0.0065 fins, 24"" H x 24"" L",,,3224.6,331.83,0.0
180742,materials_hvac,placeholder,"Coil, flanged, basic water, DX or condenser coil, copper tubes, aluminum fins, galvanized end sheets, H is finned height, L is finned length, 2 row, 8 fins per inch, 3/8"" x 0.016"" tubing, 0.0065 fins, 24"" H x 48"" L",,,5232.4,1224.99,0.0
180743,materials_hvac,placeholder,"Coil, flanged, basic water, DX or condenser coil, copper tubes, aluminum fins, galvanized end sheets, H is finned height, L is finned length, 2 row, 8 fins per inch, 3/8"" x 0.016"" tubing, 0.0065 fins, 24"" H x 72"" L",,,13888.37,129.8,0.0
180744,materials_hvac,placeholder,"Coil, flanged, basic water, DX or condenser coil, copper tubes, aluminum fins, galvanized end sheets, H is finned height, L is finned length, 2 row, 8 fins per inch, 3/8"" x 0.016"" tubing, 0.0065 fins, 30"" H x 28"" L",,,3764.78,635.78,0.0
180745,materials_hvac,placeholder,"Coil, flanged, basic water, DX or condenser coil, copper tubes, aluminum fins, galvanized end sheets, H is finned height, L is finned length, 2 row, 8 fins per inch, 3/8"" x 0.016"" tubing, 0.0065 fins, 30"" H x 48"" L",,,9015.6,528.71,0.0
180746,materials_hvac,placeholder,"Coil, flanged, basic water, DX or condenser coil, copper tubes, aluminum fins, galvanized end sheets, H is finned height, L is finned length, 2 row, 8 fins per inch, 3/8"" x 0.016"" tubing, 0.0065 fins, 30"" H x 72"" L",,,8752.7,2106.51,0.0
180747,materials_hvac,placeholder,"Coil, flanged, basic water, DX or condenser coil, copper tubes, aluminum fins, galvanized end sheets, H is finned height, L is finned length, 2 row, 8 fins per inch, 3/8"" x 0.016"" tubing, 0.0065 fins, 30"" H x 84"" L",,,1437.62,883.22,0.0
180748,materials_hvac,placeholder,"Coil, flanged, basic water, DX or condenser coil, copper tubes, aluminum fins, galvanized end sheets, H is finned height, L is finned length, 2 row, 8 fins per inch, 3/8"" x 0.016"" tubing, 0.0065 fins, 34"" H x 32"" L",,,2744.55,721.87,0.0
180749,materials_hvac,placeholder,"Coil, flanged, basic water, DX or condenser coil, copper tubes, aluminum fins, galvanized end sheets, H is finned height, L is finned length, 2 row, 8 fins per inch, 3/8"" x 0.016"" tubing, 0.0065 fins, 34"" H x 48"" L",,,6813.6,1589.52,0.0
180750,materials_hvac,placeholder,"Coil, flanged, basic water, DX or condenser coil, copper tubes, aluminum fins, galvanized end sheets, H is finned height, L is finned length, 2 row, 8 fins per inch, 3/8"" x 0.016"" tubing, 0.0065 fins, 34"" H x 72"" L",,,12113.98,470.61,0.0
180751,materials_hvac,placeholder,"Coil, flanged, basic water, DX or condenser coil, copper tubes, aluminum fins, galvanized end sheets, H is finned height, L is finned length, 2 row, 8 fins per inch, 3/8"" x 0.016"" tubing, 0.0065 fins, 34"" H x 84"" L",,,4501.8,3378.51,0.0
180752,materials_hvac,placeholder,"Air handling unit, packaged weatherproof, with cooling/heating coil section, filters, mixing box, constant volume, single zone, 2,000 CFM, cooling coils may be chilled water or DX, heating coils may be hot water, steam or electric",,,109752.5,8607.6,0.0
180753,materials_hvac,placeholder,"Air handling unit, packaged weatherproof, with cooling/heating coil section, filters, mixing box, constant volume, single zone, 5,000 CFM, cooling coils may be chilled water or DX, heating coils may be hot water, steam or electric",,,129739.2,2601.3,0.0
180754,materials_hvac,placeholder,"Air handling unit, packaged weatherproof, with cooling/heating coil section, filters, mixing box, constant volume, single zone, 10,000 CFM, cooling coils may be chilled water or DX, heating coils may be hot water, steam or electric",,,163380.0,5594.75,0.0
180755,materials_hvac,placeholder,"Air handling unit, packaged weatherproof, with cooling/heating coil section, filters, mixing box, constant volume, single zone, 15,000 CFM, cooling coils may be chilled water or DX, heating coils may be hot water, steam or electric",,,318542.0,14013.97,0.0
180756,materials_hvac,placeholder,"Air handling unit, packaged weatherproof, with cooling/heating coil section, filters, mixing box, constant volume, single zone, 20,000 CFM, cooling coils may be chilled water or DX, heating coils may be hot water, steam or electric",,,256872.0,11228.8,0.0
180757,materials_hvac,placeholder,"Air handling unit, packaged weatherproof, with cooling/heating coil section, filters, mixing box, constant volume, single zone, 30,000 CFM, cooling coils may be chilled water or DX, heating coils may be hot water, steam or electric",,,276384.5,32797.2,0.0
180758,materials_hvac,placeholder,"Air handling unit, packaged weatherproof, with cooling/heating coil section, filters, mixing box, variable air volume, single zone, 2,000 CFM, cooling coils may be chilled water or DX, heating coils may be hot water, steam or electric",,,29988.0,7640.62,0.0
180759,materials_hvac,placeholder,"Air handling unit, packaged weatherproof, with cooling/heating coil section, filters, mixing box, variable air volume, single zone, 5,000 CFM, cooling coils may be chilled water or DX, heating coils may be hot water, steam or electric",,,97669.2,5897.92,0.0
180760,materials_hvac,placeholder,"Air handling unit, packaged weatherproof, with cooling/heating coil section, filters, mixing box, variable air volume, single zone, 10,000 CFM, cooling coils may be chilled water or DX, heating coils may be hot water, steam or electric",,,426822.0,1631.25,0.0
180761,materials_hvac,placeholder,"Air handling unit, packaged weatherproof, with cooling/heating coil section, filters, mixing box, variable air volume, single zone, 15,000 CFM, cooling coils may be chilled water or DX, heating coils may be hot water, steam or electric",,,386349.0,10344.15,0.0
180762,materials_hvac,placeholder,"Air handling unit, packaged weatherproof, with cooling/heating coil section, filters, mixing box, variable air volume, single zone, 20,000 CFM, cooling coils may be chilled water or DX, heating coils may be hot water, steam or electric",,,841991.0,12631.25,0.0
180763,materials_hvac,placeholder,"Air handling unit, packaged weatherproof, with cooling/heating coil section, filters, mixing box, variable air volume, single zone, 30,000 CFM, cooling coils may be chilled water or DX, heating coils may be hot water, steam or electric",,,770351.5,29638.75,0.0
180764,materials_hvac,placeholder,"Make-up air unit, indirect-fired, rooftop unit, natural gas, gravity vent, stainless steel exchanger, MBH is output, 70Deg.F temperature rise, 250 MBH, includes standard controls",,,43507.3,954.59,0.0
180765,materials_hvac,placeholder,"Make-up air unit, indirect-fired, rooftop unit, natural gas, gravity vent, stainless steel exchanger, MBH is output, 70Deg.F temperature rise, 400 MBH, includes standard controls",,,60154.5,473.18,0.0
180766,materials_hvac,placeholder,"Make-up air unit, indirect-fired, rooftop unit, natural gas, gravity vent, stainless steel exchanger, MBH is output, 70Deg.F temperature rise, 550 MBH, includes standard controls",,,77172.8,1173.15,0.0
180767,materials_hvac,placeholder,"Make-up air unit, indirect-fired, rooftop unit, natural gas, gravity vent, stainless steel exchanger, MBH is output, 70Deg.F temperature rise, 750 MBH, includes standard controls",,,31584.0,2881.62,0.0
180768,materials_hvac,placeholder,"Make-up air unit, indirect-fired, rooftop unit, natural gas, gravity vent, stainless steel exchanger, MBH is output, 70Deg.F temperature rise, 1,000 MBH, includes standard controls",,,20922.3,3103.87,0.0
180769,materials_hvac,placeholder,"Make-up air unit, indirect-fired, rooftop unit, natural gas, gravity vent, stainless steel exchanger, MBH is output, 70Deg.F temperature rise, 1,750 MBH, includes standard controls",,,145142.4,1052.28,0.0
180770,materials_hvac,placeholder,"Make-up air unit, indirect-fired, rooftop unit, natural gas, gravity vent, stainless steel exchanger, MBH is output, 70Deg.F temperature rise, 2,500 MBH, includes standard controls",,,285852.0,4414.96,0.0
180771,materials_hvac,placeholder,"Make-up air unit, indirect-fired, rooftop unit, natural gas, gravity vent, stainless steel exchanger, MBH is output, 70Deg.F temperature rise, 3,250 MBH, includes standard controls",,,263675.0,6000.8,0.0
180772,materials_hvac,placeholder,"Make-up air unit, indirect-fired, rooftop unit, natural gas, gravity vent, stainless steel exchanger, MBH is output, 70Deg.F temperature rise, 4,000 MBH, includes standard controls",,,40586.0,1818.0,0.0
180773,materials_hvac,placeholder,"Make-up air unit, indirect-fired, rooftop unit, natural gas, gravity vent, stainless steel exchanger, MBH is output, 70Deg.F temperature rise, 6,000 MBH, includes standard controls",,,467015.0,7065.0,0.0
180774,materials_hvac,placeholder,"Rooftop air conditioner, single zone, electric cool, gas heat, 3 ton cooling, 60 MBH heating, includes, standard controls, curb and economizer",,,5720.4,3387.6,0.0
180775,materials_hvac,placeholder,"Rooftop air conditioner, single zone, electric cool, gas heat, 4 ton cooling, 95 MBH heating, includes, standard controls, curb and economizer",,,13896.6,1917.3,0.0
180776,materials_hvac,placeholder,"Rooftop air conditioner, single zone, electric cool, gas heat, 5 ton cooling, 112 MBH heating, includes, standard controls, curb and economizer",,,21599.2,7409.25,0.0
180777,materials_hvac,placeholder,"Rooftop air conditioner, single zone, electric cool, gas heat SEER 14, 5 ton cooling, 112 MBH heating, includes, standard controls, curb and economizer",,,14180.4,10539.82,0.0
180778,materials_hvac,placeholder,"Rooftop air conditioner, single zone, electric cool, gas heat, 6 ton cooling, 140 MBH heating, includes, standard controls, curb and economizer",,,24990.0,4521.6,0.0
180779,materials_hvac,placeholder,"Rooftop air conditioner, single zone, electric cool, gas heat, 7.5 ton cooling, 170 MBH heating, includes, standard controls, curb and economizer",,,33988.82,10362.6,0.0
180780,materials_hvac,placeholder,"Rooftop air conditioner, single zone, electric cool, gas heat, 10 ton cooling, 200 MBH heating, includes, standard controls, curb and economizer",,,32250.6,5678.9,0.0
180781,materials_hvac,placeholder,"Rooftop air conditioner, single zone, electric cool, gas heat, 12.5 ton cooling, 230 MBH heating, includes, standard controls, curb and economizer",,,2787.2,5249.75,0.0
180782,materials_hvac,placeholder,"Rooftop air conditioner, single zone, electric cool, gas heat, 15 ton cooling, 270 MBH heating, includes, standard controls, curb and economizer",,,31780.0,3775.08,0.0
180783,materials_hvac,placeholder,"Rooftop air conditioner, single zone, electric cool, gas heat, 18 ton cooling, 330 MBH heating, includes, standard controls, curb and economizer",,,38671.1,13305.78,0.0
180784,materials_hvac,placeholder,"Rooftop air conditioner, single zone, electric cool, gas heat, 20 ton cooling, 360 MBH heating, includes, standard controls, curb and economizer",,,13572.0,13605.0,0.0
180785,materials_hvac,placeholder,"Rooftop air conditioner, single zone, electric cool, gas heat, 25 ton cooling, 450 MBH heating, includes, standard controls, curb and economizer",,,122211.2,823.5,0.0
180786,materials_hvac,placeholder,"Rooftop air conditioner, single zone, electric cool, gas heat, 30 ton cooling, 540 MBH heating, includes, standard controls, curb and economizer",,,113912.4,957.65,0.0
180787,materials_hvac,placeholder,"Rooftop air conditioner, single zone, electric cool, gas heat, 40 ton cooling, 675 MBH heating, includes, standard controls, curb and economizer",,,12064.0,25883.0,0.0
180788,materials_hvac,placeholder,"Rooftop air conditioner, single zone, electric cool, gas heat, 50 ton cooling, 810 MBH heating, includes, standard controls, curb and economizer",,,159418.0,12245.1,0.0
180789,materials_hvac,placeholder,"Rooftop air conditioner, single zone, electric cool, gas heat, 60 ton cooling, 900 MBH heating, includes, standard controls, curb and economizer",,,263740.5,21828.0,0.0
180790,materials_hvac,placeholder,"Rooftop air conditioner, single zone, electric cool, gas heat, 80 ton cooling, 1,000 MBH heating, includes, standard controls, curb and economizer",,,201280.0,49700.0,0.0
180791,materials_hvac,placeholder,"Rooftop air conditioner, single zone, electric cool, gas heat, 90 ton cooling, 1,200 MBH heating, includes, standard controls, curb and economizer",,,374514.0,41425.2,0.0
180792,materials_hvac,placeholder,"Rooftop air conditioner, single zone, electric cool, gas heat, 100 ton cooling, 1,350 MBH heating, includes, standard controls, curb and economizer",,,609696.0,55812.2,0.0
180793,materials_hvac,placeholder,"Rooftop air conditioner, single zone, electric cool, electric heat, 5 Ton, includes, standard controls, curb and economizer",,,18748.28,5776.0,0.0
180794,materials_hvac,placeholder,"Rooftop air conditioner, single zone, electric cool, electric heat, 10 ton, includes, standard controls, curb and economizer",,,2830.75,3799.95,0.0
180795,materials_hvac,placeholder,"Rooftop air conditioner, single zone, electric cool, electric heat, 15 ton, includes, standard controls, curb and economizer",,,12492.0,8555.7,0.0
180796,materials_hvac,placeholder,"Rooftop air conditioner, single zone, electric cool, electric heat, 20 ton, includes, standard controls, curb and economizer",,,52954.4,988.87,0.0
180797,materials_hvac,placeholder,"Rooftop air conditioner, single zone, electric cool, electric heat, 25 ton, includes, standard controls, curb and economizer",,,71359.1,1798.2,0.0
180798,materials_hvac,placeholder,"Rooftop air conditioner, single zone, electric cool, electric heat, 30 ton, includes, standard controls, curb and economizer",,,15028.0,6605.42,0.0
180799,materials_hvac,placeholder,"Rooftop air conditioner, single zone, electric cool, electric heat, 40 ton, includes, standard controls, curb and economizer",,,162162.0,5371.3,0.0
180800,materials_hvac,placeholder,"Rooftop air conditioner, single zone, electric cool, electric heat, 50 ton, includes, standard controls, curb and economizer",,,160817.4,16116.1,0.0
180801,materials_hvac,placeholder,"Rooftop air conditioner, single zone, electric cool, electric heat, 60 ton, includes, standard controls, curb and economizer",,,47034.0,30281.7,0.0
180802,materials_hvac,placeholder,"Rooftop air conditioner, single zone, electric cool, electric heat, 75 ton, includes, standard controls, curb and economizer",,,309301.0,16661.7,0.0
180803,materials_hvac,placeholder,"Rooftop air conditioner, multizone, electric cool, gas heat, 15 ton cooling, 360 MBH heating, includes, standard controls, curb and economizer",,,42298.5,16739.25,0.0
180804,materials_hvac,placeholder,"Rooftop air conditioner, multizone, electric cool, gas heat, 25 ton cooling, 450 MBH heating, includes, standard controls, curb and economizer",,,348216.0,922.5,0.0
180805,materials_hvac,placeholder,"Rooftop air conditioner, multizone, electric cool, gas heat, 30 ton cooling, 540 MBH heating, includes, standard controls, curb and economizer",,,33115.5,7999.8,0.0
180806,materials_hvac,placeholder,"Rooftop air conditioner, multizone, electric cool, gas heat, 70 ton cooling, 1,500 MBH heating, includes, standard controls, curb and economizer",,,146781.0,11590.8,0.0
180807,materials_hvac,placeholder,"Rooftop air conditioner, subassembly for assembly systems, duct work per ton for rooftop single zone units",,,1229.4,5150.4,0.0
180808,materials_hvac,placeholder,"Rooftop air conditioner, subassembly for assembly systems, duct work per ton for split system remote condensing units",,,224.19,3365.72,0.0
180809,materials_hvac,placeholder,"Self-contained single package A.C., air cooled, for free blow or duct, packaged with electric heat, constant volume, 10 ton cool, 200 MBH heat, excludes remote condenser",,,90694.8,7417.5,0.0
180810,materials_hvac,placeholder,"Pump, circulating, bronze, heated or chilled water application, in line, flanged joints, 1/4 H.P., 2-1/2"" size",,,11865.0,467.99,0.0
180811,materials_hvac,placeholder,"Pump, circulating, cast iron, heated or chilled water application, in line, flanged joints, 1/8 H.P., 3/4"" to 1-1/2"" size",,,6671.5,633.75,0.0
180812,materials_hvac,placeholder,"Pump, circulating, cast iron, high head, bronze impeller, flanged joints, 1 H.P., 2"" size",,,6530.55,76.96,0.0
180813,materials_hvac,placeholder,"Pump, circulating, cast iron, close coupled, end suction, bronze impeller, flanged joints, 1-1/2 H.P., to 40 GPM, 1-1/2"" size",,,16262.15,1819.76,0.0
180814,materials_hvac,placeholder,"Pump, circulating, cast iron, close coupled, end suction, bronze impeller, flanged joints, 2 H.P., to 50 GPM, 2"" size",,,8982.75,69.52,0.0
180815,materials_hvac,placeholder,"Pump, circulating, cast iron, close coupled, end suction, bronze impeller, flanged joints, 3 H.P., to 90 GPM, 2"" size",,,12323.4,1272.56,0.0
180816,materials_hvac,placeholder,"Pump, circulating, cast iron, close coupled, end suction, bronze impeller, flanged joints, 3 H.P., to 150 GPM, 2-1/2"" size",,,8507.45,1323.37,0.0
180817,materials_hvac,placeholder,"Pump, circulating, cast iron, close coupled, end suction, bronze impeller, flanged joints, 5 H.P., to 225 GPM, 3"" size",,,21352.5,2478.52,0.0
180818,materials_hvac,placeholder,"Pump, circulating, cast iron, close coupled, end suction, bronze impeller, flanged joints, 10 H.P., to 350 GPM, 3"" size",,,25553.0,878.38,0.0
180819,materials_hvac,placeholder,"Pump, circulating, cast iron, close coupled, end suction, bronze impeller, flanged joints, 7-1/2 H.P., to 350 GPM, 4"" size",,,26351.55,3107.26,0.0
180820,materials_hvac,placeholder,"Pump, circulating, cast iron, close coupled, end suction, bronze impeller, flanged joints, 10 H.P., to 600 GPM, 4"" size",,,20358.0,1658.0,0.0
180821,materials_hvac,placeholder,"Pump, circulating, cast iron, close coupled, end suction, bronze impeller, flanged joints, 15 HP, to 1,000 GPM, 5"" size",,,39226.2,2561.0,0.0
180822,materials_hvac,placeholder,"Pump, circulating, cast iron, close coupled, end suction, bronze impeller, flanged joints, 20 HP to 1,350 GPM, 5"" size",,,11870.6,4082.5,0.0
180823,materials_hvac,placeholder,"Pump, circulating, cast iron, close coupled, end suction, bronze impeller, flanged joints, 25 H.P., to 1,550 GPM, 5"" size",,,28814.4,5249.75,0.0
180824,materials_hvac,placeholder,"Pump, condensate removal system, pump with 1 Gal. ABS tank, 115 V, 1/50 HP, 200 GPH",,,252.85,231.3,0.0
180825,materials_hvac,placeholder,"Pump, condensate removal system, pump with 1 Gal. ABS tank, 115 V, 1/18 HP, 270 GPH",,,238.79,215.8,0.0
180826,materials_hvac,placeholder,"Pump, condensate removal system, pump with 1 Gal. ABS tank, 115 V, 1/5 HP, 450 GPH",,,2108.71,327.47,0.0
180827,materials_hvac,placeholder,"Pump, condensate removal system, pump with 1 Gal. ABS tank, 230 V, 1/5 HP, 450 GPH",,,641.41,249.6,0.0
180828,materials_hvac,placeholder,"Vent chimney, prefabricated metal, gas, double wall, galvanized steel, 4"" diameter, UL listed",,,36.41,7.12,0.0
180829,materials_hvac,placeholder,"Vent chimney, prefabricated metal, gas, double wall, galvanized steel, 5"" diameter, UL listed",,,59.89,70.11,0.0
180830,materials_hvac,placeholder,"Vent chimney, prefabricated metal, gas, double wall, galvanized steel, 6"" diameter, UL listed",,,110.8,90.94,0.0
180831,materials_hvac,placeholder,"Vent chimney, prefabricated metal, gas, double wall, galvanized steel fitting, elbow, 45 Deg., 4"" diameter, UL listed",,,52.89,102.68,0.0
180832,materials_hvac,placeholder,"Vent chimney, prefabricated metal, gas, double wall, galvanized steel fitting, elbow, 90 Deg., 6"" diameter, UL listed",,,124.57,139.8,0.0
180833,materials_hvac,placeholder,"Vent chimney, prefabricated metal, gas, double wall, galvanized steel fitting, roof flashing, 4"" diameter, UL listed",,,64.99,162.91,0.0
180834,materials_hvac,placeholder,"Vent chimney, prefabricated metal, gas, double wall, galvanized steel fitting, roof flashing, 6"" diameter, UL listed",,,184.58,96.14,0.0
180835,materials_hvac,placeholder,"Vent chimney, prefabricated metal, gas, double wall, galvanized steel fitting, tee, 6"" diameter, UL listed",,,371.52,68.35,0.0
180836,materials_hvac,placeholder,"Vent chimney, prefabricated metal, gas, double wall, galvanized steel fitting, tee cap, 6"" diameter, UL listed",,,3.45,20.37,0.0
180837,materials_hvac,placeholder,"Vent chimney, prefabricated metal, gas, double wall, galvanized steel fitting, top, 4"" diameter, UL listed",,,33.62,106.73,0.0
180838,materials_hvac,placeholder,"Vent chimney, prefabricated metal, gas, double wall, galvanized steel fitting, top, 6"" diameter, UL listed",,,160.93,36.02,0.0
180839,materials_hvac,placeholder,"Boiler, electric, hot water, 7.5 kW, 25.6 MBH, ASME, includes standard controls and trim",,,5121.25,5796.0,0.0
180840,materials_hvac,placeholder,"Boiler, electric, hot water, 15 kW, 51.2 MBH, ASME, includes standard controls and trim",,,29235.4,3096.0,0.0
180841,materials_hvac,placeholder,"Boiler, electric, hot water, 30 kW, 102 MBH, ASME, includes standard controls and trim",,,22630.12,2405.0,0.0
180842,materials_hvac,placeholder,"Boiler, electric, hot water, 45 kW, 164 MBH, ASME, includes standard controls and trim",,,21340.55,6160.38,0.0
180843,materials_hvac,placeholder,"Boiler, electric, hot water, 60 kW, 205 MBH, ASME, includes standard controls and trim",,,23461.82,4883.12,0.0
180844,materials_hvac,placeholder,"Boiler, electric, hot water, 75 kW, 256 MBH, ASME, includes standard controls and trim",,,32611.15,8294.58,0.0
180845,materials_hvac,placeholder,"Boiler, electric, hot water, 90 kW, 307 MBH, ASME, includes standard controls and trim",,,10116.0,626.57,0.0
180846,materials_hvac,placeholder,"Boiler, electric, hot water, 105 kW, 358 MBH, ASME, includes standard controls and trim",,,26068.7,3344.25,0.0
180847,materials_hvac,placeholder,"Boiler, electric, hot water, 135 kW, 461 MBH, ASME, includes standard controls and trim",,,32125.5,579.8,0.0
180848,materials_hvac,placeholder,"Boiler, electric, hot water, 150 kW, 512 MBH, ASME, includes standard controls and trim",,,22115.4,6973.4,0.0
180849,materials_hvac,placeholder,"Boiler, electric, hot water, 165 kW, 563 MBH, ASME, includes standard controls and trim",,,3935.32,6933.75,0.0
180850,materials_hvac,placeholder,"Boiler, electric, hot water, 296 KW, 1,010 MBH, ASME, includes standard controls and trim",,,87932.0,15770.85,0.0
180851,materials_hvac,placeholder,"Boiler, electric, hot water, 370 KW, 1,263 MBH, ASME, includes standard controls and trim",,,24096.2,20680.4,0.0
180852,materials_hvac,placeholder,"Boiler, electric, hot water, 444 KW, 1,515 MBH, ASME, includes standard controls and trim",,,23225.4,18276.15,0.0
180853,materials_hvac,placeholder,"Boiler, electric, hot water, 518 KW, 1,768 MBH, ASME, includes standard controls and trim",,,61510.9,17328.0,0.0
180854,materials_hvac,placeholder,"Boiler, electric, hot water, 592 KW, 2,020 MBH, ASME, includes standard controls and trim",,,83780.3,29743.0,0.0
180855,materials_hvac,placeholder,"Boiler, electric, hot water, 666 KW, 2,273 MBH, ASME, includes standard controls and trim",,,133932.6,7801.2,0.0
180856,materials_hvac,placeholder,"Boiler, electric, hot water, 740 KW, 2,526 MBH, ASME, includes standard controls and trim",,,36515.0,4430.85,0.0
180857,materials_hvac,placeholder,"Boiler, electric, hot water, 814 KW, 2,778 MBH, ASME, includes standard controls and trim",,,55116.0,28397.7,0.0
180858,materials_hvac,placeholder,"Boiler, electric, hot water, 888 KW, 3,031 MBH, ASME, includes standard controls and trim",,,48053.9,19558.12,0.0
180859,materials_hvac,placeholder,"Boiler, electric, hot water, 962 KW, 3,283 MBH, ASME, includes standard controls and trim",,,120719.9,24018.68,0.0
180860,materials_hvac,placeholder,"Boiler, electric, hot water, 1,036 KW, 3,536 MBH, ASME, includes standard controls and trim",,,99576.4,11346.0,0.0
180861,materials_hvac,placeholder,"Boiler, electric, hot water, 1,110 KW, 3,788 MBH, ASME, includes standard controls and trim",,,205716.0,19176.0,0.0
180862,materials_hvac,placeholder,"Boiler, electric, hot water, 1,440 KW, 4,915 MBH, ASME, includes standard controls and trim",,,206596.0,21887.25,0.0
180863,materials_hvac,placeholder,"Boiler, electric, hot water, 1,560 kW, 5,323 MBH, ASME, includes standard controls and trim",,,116348.0,2082.5,0.0
180864,materials_hvac,placeholder,"Boiler, electric, hot water, 1,680 kW, 5,733 MBH, ASME, includes standard controls and trim",,,19971.0,26620.0,0.0
180865,materials_hvac,placeholder,"Boiler, electric, hot water, 1,800 kW, 6,143 MBH, ASME, includes standard controls and trim",,,228285.0,29793.4,0.0
180866,materials_hvac,placeholder,"Boiler, electric, hot water, 1,980 KW, 6,757 MBH, ASME, includes standard controls and trim",,,263458.5,17549.35,0.0
180867,materials_hvac,placeholder,"Boiler, electric, hot water, 2,100 KW, 7,167 MBH, ASME, includes standard controls and trim",,,178549.0,3538.55,0.0
180868,materials_hvac,placeholder,"Boiler, electric, hot water, 2,220 KW, 7,576 MBH, ASME, includes standard controls and trim",,,101434.0,23159.3,0.0
180869,materials_hvac,placeholder,"Boiler, electric, hot water, 2,400 kW, 8,191 MBH, ASME, includes standard controls and trim",,,20230.0,24358.8,0.0
180870,materials_hvac,placeholder,"Boiler, electric, hot water, 2,610 KW, 8,905 MBH, ASME, includes standard controls and trim",,,77580.0,46904.0,0.0
180871,materials_hvac,placeholder,"Boiler, electric, hot water, 2,790 KW, 9,519 MBH, ASME, includes standard controls and trim",,,94122.0,49507.5,0.0
180872,materials_hvac,placeholder,"Boiler, electric, hot water, 2,970 KW, 10,133 MBH, ASME, includes standard controls and trim",,,460401.5,36187.2,0.0
180873,materials_hvac,placeholder,"Boiler, electric, hot water, 3,150 KW, 10,748 MBH, ASME, includes standard controls and trim",,,425799.0,39059.0,0.0
180874,materials_hvac,placeholder,"Boiler, electric, hot water, 3,240 KW, 11,055 MBH, ASME, includes standard controls and trim",,,372736.5,20094.9,0.0
180875,materials_hvac,placeholder,"Boiler, electric, hot water, 3,420 KW, 11,669 MBH, ASME, includes standard controls and trim",,,197912.5,64619.5,0.0
180876,materials_hvac,placeholder,"Boiler, electric, hot water, 3,600 KW, 12,283 MBH, ASME, includes standard controls and trim",,,81783.0,48081.0,0.0
180877,materials_hvac,placeholder,"Condensing boilers, cast iron, gas fired, natural or LP, packaged, high efficiency, DOE MBH output, 42 MBH, (84.0%) AFUE, includes standard controls, circulator, trim",,,343.2,1710.4,0.0
180878,materials_hvac,placeholder,"Condensing boilers, cast iron, gas fired, natural or LP, packaged, high efficiency, DOE MBH output, 57 MBH, (84.3%) AFUE, includes standard controls, circulator, trim",,,10195.5,602.88,0.0
180879,materials_hvac,placeholder,"Condensing boilers, cast iron, gas fired, natural or LP, packaged, high efficiency, DOE MBH output, 85 MBH, (84.0%) AFUE, includes standard controls, circulator, trim",,,1281.15,3739.31,0.0
180880,materials_hvac,placeholder,"Condensing boilers, cast iron, gas fired, natural or LP, packaged, high efficiency, DOE MBH output, 112 MBH, (83.7%) AFUE, includes standard controls, circulator, trim",,,15278.38,4128.6,0.0
180881,materials_hvac,placeholder,"Condensing boilers, cast iron, gas fired, natural or LP, packaged, high efficiency, DOE MBH output, 140 MBH, (83.3%) AFUE, includes standard controls, circulator, trim",,,15812.62,2397.37,0.0
180882,materials_hvac,placeholder,"Condensing boilers, cast iron, gas fired, natural or LP, packaged, high efficiency, DOE MBH output, 167 MBH, (83.0%) AFUE, includes standard controls, circulator, trim",,,20097.35,6429.8,0.0
180883,materials_hvac,placeholder,"Condensing boilers, cast iron, gas fired, natural or LP, packaged, high efficiency, DOE MBH output, 194 MBH, (82.7%) AFUE, includes standard controls, circulator, trim",,,2090.5,5595.0,0.0
180884,materials_hvac,placeholder,"Condensing boilers, special feature gas fired boilers, hot water, pulse combustion, high efficiency, DOE 71 MBH, AFUE 95.2%, includes standard controls, circulator, trim",,,17107.4,431.75,0.0
180885,materials_hvac,placeholder,"Condensing boilers, special feature gas fired boilers, hot water, pulse combustion, high efficiency, DOE 94 MBH, AFUE 95.3%, includes standard controls, circulator, trim",,,12667.2,1423.94,0.0
180886,materials_hvac,placeholder,"Condensing boilers, special feature gas fired boilers, hot water, pulse combustion, high efficiency, DOE 139 MBH, AFUE 95.6%, includes standard controls, circulator, trim",,,8179.5,3719.1,0.0
180887,materials_hvac,placeholder,"Condensing boilers, special feature gas fired boilers, hot water, pulse combustion, high efficiency, DOE 207 MBH, AFUE 95.4%, includes standard controls, circulator, trim",,,18047.1,704.12,0.0
180888,materials_hvac,placeholder,"Condensing boilers, special feature gas fired boilers, hot water, pulse combustion, high efficiency, DOE 270 MBH, AFUE 96.4%, includes standard controls, circulator, trim",,,30626.9,1445.62,0.0
180889,materials_hvac,placeholder,"Condensing boilers, special feature gas fired boilers, hot water, pulse combustion, high efficiency, DOE 365 MBH, AFUE 91.7%, includes standard controls, circulator, trim",,,24856.1,380.7,0.0
180890,materials_hvac,placeholder,"Boiler, gas fired, natural or propane, cast iron, hot water, gross output, 80 MBH, includes standard controls and insulated jacket, packaged",,,6470.35,2804.85,0.0
180891,materials_hvac,placeholder,"Boiler, gas fired, natural or propane, cast iron, hot water, gross output, 100 MBH, includes standard controls and insulated jacket, packaged",,,8376.8,1209.9,0.0
180892,materials_hvac,placeholder,"Boiler, gas fired, natural or propane, cast iron, hot water, gross output, 122 MBH, includes standard controls and insulated jacket, packaged",,,15858.5,8886.15,0.0
180893,materials_hvac,placeholder,"Boiler, gas fired, natural or propane, cast iron, hot water, gross output, 163 MBH, includes standard controls and insulated jacket, packaged",,,11510.1,2627.5,0.0
180894,materials_hvac,placeholder,"Boiler, gas fired, natural or propane, cast iron, hot water, gross output, 203 MBH, includes standard controls and insulated jacket, packaged",,,2618.0,5622.5,0.0
180895,materials_hvac,placeholder,"Boiler, gas fired, natural or propane, cast iron, hot water, gross output, 240 MBH, includes standard controls and insulated jacket, packaged",,,10011.8,4876.0,0.0
180896,materials_hvac,placeholder,"Boiler, gas fired, natural or propane, cast iron, hot water, gross output, 280 MBH, includes standard controls and insulated jacket, packaged",,,8443.6,12612.38,0.0
180897,materials_hvac,placeholder,"Boiler, gas fired, natural or propane, cast iron, hot water, gross output, 320 MBH, includes standard controls and insulated jacket, packaged",,,23039.38,3162.5,0.0
180898,materials_hvac,placeholder,"Boiler, gas fired, natural or propane, cast iron, hot water, gross output, 360 MBH, includes standard controls and insulated jacket, packaged",,,9119.0,15703.88,0.0
180899,materials_hvac,placeholder,"Boiler, gas fired, natural or propane, cast iron, hot water, gross output, 400 MBH, includes standard controls and insulated jacket, packaged",,,8859.5,10503.3,0.0
180900,materials_hvac,placeholder,"Boiler, gas fired, natural or propane, cast iron, hot water, gross output, 440 MBH, includes standard controls and insulated jacket, packaged",,,3622.5,19625.2,0.0
180901,materials_hvac,placeholder,"Boiler, gas fired, natural or propane, cast iron, hot water, gross output, 544 MBH, includes standard controls and insulated jacket, packaged",,,19409.0,12593.22,0.0
180902,materials_hvac,placeholder,"Boiler, gas fired, natural or propane, cast iron, hot water, gross output, 765 MBH, includes standard controls and insulated jacket, packaged",,,38827.5,5076.5,0.0
180903,materials_hvac,placeholder,"Boiler, gas fired, natural or propane, cast iron, hot water, gross output, 1088 MBH, includes standard controls and insulated jacket, packaged",,,19816.2,15925.95,0.0
180904,materials_hvac,placeholder,"Boiler, gas fired, natural or propane, cast iron, hot water, gross output, 1275 MBH, includes standard controls and insulated jacket, packaged",,,48076.8,4011.45,0.0
180905,materials_hvac,placeholder,"Boiler, gas fired, natural or propane, cast iron, hot water, gross output, 1530 MBH, includes standard controls and insulated jacket, packaged",,,73081.6,34980.93,0.0
180906,materials_hvac,placeholder,"Boiler, gas fired, natural or propane, cast iron, hot water, gross output, 2000 MBH, includes standard controls and insulated jacket, packaged",,,147225.0,29605.8,0.0
180907,materials_hvac,placeholder,"Boiler, gas fired, natural or propane, cast iron, hot water, gross output, 2312 MBH, includes standard controls and insulated jacket, packaged",,,116051.6,34742.0,0.0
180908,materials_hvac,placeholder,"Boiler, gas fired, natural or propane, cast iron, hot water, gross output, 2856 MBH, includes standard controls and insulated jacket, packaged",,,11808.0,17587.5,0.0
180909,materials_hvac,placeholder,"Boiler, gas fired, natural or propane, cast iron, hot water, gross output, 3264 MBH, includes standard controls and insulated jacket, packaged",,,79379.6,52014.9,0.0
180910,materials_hvac,placeholder,"Boiler, gas fired, natural or propane, cast iron, hot water, gross output, 3808 MBH, includes standard controls and insulated jacket, packaged",,,82638.6,20655.0,0.0
180911,materials_hvac,placeholder,"Boiler, gas fired, natural or propane, cast iron, hot water, gross output, 4488 MBH, includes standard controls and insulated jacket, packaged",,,63067.8,55704.0,0.0
180912,materials_hvac,placeholder,"Boiler, gas fired, natural or propane, cast iron, hot water, gross output, 4720 MBH, includes standard controls and insulated jacket, packaged",,,73872.0,56415.3,0.0
180913,materials_hvac,placeholder,"Boiler, gas fired, natural or propane, cast iron, hot water, gross output, 5520 MBH, includes standard controls and insulated jacket, packaged",,,65868.0,21802.2,0.0
180914,materials_hvac,placeholder,"Boiler, gas fired, natural or propane, cast iron, hot water, gross output, 6100 MBH, includes standard controls and insulated jacket, packaged",,,465372.0,80614.8,0.0
180915,materials_hvac,placeholder,"Boiler, gas fired, natural or propane, cast iron, hot water, gross output, 6390 MBH, includes standard controls and insulated jacket, packaged",,,343012.0,8601.6,0.0
180916,materials_hvac,placeholder,"Boiler, gas fired, natural or propane, cast iron, hot water, gross output, 6680 MBH, includes standard controls and insulated jacket, packaged",,,226050.0,28474.8,0.0
180917,materials_hvac,placeholder,"Boiler, gas fired, natural or propane, cast iron, hot water, gross output, 6970 MBH, includes standard controls and insulated jacket, packaged",,,213363.0,14692.2,0.0
180918,materials_hvac,placeholder,"Boiler, solid fuel, steel, stoker fired (coal/wood/biomass), cast iron, steam or water, gross output, 1,280 MBH, includes flush jacket and insulation",,,552769.0,15733.28,0.0
180919,materials_hvac,placeholder,"Boiler, solid fuel, steel, stoker fired (coal/wood/biomass), cast iron, steam or water, gross output, 1,460 MBH, includes flush jacket and insulation",,,972089.0,16389.45,0.0
180920,materials_hvac,placeholder,"Boiler, solid fuel, steel, stoker fired (coal/wood/biomass), cast iron, steam or water, gross output, 1,640 MBH, includes flush jacket and insulation",,,494488.0,8559.95,0.0
180921,materials_hvac,placeholder,"Boiler, solid fuel, steel, stoker fired (coal/wood/biomass), cast iron, steam or water, gross output, 1,820 MBH, includes flush jacket and insulation",,,1141081.5,3264.3,0.0
180922,materials_hvac,placeholder,"Boiler, solid fuel, steel, stoker fired (coal/wood/biomass), cast iron, steam or water, gross output, 2,000 MBH, includes flush jacket and insulation",,,117521.0,32269.75,0.0
180923,materials_hvac,placeholder,"Boiler, solid fuel, steel, stoker fired (coal/wood/biomass), cast iron, steam or water, gross output, 2,360 MBH, includes flush jacket and insulation",,,364296.0,1338.75,0.0
180924,materials_hvac,placeholder,"Boiler, solid fuel, steel, stoker fired (coal/wood/biomass), cast iron, steam or water, gross output, 2,725 MBH, includes flush jacket and insulation",,,589570.0,32878.65,0.0
180925,materials_hvac,placeholder,"Boiler, solid fuel, steel, stoker fired (coal/wood/biomass), cast iron, steam or water, gross output, 2,950 MBH, includes flush jacket and insulation",,,168469.0,2103.8,0.0
180926,materials_hvac,placeholder,"Boiler, solid fuel, steel, stoker fired (coal/wood/biomass), cast iron, steam or water, gross output, 3,210 MBH, includes flush jacket and insulation",,,1132257.5,11005.3,0.0
180927,materials_hvac,placeholder,"Boiler, solid fuel, steel, stoker fired (coal/wood/biomass), cast iron, steam or water, gross output, 3,480 MBH, includes flush jacket and insulation",,,276783.0,6390.3,0.0
180928,materials_hvac,placeholder,"Boiler, solid fuel, steel, stoker fired (coal/wood/biomass), cast iron, steam or water, gross output, 3,745 MBH, includes flush jacket and insulation",,,996264.0,11706.6,0.0
180929,materials_hvac,placeholder,"Boiler, solid fuel, steel, stoker fired (coal/wood/biomass), cast iron, steam or water, gross output, 4,000 MBH, includes flush jacket and insulation",,,914056.0,22079.2,0.0
180930,materials_hvac,placeholder,"Boiler, solid fuel, steel, stoker fired (coal/wood/biomass), cast iron, steam or water, gross output, 4,200 MBH, includes flush jacket and insulation",,,291841.0,10788.7,0.0
180931,materials_hvac,placeholder,"Boiler, solid fuel, steel, stoker fired (coal/wood/biomass), cast iron, steam or water, gross output, 4,400 MBH, includes flush jacket and insulation",,,1525415.5,25351.7,0.0
180932,materials_hvac,placeholder,"Boiler, solid fuel, steel, stoker fired (coal/wood/biomass), cast iron, steam or water, gross output, 4,600 MBH, includes flush jacket and insulation",,,828818.5,43263.0,0.0
180933,materials_hvac,placeholder,"Boiler, oil fired, burner, steel, hot water, gross output, 103 MBH, includes standard controls and insulated flush jacket",,,2012.4,4457.25,0.0
180934,materials_hvac,placeholder,"Boiler, oil fired, burner, steel, hot water, gross output, 122 MBH, includes standard controls and insulated flush jacket",,,10095.52,4772.5,0.0
180935,materials_hvac,placeholder,"Boiler, oil fired, burner, steel, hot water, gross output, 137 MBH, includes standard controls and insulated flush jacket",,,16183.85,5543.8,0.0
180936,materials_hvac,placeholder,"Boiler, oil fired, burner, steel, hot water, gross output, 168 MBH, includes standard controls and insulated flush jacket",,,1260.88,6108.2,0.0
180937,materials_hvac,placeholder,"Boiler, oil fired, burner, steel, hot water, gross output, 225 MBH, includes standard controls and insulated flush jacket",,,24637.57,1426.32,0.0
180938,materials_hvac,placeholder,"Boiler, oil fired, burner, steel, hot water, gross output, 315 MBH, includes standard controls and insulated flush jacket",,,29086.2,366.7,0.0
180939,materials_hvac,placeholder,"Boiler, oil fired, burner, steel, hot water, gross output, 420 MBH, includes standard controls and insulated flush jacket",,,17610.53,4420.0,0.0
180940,materials_hvac,placeholder,"Boiler, oil fired, burner, steel, hot water, gross output, 525 MBH, includes standard controls and insulated flush jacket",,,25074.0,11817.6,0.0
180941,materials_hvac,placeholder,"Boiler, oil fired, burner, steel, hot water, gross output, 735 MBH, includes standard controls and insulated flush jacket",,,31450.0,6217.42,0.0
180942,materials_hvac,placeholder,"Boiler, oil fired, burner, steel, hot water, gross output, 1050 MBH, includes standard controls and insulated flush jacket",,,24850.0,10489.05,0.0
180943,materials_hvac,placeholder,"Boiler, oil fired, burner, steel, hot water, gross output, 2310 MBH, includes standard controls and insulated flush jacket",,,31089.8,11494.38,0.0
180944,materials_hvac,placeholder,"Boiler, oil fired, burner, steel, hot water, gross output, 3150 MBH, includes standard controls and insulated flush jacket",,,230229.5,63008.7,0.0
180945,materials_hvac,placeholder,"Boiler, packaged water tube, steam or hot water, gross output, #2 oil, 200 MBH",,,20558.7,5781.6,0.0
180946,materials_hvac,placeholder,"Boiler, packaged water tube, steam or hot water, gross output, #2 oil, 275 MBH",,,21715.12,5110.3,0.0
180947,materials_hvac,placeholder,"Boiler, packaged water tube, steam or hot water, gross output, #2 oil, 360 MBH",,,6218.1,3943.5,0.0
180948,materials_hvac,placeholder,"Boiler, packaged water tube, steam or hot water, gross output, #2 oil, 520 MBH",,,27991.1,2791.65,0.0
180949,materials_hvac,placeholder,"Boiler, packaged water tube, steam or hot water, gross output, #2 oil, 600 MBH",,,41103.3,6893.98,0.0
180950,materials_hvac,placeholder,"Boiler, packaged water tube, steam or hot water, gross output, #2 oil, 720 MBH",,,57834.0,2960.1,0.0
180951,materials_hvac,placeholder,"Boiler, packaged water tube, steam or hot water, gross output, #2 oil, 960 MBH",,,80808.3,1940.35,0.0
180952,materials_hvac,placeholder,"Boiler, packaged water tube, steam or hot water, gross output, #2 oil, 1,200 MBH",,,102943.4,18291.0,0.0
180953,materials_hvac,placeholder,"Boiler, packaged water tube, steam or hot water, gross output, #2 oil, 1,440 MBH",,,66457.8,7526.25,0.0
180954,materials_hvac,placeholder,"Boiler, packaged water tube, steam or hot water, gross output, #2 oil, 1,600 MBH",,,68275.4,22433.12,0.0
180955,materials_hvac,placeholder,"Boiler, packaged water tube, steam or hot water, gross output, #2 oil, 1,920 MBH",,,149581.0,10690.75,0.0
180956,materials_hvac,placeholder,"Boiler, packaged water tube, steam or hot water, gross output, #2 oil, 2,160 MBH",,,54656.0,37475.6,0.0
180957,materials_hvac,placeholder,"Boiler, packaged water tube, steam or hot water, gross output, #2 oil, 2,400 MBH",,,262143.0,28857.6,0.0
180958,materials_hvac,placeholder,"Boiler, packaged water tube, steam or hot water, gross output, #2 oil, 3,200 MBH",,,90288.0,34050.0,0.0
180959,materials_hvac,placeholder,"Boiler, packaged water tube, steam or hot water, gross output, #2 oil, 4,800 MBH",,,81968.0,54625.0,0.0
180960,materials_hvac,placeholder,"Boiler, packaged water tube, gas fired, steam or hot water, gross output, 200 MBH",,,12744.32,5544.0,0.0
180961,materials_hvac,placeholder,"Boiler, packaged water tube, gas fired, steam or hot water, gross output, 275 MBH",,,40020.0,3832.4,0.0
180962,materials_hvac,placeholder,"Boiler, packaged water tube, gas fired, steam or hot water, gross output, 360 MBH",,,1050.4,589.05,0.0
180963,materials_hvac,placeholder,"Boiler, packaged water tube, gas fired, steam or hot water, gross output, 520 MBH",,,50166.0,1920.3,0.0
180964,materials_hvac,placeholder,"Boiler, packaged water tube, gas fired, steam or hot water, gross output, 600 MBH",,,6143.8,5980.42,0.0
180965,materials_hvac,placeholder,"Boiler, packaged water tube, gas fired, steam or hot water, gross output, 720 MBH",,,63752.0,6296.4,0.0
180966,materials_hvac,placeholder,"Boiler, packaged water tube, gas fired, steam or hot water, gross output, 960 MBH",,,35929.2,11404.28,0.0
180967,materials_hvac,placeholder,"Boiler, packaged water tube, gas fired, steam or hot water, gross output, 1,220 MBH",,,85521.4,11120.32,0.0
180968,materials_hvac,placeholder,"Boiler, packaged water tube, gas fired, steam or hot water, gross output, 1,440 MBH",,,120764.7,10481.0,0.0
180969,materials_hvac,placeholder,"Boiler, packaged water tube, gas fired, steam or hot water, gross output, 1,680 MBH",,,33157.6,4122.68,0.0
180970,materials_hvac,placeholder,"Boiler, packaged water tube, gas fired, steam or hot water, gross output, 1,920 MBH",,,72957.5,8466.5,0.0
180971,materials_hvac,placeholder,"Boiler, packaged water tube, gas fired, steam or hot water, gross output, 2,160 MBH",,,85484.5,35294.4,0.0
180972,materials_hvac,placeholder,"Boiler, packaged water tube, gas fired, steam or hot water, gross output, 2,400 MBH",,,52694.4,18211.35,0.0
180973,materials_hvac,placeholder,"Shot chemical feeder, by pass, in line mount, 300 PSIG, 1.7 gallon",,,874.82,265.05,0.0
180974,materials_hvac,placeholder,"Shot chemical feeder, by pass, in line mount, 300 PSIG, 12 gallon",,,1101.6,5710.5,0.0
180975,materials_hvac,placeholder,"Furnace, hot air heating, blowers, electric, 34.1 MBH, UL listed, includes standard controls, excludes gas, oil or flue piping",,,1173.86,123.42,0.0
180976,materials_hvac,placeholder,"Furnace, hot air heating, blowers, electric, 51.6 MBH, UL listed, includes standard controls, excludes gas, oil or flue piping",,,1563.1,494.52,0.0
180977,materials_hvac,placeholder,"Furnace, hot air heating, blowers, electric, 68.3 MBH, UL listed, includes standard controls, excludes gas, oil or flue piping",,,493.24,531.32,0.0
180978,materials_hvac,placeholder,"Furnace, hot air heating, blowers, electric, 85.3 MBH, UL listed, includes standard controls, excludes gas, oil or flue piping",,,1420.74,382.2,0.0
180979,materials_hvac,placeholder,"Furnace, gas, upflow, direct drive model, intermittent pilot, 45 MBH input, AGA certified, includes standard controls, excludes gas, oil or flue piping",,,3020.22,85.23,0.0
180980,materials_hvac,placeholder,"Furnace, gas, upflow, direct drive model, intermittent pilot, 60 MBH input, AGA certified, includes standard controls, excludes gas, oil or flue piping",,,1153.4,697.2,0.0
180981,materials_hvac,placeholder,"Furnace, gas, upflow, direct drive model, intermittent pilot, 75 MBH input, AGA certified, includes standard controls, excludes gas, oil or flue piping",,,1325.95,955.52,0.0
180982,materials_hvac,placeholder,"Furnace, gas, upflow, direct drive model, intermittent pilot, 100 MBH input, AGA certified, includes standard controls, excludes gas, oil or flue piping",,,2047.1,171.72,0.0
180983,materials_hvac,placeholder,"Furnace, gas, upflow, direct drive model, intermittent pilot, 125 MBH input, AGA certified, includes standard controls, excludes gas, oil or flue piping",,,4808.15,1687.96,0.0
180984,materials_hvac,placeholder,"Furnace, gas, upflow, direct drive model, intermittent pilot, 150 MBH input, AGA certified, includes standard controls, excludes gas, oil or flue piping",,,5701.7,530.95,0.0
180985,materials_hvac,placeholder,"Furnace, gas, upflow, direct drive model, intermittent pilot, 200 MBH input, AGA certified, includes standard controls, excludes gas, oil or flue piping",,,10165.5,1316.04,0.0
180986,materials_hvac,placeholder,"Furnace, gas, upflow, direct drive model, intermittent pilot, 300 MBH input, AGA certified, includes standard controls, excludes gas, oil or flue piping",,,12545.75,238.59,0.0
180987,materials_hvac,placeholder,"Furnace, gas, upflow, direct drive model, intermittent pilot, 400 MBH input, AGA certified, includes standard controls, excludes gas, oil or flue piping",,,7118.8,1440.96,0.0
180988,materials_hvac,placeholder,"Furnace, oil, atomizing gun type burner, 56 MBH output, UL listed, includes standard controls, excludes gas, oil or flue piping",,,3969.32,1422.08,0.0
180989,materials_hvac,placeholder,"Furnace, oil, atomizing gun type burner, 84 MBH output, UL listed, includes standard controls, excludes gas, oil or flue piping",,,11850.3,1467.7,0.0
180990,materials_hvac,placeholder,"Furnace, oil, atomizing gun type burner, 95 MBH output, UL listed, includes standard controls, excludes gas, oil or flue piping",,,22253.75,1361.78,0.0
180991,materials_hvac,placeholder,"Furnace, oil, atomizing gun type burner, 134 MBH output, UL listed, includes standard controls, excludes gas, oil or flue piping",,,13555.88,621.36,0.0
180992,materials_hvac,placeholder,"Furnace, oil, atomizing gun type burner, 151 MBH output, UL listed, includes standard controls, excludes gas, oil or flue piping",,,24292.5,1412.08,0.0
180993,materials_hvac,placeholder,"Furnace, oil, atomizing gun type burner, 200 MBH input, UL listed, includes standard controls, excludes gas, oil or flue piping",,,26773.72,1716.88,0.0
180994,materials_hvac,placeholder,"Furnace, oil, atomizing gun type burner, 300 MBH input, UL listed, includes standard controls, excludes gas, oil or flue piping",,,20092.5,2387.88,0.0
180995,materials_hvac,placeholder,"Furnace, oil, atomizing gun type burner, 400 MBH input, UL listed, includes standard controls, excludes gas, oil or flue piping",,,2853.55,2415.66,0.0
180996,materials_hvac,placeholder,"Duct furnace, gas fired, stainless steel heat exchanger, electric ignition, interior installation, 100 MBH output, includes burner and controls",,,6543.6,1235.92,0.0
180997,materials_hvac,placeholder,"Duct furnace, gas fired, stainless steel heat exchanger, electric ignition, interior installation, 120 MBH output, includes burner and controls",,,14450.0,355.95,0.0
180998,materials_hvac,placeholder,"Duct furnace, gas fired, stainless steel heat exchanger, electric ignition, interior installation, 200 MBH output, includes burner and controls",,,7888.12,2298.5,0.0
180999,materials_hvac,placeholder,"Duct furnace, gas fired, stainless steel heat exchanger, electric ignition, interior installation, 240 MBH output, includes burner and controls",,,5687.05,583.15,0.0
181000,materials_hvac,placeholder,"Duct furnace, gas fired, stainless steel heat exchanger, electric ignition, interior installation, 280 MBH output, includes burner and controls",,,18358.18,1411.25,0.0
181001,materials_hvac,placeholder,"Duct furnace, gas fired, stainless steel heat exchanger, electric ignition, interior installation, 320 MBH output, includes burner and controls",,,15462.9,2963.38,0.0
181002,materials_hvac,placeholder,"Duct furnace, gas fired, stainless steel heat exchanger, electric ignition, outdoor installation, 75 MBH output, includes burner, controls and power venter",,,14935.8,800.1,0.0
181003,materials_hvac,placeholder,"Duct furnace, gas fired, stainless steel heat exchanger, electric ignition, outdoor installation, 94 MBH output, includes burner, controls and power venter",,,7786.38,68.67,0.0
181004,materials_hvac,placeholder,"Duct furnace, gas fired, stainless steel heat exchanger, electric ignition, outdoor installation, 120 MBH output, includes burner, controls and power venter",,,18733.5,1082.03,0.0
181005,materials_hvac,placeholder,"Duct furnace, gas fired, stainless steel heat exchanger, electric ignition, outdoor installation, 157 MBH output, includes burner, controls and power venter",,,20076.38,1337.04,0.0
181006,materials_hvac,placeholder,"Duct furnace, gas fired, stainless steel heat exchanger, electric ignition, outdoor installation, 187 MBH output, includes burner, controls and power venter",,,11014.58,1736.7,0.0
181007,materials_hvac,placeholder,"Duct furnace, gas fired, stainless steel heat exchanger, electric ignition, outdoor installation, 225 MBH output, includes burner, controls and power venter",,,5803.2,1090.0,0.0
181008,materials_hvac,placeholder,"Duct furnace, gas fired, stainless steel heat exchanger, electric ignition, outdoor installation, 300 MBH output, includes burner, controls and power venter",,,7106.4,3383.26,0.0
181009,materials_hvac,placeholder,"Duct furnace, gas fired, stainless steel heat exchanger, electric ignition, outdoor installation, 375 MBH output, includes burner, controls and power venter",,,13199.65,1790.58,0.0
181010,materials_hvac,placeholder,"Duct furnace, gas fired, stainless steel heat exchanger, electric ignition, outdoor installation, 450 MBH output, includes burner, controls and power venter",,,22650.7,2161.43,0.0
181011,materials_hvac,placeholder,"Duct furnace, gas fired, stainless steel heat exchanger, electric ignition, outdoor installation, 600 MBH output, includes burner, controls and power venter",,,16675.2,3353.75,0.0
181012,materials_hvac,placeholder,"Space heater, cabinet, grilles, fan, gas fired, suspension mounted, gravity vent, propeller fan, 20 MBH output, includes controls, burner and thermostat, excludes piping",,,3937.64,100.2,0.0
181013,materials_hvac,placeholder,"Space heater, cabinet, grilles, fan, gas fired, suspension mounted, gravity vent, propeller fan, 40 MBH output, includes controls, burner and thermostat, excludes piping",,,1962.94,106.88,0.0
181014,materials_hvac,placeholder,"Space heater, cabinet, grilles, fan, gas fired, suspension mounted, gravity vent, propeller fan, 60 MBH output, includes controls, burner and thermostat, excludes piping",,,423.15,386.1,0.0
181015,materials_hvac,placeholder,"Space heater, cabinet, grilles, fan, gas fired, suspension mounted, gravity vent, propeller fan, 80 MBH output, includes controls, burner and thermostat, excludes piping",,,4294.4,246.2,0.0
181016,materials_hvac,placeholder,"Space heater, cabinet, grilles, fan, gas fired, suspension mounted, gravity vent, propeller fan, 100 MBH output, includes controls, burner and thermostat, excludes piping",,,3962.5,1059.29,0.0
181017,materials_hvac,placeholder,"Space heater, cabinet, grilles, fan, gas fired, suspension mounted, gravity vent, propeller fan, 130 MBH output, includes controls, burner and thermostat, excludes piping",,,937.75,878.25,0.0
181018,materials_hvac,placeholder,"Space heater, cabinet, grilles, fan, gas fired, suspension mounted, gravity vent, propeller fan, 140 MBH output, includes controls, burner and thermostat, excludes piping",,,10191.75,60.54,0.0
181019,materials_hvac,placeholder,"Space heater, cabinet, grilles, fan, gas fired, suspension mounted, gravity vent, propeller fan, 160 MBH output, includes controls, burner and thermostat, excludes piping",,,2185.33,228.38,0.0
181020,materials_hvac,placeholder,"Space heater, cabinet, grilles, fan, gas fired, suspension mounted, gravity vent, propeller fan, 180 MBH output, includes controls, burner and thermostat, excludes piping",,,17748.38,1628.64,0.0
181021,materials_hvac,placeholder,"Space heater, cabinet, grilles, fan, gas fired, suspension mounted, gravity vent, propeller fan, 200 MBH output, includes controls, burner and thermostat, excludes piping",,,8111.75,1074.36,0.0
181022,materials_hvac,placeholder,"Space heater, cabinet, grilles, fan, gas fired, suspension mounted, gravity vent, propeller fan, 240 MBH output, includes controls, burner and thermostat, excludes piping",,,1695.35,437.56,0.0
181023,materials_hvac,placeholder,"Space heater, cabinet, grilles, fan, gas fired, suspension mounted, gravity vent, propeller fan, 280 MBH output, includes controls, burner and thermostat, excludes piping",,,15291.8,481.24,0.0
181024,materials_hvac,placeholder,"Space heater, cabinet, grilles, fan, gas fired, suspension mounted, gravity vent, propeller fan, 320 MBH output, includes controls, burner and thermostat, excludes piping",,,4916.7,1053.12,0.0
181025,materials_hvac,placeholder,"Condenser, ratings are for air cooled, direct drive, propeller fan, 1 ton",,,8172.8,1523.94,0.0
181026,materials_hvac,placeholder,"Condenser, ratings are for air cooled, direct drive, propeller fan, 1-1/2 ton",,,9161.6,1011.85,0.0
181027,materials_hvac,placeholder,"Condenser, ratings are for air cooled, direct drive, propeller fan, 2 ton",,,15480.4,594.75,0.0
181028,materials_hvac,placeholder,"Condenser, ratings are for air cooled, direct drive, propeller fan, 3 ton",,,10852.3,2558.33,0.0
181029,materials_hvac,placeholder,"Condenser, ratings are for air cooled, direct drive, propeller fan, 5 ton",,,3512.6,701.25,0.0
181030,materials_hvac,placeholder,"Condenser, ratings are for air cooled, direct drive, propeller fan, 8 ton",,,40824.0,3089.97,0.0
181031,materials_hvac,placeholder,"Condenser, ratings are for air cooled, direct drive, propeller fan, 10 ton",,,10323.4,2548.96,0.0
181032,materials_hvac,placeholder,"Condenser, ratings are for air cooled, direct drive, propeller fan, 12 ton",,,51244.8,698.66,0.0
181033,materials_hvac,placeholder,"Condenser, ratings are for air cooled, direct drive, propeller fan, 14 ton",,,42275.0,2829.75,0.0
181034,materials_hvac,placeholder,"Condenser, ratings are for air cooled, direct drive, propeller fan, 16 ton",,,16750.5,3796.15,0.0
181035,materials_hvac,placeholder,"Condenser, ratings are for air cooled, direct drive, propeller fan, 21 ton",,,79790.5,5473.75,0.0
181036,materials_hvac,placeholder,"Condenser, ratings are for air cooled, direct drive, propeller fan, 26 ton",,,116571.4,4044.0,0.0
181037,materials_hvac,placeholder,"Condenser, ratings are for air cooled, direct drive, propeller fan, 30 ton",,,3622.5,4291.95,0.0
181038,materials_hvac,placeholder,"Condenser, ratings are for air cooled, direct drive, propeller fan, 41 ton",,,10639.2,8833.65,0.0
181039,materials_hvac,placeholder,"Condenser, ratings are for air cooled, direct drive, propeller fan, 52 ton",,,82037.2,9581.0,0.0
181040,materials_hvac,placeholder,"Condenser, ratings are for air cooled, direct drive, propeller fan, 63 ton",,,133068.0,9452.98,0.0
181041,materials_hvac,placeholder,"Condenser, ratings are for air cooled, direct drive, propeller fan, 76 ton",,,58387.4,17660.0,0.0
181042,materials_hvac,placeholder,"Condenser, ratings are for air cooled, direct drive, propeller fan, 86 ton",,,15532.5,10846.42,0.0
181043,materials_hvac,placeholder,"Condenser, ratings are for air cooled, direct drive, propeller fan, 97 ton",,,166562.5,15287.88,0.0
181044,materials_hvac,placeholder,"Condenser, ratings are for air cooled, direct drive, propeller fan, 105 ton",,,165880.0,19352.03,0.0
181045,materials_hvac,placeholder,"Condenser, ratings are for air cooled, direct drive, propeller fan, 118 ton",,,330382.5,21089.08,0.0
181046,materials_hvac,placeholder,"Condenser, ratings are for air cooled, direct drive, propeller fan, 126 ton",,,246510.0,9473.7,0.0
181047,materials_hvac,placeholder,"Condensing unit, water cooled, compressor, heat exchanger, 5 Ton, includes standard controls",,,53921.7,2008.8,0.0
181048,materials_hvac,placeholder,"Condensing unit, water cooled, compressor, heat exchanger, 10 ton, includes standard controls",,,106683.0,2681.7,0.0
181049,materials_hvac,placeholder,"Condensing unit, water cooled, compressor, heat exchanger, 15 ton, includes standard controls",,,92471.4,4097.5,0.0
181050,materials_hvac,placeholder,"Condensing unit, water cooled, compressor, heat exchanger, 20 ton, includes standard controls",,,26786.8,3086.05,0.0
181051,materials_hvac,placeholder,"Condensing unit, water cooled, compressor, heat exchanger, 30 ton, includes standard controls",,,117506.0,28810.1,0.0
181052,materials_hvac,placeholder,"Condensing unit, water cooled, compressor, heat exchanger, 40 ton, includes standard controls",,,189839.0,20570.65,0.0
181053,materials_hvac,placeholder,"Condenser, ratings are for air cooled, belt drive, propeller fan, 50 ton",,,81262.5,8503.85,0.0
181054,materials_hvac,placeholder,"Condenser, ratings are for evaporative, copper coil, pump, fan motor, 30Deg.F temperature difference, 50 ton, R-22",,,9918.2,7728.3,0.0
181055,materials_hvac,placeholder,"Condenser, ratings are for evaporative, copper coil, pump, fan motor, 30Deg.F temperature difference, R-22, for fan damper control, add",,,4180.65,1342.5,0.0
181056,materials_hvac,placeholder,"Absorption water chiller, direct gas fired, water cooled, duplex, 100 ton",,,284412.0,55719.1,0.0
181057,materials_hvac,placeholder,"Absorption water chiller, direct gas fired, water cooled, duplex, 200 ton",,,195048.0,49306.2,0.0
181058,materials_hvac,placeholder,"Absorption water chiller, direct gas fired, water cooled, duplex, 300 ton",,,1154335.0,113817.6,0.0
181059,materials_hvac,placeholder,"Absorption water chiller, direct gas fired, water cooled, duplex, 400 ton",,,892392.5,21377.6,0.0
181060,materials_hvac,placeholder,"Absorption water chiller, direct gas fired, water cooled, duplex, 500 ton",,,1188127.5,22403.5,0.0
181061,materials_hvac,placeholder,"Absorption water chiller, direct gas fired, water cooled, duplex, 600 ton",,,2094978.0,131898.0,0.0
181062,materials_hvac,placeholder,"Absorption water chiller, direct gas fired, water cooled, duplex, 700 ton",,,1923389.0,88040.4,0.0
181063,materials_hvac,placeholder,"Absorption water chiller, direct gas fired, water cooled, duplex, 800 ton",,,1618469.5,23411.7,0.0
181064,materials_hvac,placeholder,"Absorption water chiller, direct gas fired, water cooled, duplex, 900 ton",,,1278788.0,142807.2,0.0
181065,materials_hvac,placeholder,"Absorption water chiller, direct gas fired, water cooled, duplex, 1,000 ton",,,3180296.0,91575.0,0.0
181066,materials_hvac,placeholder,"Absorption water chiller, indirect-fired, steam or hot water, water cooled, single stage, 100 ton",,,99368.5,58186.0,0.0
181067,materials_hvac,placeholder,"Absorption water chiller, indirect-fired, steam or hot water, water cooled, single stage, 148 ton",,,1120864.5,3575.4,0.0
181068,materials_hvac,placeholder,"Absorption water chiller, indirect-fired, steam or hot water, water cooled, single stage, 200 ton",,,1158363.0,72986.4,0.0
181069,materials_hvac,placeholder,"Absorption water chiller, indirect-fired, steam or hot water, water cooled, single stage, 250 ton",,,437255.5,4879.2,0.0
181070,materials_hvac,placeholder,"Absorption water chiller, indirect-fired, steam or hot water, water cooled, single stage, 354 ton",,,2124028.0,79897.7,0.0
181071,materials_hvac,placeholder,"Absorption water chiller, indirect-fired, steam or hot water, water cooled, single stage, 420 ton",,,193483.0,24439.8,0.0
181072,materials_hvac,placeholder,"Absorption water chiller, indirect-fired, steam or hot water, water cooled, single stage, 665 ton",,,731850.0,19410.9,0.0
181073,materials_hvac,placeholder,"Absorption water chiller, indirect-fired, steam or hot water, water cooled, single stage, 750 ton",,,2310738.5,112803.0,0.0
181074,materials_hvac,placeholder,"Absorption water chiller, indirect-fired, steam or hot water, water cooled, single stage, 850 ton",,,2932896.0,12774.6,0.0
181075,materials_hvac,placeholder,"Absorption water chiller, indirect-fired, steam or hot water, water cooled, single stage, 955 ton",,,615400.0,150502.8,0.0
181076,materials_hvac,placeholder,"Absorption water chiller, indirect-fired, steam or hot water, water cooled, single stage, 1,125 ton",,,4429509.5,163317.0,0.0
181077,materials_hvac,placeholder,"Absorption water chiller, indirect-fired, steam or hot water, water cooled, single stage, 1,250 ton",,,3907906.0,28327.2,0.0
181078,materials_hvac,placeholder,"Absorption water chiller, indirect-fired, steam or hot water, water cooled, single stage, 1,465 ton",,,6769080.5,179233.6,0.0
181079,materials_hvac,placeholder,"Absorption water chiller, indirect-fired, steam or hot water, water cooled, single stage, 1,660 ton",,,2880995.0,179220.8,0.0
181080,materials_hvac,placeholder,"Water chiller, centrifugal liquid chiller, packaged unit, water cooled, 200 ton, includes standard controls, excludes water tower",,,497802.0,3321.0,0.0
181081,materials_hvac,placeholder,"Water chiller, centrifugal liquid chiller, packaged unit, water cooled, 300 ton, includes standard controls, excludes water tower",,,467790.0,26242.2,0.0
181082,materials_hvac,placeholder,"Water chiller, centrifugal liquid chiller, packaged unit, water cooled, 400 ton, includes standard controls, excludes water tower",,,987925.0,55278.0,0.0
181083,materials_hvac,placeholder,"Water chiller, centrifugal liquid chiller, packaged unit, water cooled, 500 ton, includes standard controls, excludes water tower",,,435337.5,62060.0,0.0
181084,materials_hvac,placeholder,"Water chiller, centrifugal liquid chiller, packaged unit, water cooled, 600 ton, includes standard controls, excludes water tower",,,972458.0,37307.6,0.0
181085,materials_hvac,placeholder,"Water chiller, centrifugal liquid chiller, packaged unit, water cooled, 700 ton, includes standard controls, excludes water tower",,,310751.0,35788.8,0.0
181086,materials_hvac,placeholder,"Water chiller, centrifugal liquid chiller, packaged unit, water cooled, 800 ton, includes standard controls, excludes water tower",,,353890.0,8036.7,0.0
181087,materials_hvac,placeholder,"Water chiller, centrifugal liquid chiller, packaged unit, water cooled, 900 ton, includes standard controls, excludes water tower",,,2013760.0,90719.4,0.0
181088,materials_hvac,placeholder,"Water chiller, centrifugal liquid chiller, packaged unit, water cooled, 1,000 ton, includes standard controls, excludes water tower",,,1603720.5,59100.8,0.0
181089,materials_hvac,placeholder,"Water chiller, centrifugal liquid chiller, packaged unit, water cooled, 1,200 ton, includes standard controls, excludes water tower",,,1004340.0,22878.0,0.0
181090,materials_hvac,placeholder,"Water chiller, centrifugal liquid chiller, packaged unit, water cooled, 1,500 ton, includes standard controls, excludes water tower",,,1881719.5,102371.0,0.0
181091,materials_hvac,placeholder,"Water chiller, centrifugal liquid chiller, packaged unit, water cooled, 1,700 ton, includes standard controls, excludes water tower",,,919296.0,57186.0,0.0
181092,materials_hvac,placeholder,"Water chiller, centrifugal liquid chiller, packaged unit, water cooled, 2,000 ton, includes standard controls, excludes water tower",,,4247860.0,34547.0,0.0
181093,materials_hvac,placeholder,"Water chiller, centrifugal liquid chiller, packaged unit, water cooled, 2,500 ton, includes standard controls, excludes water tower",,,1828256.0,88817.1,0.0
181094,materials_hvac,placeholder,"Water chiller, reciprocating, multiple compressor, semi-hermetic, water cooled, 75 ton cooling, includes standard controls, excludes water tower",,,211120.0,36144.4,0.0
181095,materials_hvac,placeholder,"Water chiller, reciprocating, multiple compressor, semi-hermetic, water cooled, 100 ton cooling, includes standard controls, excludes water tower",,,78717.5,52762.2,0.0
181096,materials_hvac,placeholder,"Water chiller, reciprocating, multiple compressor, semi-hermetic, water cooled, 115 ton cooling, includes standard controls, excludes water tower",,,184730.0,54101.9,0.0
181097,materials_hvac,placeholder,"Water chiller, reciprocating, multiple compressor, semi-hermetic, water cooled, 125 ton cooling, includes standard controls, excludes water tower",,,337953.0,65080.4,0.0
181098,materials_hvac,placeholder,"Water chiller, reciprocating, multiple compressor, semi-hermetic, water cooled, 145 ton cooling, includes standard controls, excludes water tower",,,253008.0,74873.1,0.0
181099,materials_hvac,placeholder,"Water chiller, reciprocating, multiple compressor, semi-hermetic, water cooled, 155 ton cooling, includes standard controls, excludes water tower",,,201248.0,78655.5,0.0
181100,materials_hvac,placeholder,"Water chiller, reciprocating, packaged, air cooled, 15 ton cooling, includes standard controls, excludes remote air cooled condensers",,,79904.5,13093.88,0.0
181101,materials_hvac,placeholder,"Water chiller, reciprocating, packaged, air cooled, 25 ton cooling, includes standard controls, excludes remote air cooled condensers",,,70002.8,5727.5,0.0
181102,materials_hvac,placeholder,"Water chiller, reciprocating, packaged, air cooled, 40 ton cooling, includes standard controls, excludes remote air cooled condensers",,,57832.6,2418.2,0.0
181103,materials_hvac,placeholder,"Water chiller, reciprocating, packaged, air cooled, 50 ton cooling, includes standard controls, excludes remote air cooled condensers",,,64326.0,50045.6,0.0
181104,materials_hvac,placeholder,"Water chiller, reciprocating, packaged, air cooled, 60 ton cooling, includes standard controls, excludes remote air cooled condensers",,,125971.2,35113.8,0.0
181105,materials_hvac,placeholder,"Water chiller, reciprocating, packaged, air cooled, 75 ton cooling, includes standard controls, excludes remote air cooled condensers",,,167635.0,13559.2,0.0
181106,materials_hvac,placeholder,"Water chiller, reciprocating, packaged, air cooled, 105 ton cooling, includes standard controls, excludes remote air cooled condensers",,,247327.5,56944.0,0.0
181107,materials_hvac,placeholder,"Water chiller, reciprocating, packaged, air cooled, 115 ton cooling, includes standard controls, excludes remote air cooled condensers",,,275340.0,74148.0,0.0
181108,materials_hvac,placeholder,"Water chiller, reciprocating, packaged, air cooled, 125 ton cooling, includes standard controls, excludes remote air cooled condensers",,,269348.0,75652.5,0.0
181109,materials_hvac,placeholder,"Water chiller, reciprocating, packaged, air cooled, 145 ton cooling, includes standard controls, excludes remote air cooled condensers",,,160571.0,68789.7,0.0
181110,materials_hvac,placeholder,"Packaged water chiller, scroll, liquid chiller, packaged unit with integral air cooled condenser, 15 Ton, includes standard controls",,,54962.7,22621.72,0.0
181111,materials_hvac,placeholder,"Packaged water chiller, scroll, liquid chiller, packaged unit with integral air cooled condenser, 20 ton cooling, includes standard controls",,,49006.4,27501.38,0.0
181112,materials_hvac,placeholder,"Packaged water chiller, scroll, liquid chiller, packaged unit with integral air cooled condenser, 25 ton cooling, includes standard controls",,,10237.6,25842.0,0.0
181113,materials_hvac,placeholder,"Packaged water chiller, scroll, liquid chiller, packaged unit with integral air cooled condenser, 30 ton cooling, includes standard controls",,,129122.0,16176.0,0.0
181114,materials_hvac,placeholder,"Packaged water chiller, scroll, liquid chiller, packaged unit with integral air cooled condenser, 40 ton cooling, includes standard controls",,,172048.8,25382.62,0.0
181115,materials_hvac,placeholder,"Packaged water chiller, scroll, liquid chiller, packaged unit with integral air cooled condenser, 50 ton cooling, includes standard controls",,,82057.5,36946.62,0.0
181116,materials_hvac,placeholder,"Water chiller, scroll, single compressor, hermetic, water cooled, 2 ton cooling, includes standard controls, excludes water tower",,,21309.8,5372.4,0.0
181117,materials_hvac,placeholder,"Water chiller, scroll, single compressor, hermetic, water cooled, 5 ton cooling, includes standard controls, excludes water tower",,,13944.38,8388.6,0.0
181118,materials_hvac,placeholder,"Water chiller, scroll, single compressor, hermetic, water cooled, 10 ton cooling, includes standard controls, excludes water tower",,,18769.28,17993.15,0.0
181119,materials_hvac,placeholder,"Water chiller, scroll, single compressor, hermetic, water cooled, 15 ton cooling, includes standard controls, excludes water tower",,,12068.0,14487.08,0.0
181120,materials_hvac,placeholder,"Water chiller, scroll, single compressor, hermetic, water cooled, 20 ton cooling, includes standard controls, excludes water tower",,,19286.7,29179.85,0.0
181121,materials_hvac,placeholder,"Water chiller, scroll, single compressor, hermetic, water cooled, 30 ton cooling, includes standard controls, excludes water tower",,,44213.0,27481.3,0.0
181122,materials_hvac,placeholder,"Water chiller, screw liquid chiller, air cooled, insulated evaporator, 130 ton, includes standard controls",,,280403.5,62596.3,0.0
181123,materials_hvac,placeholder,"Water chiller, screw liquid chiller, air cooled, insulated evaporator, 160 ton, includes standard controls",,,150040.0,86695.6,0.0
181124,materials_hvac,placeholder,"Water chiller, screw liquid chiller, air cooled, insulated evaporator, 210 ton, includes standard controls",,,663840.0,29956.6,0.0
181125,materials_hvac,placeholder,"Water chiller, screw liquid chiller, air cooled, insulated evaporator, 270 ton, includes standard controls",,,344176.0,72690.2,0.0
181126,materials_hvac,placeholder,"Water chiller, screw liquid chiller, air cooled, insulated evaporator, 320 ton, includes standard controls",,,1186290.0,30520.8,0.0
181127,materials_hvac,placeholder,"Water chiller, screw liquid chiller, packaged unit, water cooled, 80 ton, includes standard controls, excludes water tower",,,224663.0,72310.0,0.0
181128,materials_hvac,placeholder,"Water chiller, screw liquid chiller, packaged unit, water cooled, 100 ton, includes standard controls, excludes water tower",,,60527.5,83286.0,0.0
181129,materials_hvac,placeholder,"Water chiller, screw liquid chiller, packaged unit, water cooled, 150 ton, includes standard controls, excludes water tower",,,68928.0,36817.2,0.0
181130,materials_hvac,placeholder,"Water chiller, screw liquid chiller, packaged unit, water cooled, 200 ton, includes standard controls, excludes water tower",,,44019.0,70979.1,0.0
181131,materials_hvac,placeholder,"Water chiller, screw liquid chiller, packaged unit, water cooled, 250 ton, includes standard controls, excludes water tower",,,293639.5,94860.0,0.0
181132,materials_hvac,placeholder,"Water chiller, screw liquid chiller, packaged unit, water cooled, 300 ton, includes standard controls, excludes water tower",,,687180.0,21401.6,0.0
181133,materials_hvac,placeholder,"Water chiller, screw liquid chiller, packaged unit, water cooled, 350 ton, includes standard controls, excludes water tower",,,47530.0,13910.4,0.0
181134,materials_hvac,placeholder,"Water chiller, direct expansion, shell and tube type, for built-up systems, 1 ton, includes standard controls",,,28684.0,1223.75,0.0
181135,materials_hvac,placeholder,"Water chiller, direct expansion, shell and tube type, for built-up systems, 5 Ton, includes standard controls",,,81596.2,3243.9,0.0
181136,materials_hvac,placeholder,"Water chiller, direct expansion, shell and tube type, for built-up systems, 10 ton, includes standard controls",,,52826.4,2880.82,0.0
181137,materials_hvac,placeholder,"Water chiller, direct expansion, shell and tube type, for built-up systems, 20 ton, includes standard controls",,,9456.3,3712.41,0.0
181138,materials_hvac,placeholder,"Water chiller, direct expansion, shell and tube type, for built-up systems, 30 ton, includes standard controls",,,90267.8,3690.0,0.0
181139,materials_hvac,placeholder,"Water chiller, direct expansion, shell and tube type, for built-up systems, 50 ton, includes standard controls",,,192254.0,4706.8,0.0
181140,materials_hvac,placeholder,"Water chiller, direct expansion, shell and tube type, for built-up systems, 100 ton, includes standard controls",,,269662.5,3768.52,0.0
181141,materials_hvac,placeholder,"Cooling tower, packaged unit, galvanized steel, blow through, centrifugal type, 50 ton, includes standard controls, excludes pumps and piping",,,49816.2,3009.08,0.0
181142,materials_hvac,placeholder,"Cooling tower, packaged unit, galvanized steel, blow through, centrifugal type, 75 ton, includes standard controls, excludes pumps and piping",,,60727.5,1131.6,0.0
181143,materials_hvac,placeholder,"Cooling tower, packaged unit, galvanized steel, blow through, centrifugal type, 100 ton, includes standard controls, excludes pumps and piping",,,44063.1,2438.18,0.0
181144,materials_hvac,placeholder,"Cooling tower, packaged unit, galvanized steel, blow through, centrifugal type, 125 ton, includes standard controls, excludes pumps and piping",,,28860.6,7472.85,0.0
181145,materials_hvac,placeholder,"Cooling tower, packaged unit, galvanized steel, blow through, centrifugal type, 200 ton, includes standard controls, excludes pumps and piping",,,94740.4,7260.08,0.0
181146,materials_hvac,placeholder,"Cooling tower, packaged unit, galvanized steel, blow through, centrifugal type, 250 ton, includes standard controls, excludes pumps and piping",,,239423.5,2926.0,0.0
181147,materials_hvac,placeholder,"Cooling tower, packaged unit, galvanized steel, blow through, centrifugal type, 300 ton, includes standard controls, excludes pumps and piping",,,19040.0,16135.5,0.0
181148,materials_hvac,placeholder,"Cooling tower, packaged unit, galvanized steel, blow through, centrifugal type, 350 ton, includes standard controls, excludes pumps and piping",,,124285.0,11821.5,0.0
181149,materials_hvac,placeholder,"Cooling tower, packaged unit, galvanized steel, blow through, centrifugal type, 400 ton, includes standard controls, excludes pumps and piping",,,247170.0,7368.38,0.0
181150,materials_hvac,placeholder,"Cooling tower, packaged unit, galvanized steel, blow through, centrifugal type, 450 ton, includes standard controls, excludes pumps and piping",,,271572.0,28359.0,0.0
181151,materials_hvac,placeholder,"Cooling tower, packaged unit, galvanized steel, blow through, centrifugal type, 500 ton, includes standard controls, excludes pumps and piping",,,157699.0,8564.35,0.0
181152,materials_hvac,placeholder,"Cooling tower, packaged unit, galvanized steel, blow through, centrifugal type, 600 ton, includes standard controls, excludes pumps and piping",,,335623.0,8330.18,0.0
181153,materials_hvac,placeholder,"Cooling tower, packaged unit, galvanized steel, blow through, centrifugal type, 700 ton, includes standard controls, excludes pumps and piping",,,295548.0,29397.6,0.0
181154,materials_hvac,placeholder,"Cooling tower, packaged unit, galvanized steel, blow through, centrifugal type, 800 ton, includes standard controls, excludes pumps and piping",,,146880.0,55275.5,0.0
181155,materials_hvac,placeholder,"Cooling tower, packaged unit, galvanized steel, blow through, centrifugal type, 900 ton, includes standard controls, excludes pumps and piping",,,230805.0,25527.0,0.0
181156,materials_hvac,placeholder,"Cooling tower, packaged unit, galvanized steel, blow through, centrifugal type, 1,000 ton, includes standard controls, excludes pumps and piping",,,415125.0,45851.8,0.0
181157,materials_hvac,placeholder,"Cooling tower, for pumps and piping, add",,,229.56,157.27,0.0
181158,materials_hvac,placeholder,"Cooling tower, cooling water chemical feeder",,,1582.56,484.68,0.0
181159,materials_hvac,placeholder,"Liquid cooler, packaged unit, closed circuit type, options included:, 50 ton, vibration switch, sump sweeper piping, grooved coil connections, fan motor inverter capable, 304 st. stl. cold water basin, external platform w/ladder",,,61227.5,4283.36,0.0
181160,materials_hvac,placeholder,"Liquid cooler, packaged unit, closed circuit type, options included:, 100 ton, vibration switch, sump sweeper piping, grooved coil connections, fan motor inverter capable, 304 st. stl. cold water basin, external platform w/ladder",,,46645.0,1406.4,0.0
181161,materials_hvac,placeholder,"Liquid cooler, packaged unit, closed circuit type, options included:, 150 ton, vibration switch, sump sweeper piping, grooved coil connections, fan motor inverter capable, 304 st. stl. cold water basin, external platform w/ladder",,,192517.5,5337.15,0.0
181162,materials_hvac,placeholder,"Liquid cooler, packaged unit, closed circuit type, options included:, 200 ton, vibration switch, sump sweeper piping, grooved coil connections, fan motor inverter capable, 304 st. stl. cold water basin, external platform w/ladder",,,548720.0,4489.2,0.0
181163,materials_hvac,placeholder,"Liquid cooler, packaged unit, closed circuit type, options included:, 250 ton, vibration switch, sump sweeper piping, grooved coil connections, fan motor inverter capable, 304 st. stl. cold water basin, external platform w/ladder",,,310887.5,1081.2,0.0
181164,materials_hvac,placeholder,"Heat pump, air to air single package, .5 ton cooling, supplementary heat included, excludes interconnecting tubing, curbs, pads, ductwork",,,11377.15,215.72,0.0
181165,materials_hvac,placeholder,"Heat pump, air to air single package, .75 ton cooling, supplementary heat included, excludes interconnecting tubing, curbs, pads, ductwork",,,5391.05,210.25,0.0
181166,materials_hvac,placeholder,"Heat pump, water source to air, single package, 1 ton cooling, 13 MBH heat @ 75Deg.F, excludes water supply",,,12631.5,1383.12,0.0
181167,materials_hvac,placeholder,"Heat pump, air to air single package, 1 ton cooling, supplementary heat included, excludes interconnecting tubing, curbs, pads, ductwork",,,9695.7,372.02,0.0
181168,materials_hvac,placeholder,"Heat pump, air to air single package, 1.5 ton cooling, 5 MBH heat @ 0Deg.F, excludes interconnecting tubing, curbs, pads and ductwork",,,10561.75,456.03,0.0
181169,materials_hvac,placeholder,"Heat pump, water source to air, single package, 1.5 ton cooling, 17 MBH heat @ 75Deg.F, excludes water supply",,,9445.38,2500.61,0.0
181170,materials_hvac,placeholder,"Heat pump, air to air single package, 2 ton cooling, 6.5 MBH heat @ 0Deg.F, excludes interconnecting tubing, curbs, pads and ductwork",,,16993.2,4026.37,0.0
181171,materials_hvac,placeholder,"Heat pump, water source to air, single package, 2 ton cooling, 19 MBH heat @ 75Deg.F, excludes water supply",,,9935.4,3580.12,0.0
181172,materials_hvac,placeholder,"Heat pump, air to air single package, 2.5 ton cooling, 8 MBH heat @ 0Deg.F, excludes interconnecting tubing, curbs, pads and ductwork",,,11181.8,2358.32,0.0
181173,materials_hvac,placeholder,"Heat pump, water source to air, single package, 2.5 ton cooling, 25 MBH heat @ 75Deg.F, excludes water supply",,,36432.75,1474.23,0.0
181174,materials_hvac,placeholder,"Heat pump, air to air single package, 3 ton cooling, 10 MBH heat @ 0Deg.F, excludes interconnecting tubing, curbs, pads and ductwork",,,8185.92,2731.05,0.0
181175,materials_hvac,placeholder,"Heat pump, water source to air, single package, 3 ton cooling, 27 MBH heat @ 75Deg.F, excludes water supply",,,9217.25,1555.51,0.0
181176,materials_hvac,placeholder,"Heat pump, air to air single package, 3.5 ton cooling, 11 MBH heat @ 0Deg.F, excludes interconnecting tubing, curbs, pads and ductwork",,,4841.2,3871.25,0.0
181177,materials_hvac,placeholder,"Heat pump, water source to air, single package, 3.5 ton cooling, 29 MBH heat @ 75Deg.F, excludes water supply",,,9422.0,1491.89,0.0
181178,materials_hvac,placeholder,"Heat pump, air to air single package, 4 ton cooling, 13 MBH heat @ 0Deg.F, excludes interconnecting tubing, curbs, pads and ductwork",,,11534.68,2336.1,0.0
181179,materials_hvac,placeholder,"Heat pump, water source to air, single package, 4 ton cooling, 31 MBH heat @ 75Deg.F, excludes water supply",,,3940.48,4381.65,0.0
181180,materials_hvac,placeholder,"Heat pump, air to air single package, 5 ton cooling, 27 MBH heat @ 0Deg.F, excludes interconnecting tubing, curbs, pads and ductwork",,,15167.35,3441.9,0.0
181181,materials_hvac,placeholder,"Heat pump, water source to air, single package, 5 ton cooling, 29 MBH heat @ 75Deg.F, excludes water supply",,,19570.2,4722.2,0.0
181182,materials_hvac,placeholder,"Heat pump, air to air single package, 7.5 ton cooling, 35 MBH heat @ 0Deg.F, excludes interconnecting tubing, curbs, pads and ductwork",,,36840.6,1078.12,0.0
181183,materials_hvac,placeholder,"Heat pump, water source to air, single package, 7.5 ton cooling, 35 MBH heat @ 75Deg.F, excludes water supply",,,4824.0,3200.4,0.0
181184,materials_hvac,placeholder,"Heat pump, air to air single package, 10 ton cooling, 45 MBH heat @ 0Deg.F, excludes interconnecting tubing, curbs, pads and ductwork",,,6642.1,14706.25,0.0
181185,materials_hvac,placeholder,"Heat pump, water source to air, single package, 8 ton cooling, 40 MBH heat @ 75Deg.F, excludes water supply",,,40080.43,7557.25,0.0
181186,materials_hvac,placeholder,"Heat pump, air to air single package, 12 ton cooling, 50 MBH heat @ 0Deg.F, excludes interconnecting tubing, curbs, pads and ductwork",,,27376.0,1261.28,0.0
181187,materials_hvac,placeholder,"Heat pump, water source to air, single package, 10 ton cooling, 50 MBH heat @ 75Deg.F, excludes water supply",,,38491.62,6369.75,0.0
181188,materials_hvac,placeholder,"Heat pump, water source to air, single package, 15 ton cooling, 64 MBH heat @ 75Deg.F, excludes water supply",,,84467.9,10194.8,0.0
181189,materials_hvac,placeholder,"Heat pump, water source to air, single package, 20 ton cooling, 100 MBH heat @ 75Deg.F, excludes water supply",,,6426.0,3969.22,0.0
181190,materials_hvac,placeholder,"Heat pump, water source to air, single package, 25 ton cooling, 100 MBH heat @ 75Deg.F",,,132212.1,27628.5,0.0
181191,materials_hvac,placeholder,"Heat pump, water source to air, single package, 30 ton cooling, 128 MBH heat @ 75Deg.F (twin 15 ton units), excludes water supply",,,11126.4,16493.4,0.0
181192,materials_hvac,placeholder,"Heat pump, water source to air, single package, 40 ton cooling, 200 MBH heat @ 75Deg.F (twin 20 ton units), excludes water supply",,,138976.0,28169.4,0.0
181193,materials_hvac,placeholder,"Heat pump, water source to air, single package, 50 ton cooling, 200 MBH heat @ 75Deg.F (twin 15 + 20 ton unit), excludes water supply",,,141038.0,12087.9,0.0
181194,materials_hvac,placeholder,"Fan coil A.C., cabinet mounted, chilled water, 1/2 ton cooling, includes filters and controls",,,3706.68,175.37,0.0
181195,materials_hvac,placeholder,"Fan coil A.C., direct expansion for use w/air cooled condensing unit, 1.5 ton cooling, includes filters and controls",,,3705.34,798.43,0.0
181196,materials_hvac,placeholder,"Fan coil A.C., direct expansion for use w/air cooled condensing unit, 2 ton cooling, includes filters and controls",,,749.25,92.92,0.0
181197,materials_hvac,placeholder,"Fan coil A.C., direct expansion for use w/air cooled condensing unit, 2.5 ton cooling, includes filters and controls",,,5070.77,543.21,0.0
181198,materials_hvac,placeholder,"Fan coil A.C., direct expansion for use w/air cooled condensing unit, 3 ton cooling, includes filters and controls",,,6361.32,361.68,0.0
181199,materials_hvac,placeholder,"Fan coil A.C., direct expansion for use w/air cooled condensing unit, 3.5 ton cooling, includes filters and controls",,,6451.65,87.5,0.0
181200,materials_hvac,placeholder,"Fan coil A.C., direct expansion for use w/air cooled condensing unit, 4 ton cooling, includes filters and controls",,,6160.7,1687.2,0.0
181201,materials_hvac,placeholder,"Fan coil A.C., direct expansion for use w/air cooled condensing unit, 5 ton cooling, includes filters and controls",,,6215.2,935.34,0.0
181202,materials_hvac,placeholder,"Fan coil A.C., direct expansion for use w/air cooled condensing unit, 7.5 ton cooling, includes filters and controls",,,1405.05,463.68,0.0
181203,materials_hvac,placeholder,"Fan coil A.C., direct expansion for use w/air cooled condensing unit, 10 ton cooling, includes filters and controls",,,14422.55,402.4,0.0
181204,materials_hvac,placeholder,"Fan coil A.C., direct expansion for use w/air cooled condensing unit, 12.5 ton cooling, includes filters and controls",,,7468.62,2453.74,0.0
181205,materials_hvac,placeholder,"Fan coil A.C., direct expansion for use w/air cooled condensing unit, 15 ton cooling, includes filters and controls",,,8451.38,290.25,0.0
181206,materials_hvac,placeholder,"Fan coil A.C., direct expansion for use w/air cooled condensing unit, 20 ton cooling, includes filters and controls",,,16333.3,12212.2,0.0
181207,materials_hvac,placeholder,"Fan coil A.C., direct expansion for use w/air cooled condensing unit, 25 ton cooling, includes filters and controls",,,15989.4,1384.72,0.0
181208,materials_hvac,placeholder,"Fan coil A.C., direct expansion for use w/air cooled condensing unit, 30 ton cooling, includes filters and controls",,,23266.35,6812.3,0.0
181209,materials_hvac,placeholder,"Fan coil A.C., chilled water, horizontal unit, housing, 2 pipe, 1/2 ton cooling, includes filters and fan speed control, excludes valves",,,4781.47,450.59,0.0
181210,materials_hvac,placeholder,"Fan coil unit, chilled water, horizontal unit, housing, 2 pipe, 1.5 ton cooling, includes filters and fan speed control, excludes valves",,,9807.2,1002.06,0.0
181211,materials_hvac,placeholder,"Fan coil unit, chilled water, horizontal unit, housing, 2 pipe, 2 ton cooling, includes filters and fan speed control, excludes valves",,,4741.5,1146.24,0.0
181212,materials_hvac,placeholder,"Fan coil unit, chilled water, horizontal unit, housing, 2 pipe, 3 ton cooling, includes filters and fan speed control, excludes valves",,,14033.4,1505.7,0.0
181213,materials_hvac,placeholder,"Fan coil unit, chilled water, horizontal unit, housing, 2 pipe, 3.5 ton cooling, includes filters and fan speed control, excludes valves",,,20036.93,217.14,0.0
181214,materials_hvac,placeholder,"Fan coil unit, chilled water, horizontal unit, housing, 2 pipe, 4 ton cooling, includes filters and fan speed control, excludes valves",,,17365.05,1067.22,0.0
181215,materials_hvac,placeholder,"Fan coil unit, chilled water, horizontal unit, housing, 2 pipe, 5 ton cooling, includes filters and fan speed control, excludes valves",,,5068.25,175.01,0.0
181216,materials_hvac,placeholder,"Fan coil unit, chilled water, horizontal unit, housing, 2 pipe, 6 ton cooling, includes filters and fan speed control, excludes valves",,,21184.8,513.19,0.0
181217,materials_hvac,placeholder,"Fan coil unit, chilled water, horizontal unit, housing, 2 pipe, 7 ton cooling, includes filters and fan speed control, excludes valves",,,15411.6,598.13,0.0
181218,materials_hvac,placeholder,"Fan coil unit, chilled water, horizontal unit, housing, 2 pipe, 8 ton cooling, includes filters and fan speed control, excludes valves",,,5826.6,1035.87,0.0
181219,materials_hvac,placeholder,"Fan coil unit, chilled water, horizontal unit, housing, 2 pipe, 10 ton cooling, includes filters and fan speed control, excludes valves",,,19952.8,364.42,0.0
181220,materials_hvac,placeholder,"Fan coil unit, chilled water, horizontal unit, housing, 2 pipe, 12.5 ton cooling, includes filters and fan speed control, excludes valves",,,16238.0,2486.02,0.0
181221,materials_hvac,placeholder,"Fan coil unit, chilled water, horizontal unit, housing, 2 pipe, 15 ton cooling, includes filters and fan speed control, excludes valves",,,14741.15,2415.03,0.0
181222,materials_hvac,placeholder,"Fan coil unit, chilled water, horizontal unit, housing, 2 pipe, 20 ton cooling, includes filters and fan speed control, excludes valves",,,27932.8,957.56,0.0
181223,materials_hvac,placeholder,"Fan coil unit, chilled water, horizontal unit, housing, 2 pipe, 25 ton cooling, includes filters and fan speed control, excludes valves",,,37712.15,392.0,0.0
181224,materials_hvac,placeholder,"Heating and ventilating unit, classroom type, heating/cooling coils, 750 CFM, 2 tons cooling, includes filter and standard controls",,,21645.75,1626.28,0.0
181225,materials_hvac,placeholder,"Heating and ventilating unit, classroom type, heating/cooling coils, 1,000 CFM, 2-1/2 tons cooling, includes filter and standard controls",,,38052.65,2045.25,0.0
181226,materials_hvac,placeholder,"Heating and ventilating unit, classroom type, heating/cooling coils, 1,250 CFM, 3 tons cooling, includes filter and standard controls",,,31446.4,6240.0,0.0
181227,materials_hvac,placeholder,"Heating and ventilating unit, classroom type, heating/cooling coils, 1,500 CFM, 4 tons cooling, includes filter and standard controls",,,41756.32,2345.52,0.0
181228,materials_hvac,placeholder,"Heating and ventilating unit, classroom type, heating/cooling coils, 2,000 CFM, 5 tons cooling, includes filter and standard controls",,,46138.15,5136.62,0.0
181229,materials_hvac,placeholder,"Fan coil unit, chilled water, horizontal unit with electric heat, 2 pipe, 1/2 ton cooling, includes filters and fan speed control, excludes valves",,,9614.0,761.45,0.0
181230,materials_hvac,placeholder,"Fan coil unit, chilled water, horizontal unit with electric heat, 2 pipe, 3/4 ton cooling, includes filters and fan speed control, excludes valves",,,5247.9,502.27,0.0
181231,materials_hvac,placeholder,"Fan coil unit, chilled water, horizontal unit with electric heat, 2 pipe, 1 ton cooling, includes filters and fan speed control, excludes valves",,,6563.55,482.16,0.0
181232,materials_hvac,placeholder,"Fan coil unit, chilled water, horizontal unit with electric heat, 2 pipe, 1.5 ton cooling, includes filters and fan speed control, excludes valves",,,949.32,1048.34,0.0
181233,materials_hvac,placeholder,"Fan coil unit, chilled water, horizontal unit with electric heat, 2 pipe, 2 ton cooling, includes filters and fan speed control, excludes valves",,,17631.1,225.38,0.0
181234,materials_hvac,placeholder,"Fan coil unit, chilled water, horizontal unit with electric heat, 2 pipe, 2.5 ton cooling, includes filters and fan speed control, excludes valves",,,8127.28,711.22,0.0
181235,materials_hvac,placeholder,"Fan coil unit, chilled water, horizontal unit with electric heat, 2 pipe, 3 ton cooling, includes filters and fan speed control, excludes valves",,,30420.0,57.96,0.0
181236,materials_hvac,placeholder,"Fan coil unit, chilled water, horizontal unit with electric heat, 2 pipe, 3.5 ton cooling, includes filters and fan speed control, excludes valves",,,23934.38,1477.08,0.0
181237,materials_hvac,placeholder,"Fan coil unit, chilled water, horizontal unit with electric heat, 2 pipe, 4 ton cooling, includes filters and fan speed control, excludes valves",,,28338.8,50.4,0.0
181238,materials_hvac,placeholder,"Fan coil unit, chilled water, horizontal unit with electric heat, 2 pipe, 5 ton cooling, includes filters and fan speed control, excludes valves",,,13142.8,1491.47,0.0
181239,materials_hvac,placeholder,"Fan coil unit, chilled water, horizontal unit with electric heat, 2 pipe, 6 ton cooling, includes filters and fan speed control, excludes valves",,,7841.6,763.62,0.0
181240,materials_hvac,placeholder,"Fan coil unit, chilled water, horizontal unit with electric heat, 2 pipe, 7 ton cooling, includes filters and fan speed control, excludes valves",,,57585.6,531.91,0.0
181241,materials_hvac,placeholder,"Fan coil unit, chilled water, horizontal unit with electric heat, 2 pipe, 8 ton cooling, includes filters and fan speed control, excludes valves",,,20011.2,841.32,0.0
181242,materials_hvac,placeholder,"Fan coil unit, chilled water, horizontal unit with electric heat, 2 pipe, 10 ton cooling, includes filters and fan speed control, excludes valves",,,6162.8,2680.62,0.0
181243,materials_hvac,placeholder,"Duct heater, electric, finned tubular insert, 480 V, 3Ph., 500Deg.F, 6.7 kW, 12"" wide x 6"" high",,,4362.0,292.35,0.0
181244,materials_hvac,placeholder,"Duct heater, electric, finned tubular insert, 480 V, 3Ph., 500Deg.F, 13.3 kW, 12"" wide x 12"" high",,,5769.22,520.04,0.0
181245,materials_hvac,placeholder,"Duct heater, electric, finned tubular insert, 480 V, 3Ph., 500Deg.F, 20.0 kW, 12"" wide x 18"" high",,,10684.72,519.5,0.0
181246,materials_hvac,placeholder,"Duct heater, electric, finned tubular insert, 480 V, 3Ph., 500Deg.F, 26.7 kW, 12"" wide x 24"" high",,,14393.45,166.53,0.0
181247,materials_hvac,placeholder,"Duct heater, electric, finned tubular insert, 480 V, 3Ph., 500Deg.F, 33.3 kW, 12"" wide x 30"" high",,,20621.0,508.82,0.0
181248,materials_hvac,placeholder,"Hydronic heating, terminal units, rough-in baseboard panel and fin tube, wall hung, with supply and balance valves",,,796.77,316.36,0.0
181249,materials_hvac,placeholder,"Hydronic heating, unit heater, propeller, horizontal flow, 115 V, hot water, 60 degree F entering air, 81 MBH",,,6647.0,715.69,0.0
181250,materials_hvac,placeholder,"Hydronic heating, unit heater, propeller, horizontal flow, 115 V, hot water, 60 degree F entering air, 198 MBH",,,10510.5,1075.5,0.0
181251,materials_hvac,placeholder,"Condensing unit, air cooled, compressor, 1.5 ton, includes standard controls",,,6709.5,1989.5,0.0
181252,materials_hvac,placeholder,"Condensing unit, air cooled, compressor, 2 ton, includes standard controls",,,571.2,2457.95,0.0
181253,materials_hvac,placeholder,"Condensing unit, air cooled, compressor, 2.5 ton, includes standard controls",,,1017.75,1518.48,0.0
181254,materials_hvac,placeholder,"Condensing unit, air cooled, compressor, 3 ton, includes standard controls",,,4061.75,2468.47,0.0
181255,materials_hvac,placeholder,"Condensing unit, air cooled, compressor, 3.5 ton, includes standard controls",,,10855.42,4656.35,0.0
181256,materials_hvac,placeholder,"Condensing unit, air cooled, compressor, 4 ton, includes standard controls",,,290.4,5583.2,0.0
181257,materials_hvac,placeholder,"Condensing unit, air cooled, compressor, 5 Ton, includes standard controls",,,10497.82,6993.0,0.0
181258,materials_hvac,placeholder,"Condensing unit, air cooled, compressor, 7.5 ton, includes standard controls",,,13813.8,7844.2,0.0
181259,materials_hvac,placeholder,"Condensing unit, air cooled, compressor, 8.5 ton, includes standard controls",,,10339.65,10756.38,0.0
181260,materials_hvac,placeholder,"Condensing unit, air cooled, compressor, 10 ton, includes standard controls",,,14907.6,7082.5,0.0
181261,materials_hvac,placeholder,"Condensing unit, air cooled, compressor, 12.5 ton, includes standard controls",,,15619.75,10749.38,0.0
181262,materials_hvac,placeholder,"Condensing unit, air cooled, compressor, 15 ton, includes standard controls",,,47590.85,13690.62,0.0
181263,materials_hvac,placeholder,"Condensing unit, air cooled, compressor, 20 ton, includes standard controls",,,24795.0,9873.55,0.0
181264,materials_hvac,placeholder,"Condensing unit, air cooled, compressor, 25 ton, includes standard controls",,,52976.1,1821.6,0.0
181265,materials_hvac,placeholder,"Condensing unit, air cooled, compressor, 30 ton, includes standard controls",,,62254.6,12021.35,0.0
181266,materials_hvac,placeholder,"Condensing unit, air cooled, compressor, 40 ton, includes standard controls",,,88125.6,21819.55,0.0
181267,materials_hvac,placeholder,"Condensing unit, air cooled, compressor, 50 ton, includes standard controls",,,5245.9,15210.6,0.0
181268,materials_hvac,placeholder,"Condensing unit, air cooled, compressor, 60 ton, includes standard controls",,,25402.4,10068.3,0.0
181269,materials_hvac,placeholder,"Condensing unit, air cooled, compressor, 70 ton, includes standard controls",,,75591.0,46311.0,0.0
181270,materials_hvac,placeholder,"Condensing unit, air cooled, compressor, 80 ton, includes standard controls",,,13393.1,45722.8,0.0
181271,materials_hvac,placeholder,"Condensing unit, air cooled, compressor, 90 ton, includes standard controls",,,155868.9,96218.7,0.0
181272,materials_hvac,placeholder,"Condensing unit, air cooled, compressor, 100 ton, includes standard controls",,,246168.0,59094.0,0.0
181273,materials_hvac,placeholder,"Electric heating, cabinet unit heaters, recessed, 120 to 277 volt, single pole, 2 kW",,,15874.88,503.41,0.0
181274,materials_hvac,placeholder,"Electric heating, cabinet unit heaters, recessed, 120 to 277 volt, single pole, 3 kW",,,17078.62,750.36,0.0
181275,materials_hvac,placeholder,"Electric heating, cabinet unit heaters, recessed, 120 to 277 volt, single pole, 4 kW",,,9712.5,38.54,0.0
181276,materials_hvac,placeholder,"Electric heating, cabinet unit heaters, recessed, 120 to 277 volt, single pole, 5 kW",,,16300.52,350.96,0.0
181277,materials_hvac,placeholder,"Electric heating, cabinet unit heaters, recessed, 120 to 277 volt, single pole, 6 kW",,,17506.8,653.77,0.0
181278,materials_hvac,placeholder,"Electric heating, cabinet unit heaters, recessed, 120 to 277 volt, single pole, 8 kW",,,8332.5,121.09,0.0
181279,materials_hvac,placeholder,"Electric heating, cabinet unit heaters, recessed, 120 to 277 volt, single pole, 10 kW",,,1281.4,132.5,0.0
181280,materials_hvac,placeholder,"Electric heating, cabinet unit heaters, recessed, 120 to 277 volt, single pole, 12 kW",,,11820.0,1106.32,0.0
181281,materials_hvac,placeholder,"Electric heating, cabinet unit heaters, recessed, 120 to 277 volt, single pole, 13.5 kW",,,12499.02,1244.66,0.0
181282,materials_hvac,placeholder,"Electric heating, cabinet unit heaters, recessed, 120 to 277 volt, single pole, 16 kW",,,7269.4,998.06,0.0
181283,materials_hvac,placeholder,"Electric heating, cabinet unit heaters, recessed, 120 to 277 volt, single pole, 20 kW",,,23870.12,1153.8,0.0
181284,materials_hvac,placeholder,"Electric heating, cabinet unit heaters, recessed, 120 to 277 volt, single pole, 24 kW",,,5203.0,779.16,0.0
181285,materials_hvac,placeholder,"Electric heating, baseboard heater, 935 watt, 5' long",,,219.42,134.19,0.0
181286,materials_hvac,placeholder,"Electric heating, heat trace system, 400 degree, 115 V, 5 watts per LF",,,37.84,5.32,0.0
181287,materials_hvac,placeholder,"Electric heating, unit heater, heavy duty, three phase, 208-240 volt, 5 kW, includes fan & mounting bracket",,,4442.1,398.75,0.0
191288,materials_hvac,placeholder,"Wire, copper, solid, 600 volt, #14, type THWN-THHN, normal installation conditions in wireway, conduit, cable tray",,,20.54,231.56,0.0
191289,materials_hvac,placeholder,"Aluminum conduit, 1"" diameter, to 10' H, incl 2 terminations, 2 elbows, 11 beam clamps, and 11 couplings per 100 LF",,,1.13,8.88,0.0
191290,materials_hvac,placeholder,"Thermostat, residential, hook-up, using low voltage wire, heating only, 25' of #18-3",,,8.65,23.31,0.0
181291,materials_hvac,placeholder,"Water heaters, tankless, on-demand, natural gas/propane, 3.2 GPM, excludes vent",,,3068.32,1620.96,0.0
181292,materials_hvac,placeholder,"Water heaters, tankless, on-demand, natural gas/propane, 6.4 GPM, excludes vent",,,2963.54,544.06,0.0
181293,materials_hvac,placeholder,"Water heaters, tankless, on-demand, natural gas/propane, 8.4 GPM, excludes vent",,,621.4,871.62,0.0
181294,materials_hvac,placeholder,"Water heaters, tankless, on-demand, natural gas/propane, 9.5 GPM, excludes vent",,,3588.75,519.06,0.0
181295,materials_hvac,placeholder,"Water heater, electric, point of use, glass lined, commercial, 6 gallon, (ASHRAE energy standard 90)",,,4032.63,112.3,0.0
181296,materials_hvac,placeholder,"Water heater, electric, point of use, glass lined, commercial, 10 gallon, (ASHRAE energy standard 90)",,,3037.18,1043.06,0.0
181297,materials_hvac,placeholder,"Water heater, electric, point of use, glass lined, commercial, 15 gallon, (ASHRAE energy standard 90)",,,1943.87,1335.2,0.0
181298,materials_hvac,placeholder,"Water heater, electric, point of use, glass lined, commercial, 20 gallon, (ASHRAE energy standard 90)",,,1213.77,282.49,0.0
181299,materials_hvac,placeholder,"Water heater, electric, point of use, glass lined, commercial, 30 gallon, (ASHRAE energy standard 90)",,,9330.75,959.6,0.0
181300,materials_hvac,placeholder,"Water heater, residential, electric, glass lined tank, single element, 5 year, 10 gallon",,,2120.04,347.98,0.0
181301,materials_hvac,placeholder,"Water heater, residential, electric, glass lined tank, single element, 5 year, 20 gallon",,,753.48,329.89,0.0
181302,materials_hvac,placeholder,"Water heater, residential, electric, glass lined tank, double element, 5 year, 30 gallon",,,1301.48,998.0,0.0
181303,materials_hvac,placeholder,"Water heater, residential, electric, glass lined tank, double element, 5 year, 40 gallon",,,2577.94,600.93,0.0
181304,materials_hvac,placeholder,"Water heater, residential, electric, glass lined tank, double element, 5 year, 52 gallon",,,1542.62,1544.07,0.0
181305,materials_hvac,placeholder,"Water heater, residential, electric, glass lined tank, double element, 5 year, 66 gallon",,,3027.7,1696.88,0.0
181306,materials_hvac,placeholder,"Water heater, residential, electric, glass lined tank, double element, 5 year, 80 gallon",,,7233.98,2036.88,0.0
181307,materials_hvac,placeholder,"Water heater, residential, electric, glass lined tank, double element, 5 year, 120 gallon",,,6862.5,171.55,0.0
181308,materials_hvac,placeholder,"Water heater, residential, gas fired, foam lined tank, 10 year, 30 gallon, excludes vent",,,1352.4,904.86,0.0
181309,materials_hvac,placeholder,"Water heater, residential, gas fired, foam lined tank, 10 year, 40 gallon, excludes vent",,,1847.88,1489.71,0.0
181310,materials_hvac,placeholder,"Water heater, residential, gas fired, foam lined tank, 10 year, 50 gallon, excludes vent",,,298.8,249.66,0.0
181311,materials_hvac,placeholder,"Water heater, residential, gas fired, foam lined tank, 10 year, 60 gallon, excludes vent",,,1196.85,475.48,0.0
181312,materials_hvac,placeholder,"Water heater, residential, gas fired, foam lined tank, 10 year, 75 gallon, excludes vent",,,4342.8,1950.96,0.0
181313,materials_hvac,placeholder,"Water heater, residential, gas fired, foam lined tank, 10 year, 100 gallon, excludes vent",,,13263.4,1274.62,0.0
181314,materials_hvac,placeholder,"Water heater, residential, oil fired, glass lined tank, 5 year, 30 gallon, excludes vent",,,9722.25,1117.38,0.0
181315,materials_hvac,placeholder,"Water heater, residential, oil fired, glass lined tank, 5 year, 50 gallon, excludes vent",,,7791.6,52.56,0.0
181316,materials_hvac,placeholder,"Water heater, residential, oil fired, glass lined tank, 5 year, 70 gallon, excludes vent",,,18268.8,348.92,0.0
181317,materials_hvac,placeholder,"Water heater, commercial, electric, 100 Deg. rise, 9 kW, 37 GPH, 208 V, 50 gallon, note: for each size tank a range of heaters between the ones shown are available",,,24493.4,1382.98,0.0
181318,materials_hvac,placeholder,"Water heater, commercial, electric, 100 Deg. rise, 36 kW, 148 GPH, 208 V, 50 gallon, note: for each size tank a range of heaters between the ones shown are available",,,32355.4,1431.16,0.0
181319,materials_hvac,placeholder,"Water heater, commercial, electric, 100 Deg. rise, 12 kW, 49 GPH, 208 V, 80 gallon, note: for each size tank a range of heaters between the ones shown are available",,,10617.75,2001.56,0.0
181320,materials_hvac,placeholder,"Water heater, commercial, electric, 100 Deg. rise, 36 kW, 148 GPH, 208 V, 80 gallon, note: for each size tank a range of heaters between the ones shown are available",,,34784.3,801.68,0.0
181321,materials_hvac,placeholder,"Water heater, commercial, electric, 100 Deg. rise, 36 kW, 148 GPH, 208 V, 100 gallon, note: for each size tank a range of heaters between the ones shown are available",,,60299.4,2091.71,0.0
181322,materials_hvac,placeholder,"Water heater, commercial, electric, 100 Deg. rise, 36 kW, 148 GPH, 208 V, 120 gallon, note: for each size tank a range of heaters between the ones shown are available",,,54345.6,1782.7,0.0
181323,materials_hvac,placeholder,"Water heater, commercial, electric, 100 Deg. rise, 15 kW, 61 GPH, 480 V, 150 gallon, note: for each size tank a range of heaters between the ones shown are available",,,167349.6,3148.58,0.0
181324,materials_hvac,placeholder,"Water heater, commercial, electric, 100 Deg. rise, 120 kW, 490 GPH, 480 V, 150 gallon, note: for each size tank a range of heaters between the ones shown are available",,,164646.0,2356.04,0.0
181325,materials_hvac,placeholder,"Water heater, commercial, electric, 100 Deg. rise, 15 kW, 61 GPH, 480 V, 200 gallon, note: for each size tank a range of heaters between the ones shown are available",,,24612.0,704.04,0.0
181326,materials_hvac,placeholder,"Water heater, commercial, electric, 100 Deg. rise, 120 kW, 490 GPH, 480 V, 200 gallon, note: for each size tank a range of heaters between the ones shown are available",,,100061.5,1514.4,0.0
181327,materials_hvac,placeholder,"Water heater, commercial, electric, 100 Deg. rise, 15 kW, 61 GPH, 480 V, 250 gallon, note: for each size tank a range of heaters between the ones shown are available",,,170346.0,1729.31,0.0
181328,materials_hvac,placeholder,"Water heater, commercial, electric, 100 Deg. rise, 150 kW, 615 GPH, 480 V, 250 gallon, note: for each size tank a range of heaters between the ones shown are available",,,96778.0,865.05,0.0
181329,materials_hvac,placeholder,"Water heater, commercial, electric, 100 Deg. rise, 30 kW, 123 GPH, 480 V, 300 gallon, note: for each size tank a range of heaters between the ones shown are available",,,167554.2,199.29,0.0
181330,materials_hvac,placeholder,"Water heater, commercial, electric, 100 Deg. rise, 180 kW, 738 GPH, 480 V, 300 gallon, note: for each size tank a range of heaters between the ones shown are available",,,397237.5,269.36,0.0
181331,materials_hvac,placeholder,"Water heater, commercial, electric, 100 Deg. rise, 30 kW, 123 GPH, 480 V, 350 gallon, note: for each size tank a range of heaters between the ones shown are available",,,26392.5,248.32,0.0
181332,materials_hvac,placeholder,"Water heater, commercial, electric, 100 Deg. rise, 180 kW, 738 GPH, 480 V, 350 gallon, note: for each size tank a range of heaters between the ones shown are available",,,166800.0,3500.2,0.0
181333,materials_hvac,placeholder,"Water heater, commercial, electric, 100 Deg. rise, 30 kW, 123 GPH, 480 V, 400 gallon, note: for each size tank a range of heaters between the ones shown are available",,,186760.0,1690.82,0.0
181334,materials_hvac,placeholder,"Water heater, commercial, electric, 100 Deg. rise, 210 kW, 860 GPH, 480 V, 400 gallon, note: for each size tank a range of heaters between the ones shown are available",,,175764.0,249.1,0.0
181335,materials_hvac,placeholder,"Water heater, commercial, electric, 100 Deg. rise, 30 kW, 123 GPH, 480 V, 500 gallon, note: for each size tank a range of heaters between the ones shown are available",,,284036.0,4394.03,0.0
181336,materials_hvac,placeholder,"Water heater, commercial, electric, 100 Deg. rise, 240 kW, 984 GPH, 480 V, 500 gallon, note: for each size tank a range of heaters between the ones shown are available",,,489298.5,2528.15,0.0
181337,materials_hvac,placeholder,"Water heater, commercial, electric, 100 Deg. rise, 30 kW, 123 GPH, 480 V, 600 gallon, note: for each size tank a range of heaters between the ones shown are available",,,240439.5,3354.45,0.0
181338,materials_hvac,placeholder,"Water heater, commercial, electric, 100 Deg. rise, 300 kW, 1,230 GPH, 480 V, 600 gallon, note: for each size tank a range of heaters between the ones shown are available",,,604072.0,6097.58,0.0
181339,materials_hvac,placeholder,"Water heater, commercial, electric, 100 Deg. rise, 30 kW, 123 GPH, 480 V, 700 gallon, note: for each size tank a range of heaters between the ones shown are available",,,232942.5,4132.7,0.0
181340,materials_hvac,placeholder,"Water heater, commercial, electric, 100 Deg. rise, 300 kW, 1,230 GPH, 480 V, 700 gallon, note: for each size tank a range of heaters between the ones shown are available",,,90639.5,5689.9,0.0
181341,materials_hvac,placeholder,"Water heater, commercial, electric, 100 Deg. rise, 60 kW, 245 GPH, 480 V, 800 gallon, note: for each size tank a range of heaters between the ones shown are available",,,101748.0,9406.9,0.0
181342,materials_hvac,placeholder,"Water heater, commercial, electric, 100 Deg. rise, 300 kW, 1,230 GPH, 480 V, 800 gallon, note: for each size tank a range of heaters between the ones shown are available",,,253032.0,2447.2,0.0
181343,materials_hvac,placeholder,"Water heater, commercial, electric, 100 Deg. rise, 60 kW, 245 GPH, 480 V, 1,000 gallon, note: for each size tank a range of heaters between the ones shown are available",,,168000.0,5086.2,0.0
181344,materials_hvac,placeholder,"Water heater, commercial, electric, 100 Deg. rise, 480 kW, 1,970 GPH, 480 V, 1,000 gallon, note: for each size tank a range of heaters between the ones shown are available",,,428260.0,8989.05,0.0
181345,materials_hvac,placeholder,"Water heater, commercial, electric, 100 Deg. rise, 60 kW, 245 GPH, 480 V, 1,200 gallon, note: for each size tank a range of heaters between the ones shown are available",,,131677.5,9487.65,0.0
181346,materials_hvac,placeholder,"Water heater, commercial, electric, 100 Deg. rise, 480 kW, 1,970 GPH, 480 V, 1,200 gallon, note: for each size tank a range of heaters between the ones shown are available",,,55687.5,6612.0,0.0
181347,materials_hvac,placeholder,"Water heater, commercial, electric, 100 Deg. rise, 60 kW, 245 GPH, 480 V, 1,500 gallon, note: for each size tank a range of heaters between the ones shown are available",,,368067.0,16433.15,0.0
181348,materials_hvac,placeholder,"Water heater, commercial, electric, 100 Deg. rise, 480 kW, 1,970 GPH, 480 V, 1,500 gallon, note: for each size tank a range of heaters between the ones shown are available",,,166162.0,13028.7,0.0
181349,materials_hvac,placeholder,"Water heater, gas fired, 75 MBH input, 73 GPH, includes standard controls, excludes vent",,,14928.12,113.74,0.0
181350,materials_hvac,placeholder,"Water heater, gas fired, 98 MBH input, 95 GPH, includes standard controls, excludes vent",,,7116.45,674.92,0.0
181351,materials_hvac,placeholder,"Water heater, gas fired, 120 MBH input, 110 GPH, includes standard controls, excludes vent",,,25429.95,84.48,0.0
181352,materials_hvac,placeholder,"Water heater, gas fired, 120 MBH input, 115 GPH, includes standard controls, excludes vent",,,10796.1,236.22,0.0
181353,materials_hvac,placeholder,"Water heater, gas fired, 140 MBH input, 130 GPH, includes standard controls, excludes vent",,,8812.55,2781.13,0.0
181354,materials_hvac,placeholder,"Water heater, gas fired, 155 MBH input, 150 GPH, includes standard controls, excludes vent",,,33565.25,1143.9,0.0
181355,materials_hvac,placeholder,"Water heater, gas fired, 180 MBH input, 170 GPH, includes standard controls, excludes vent",,,43442.02,3598.32,0.0
181356,materials_hvac,placeholder,"Water heater, gas fired, 200 MBH input, 192 GPH, includes standard controls, excludes vent",,,36971.45,5018.2,0.0
181357,materials_hvac,placeholder,"Water heater, gas fired, 250 MBH input, 245 GPH, includes standard controls, excludes vent",,,26291.32,938.1,0.0
181358,materials_hvac,placeholder,"Water heater, gas fired, 260 MBH input, 250 GPH, includes standard controls, excludes vent",,,33698.4,7279.12,0.0
181359,materials_hvac,placeholder,"Water heater, gas fired, 360 MBH input, 360 GPH, includes standard controls, excludes vent",,,14731.5,5963.42,0.0
181360,materials_hvac,placeholder,"Water heater, gas fired, 500 MBH input, 480 GPH, includes standard controls, excludes vent",,,20671.2,8058.0,0.0
181361,materials_hvac,placeholder,"Water heater, gas fired, 725 MBH input, 690 GPH, includes standard controls, excludes vent",,,89893.0,859.12,0.0
181362,materials_hvac,placeholder,"Water heater, oil fired, glass lined, 140 gal., 140 MBH input, 134 GPH, includes standard controls, excludes vent",,,115910.1,2473.08,0.0
181363,materials_hvac,placeholder,"Water heater, oil fired, glass lined, 140 gal., 199 MBH input, 191 GPH, includes standard controls, excludes vent",,,15772.35,1961.16,0.0
181364,materials_hvac,placeholder,"Water heater, oil fired, glass lined, 140 gal., 255 MBH input, 247 GPH, includes standard controls, excludes vent",,,97439.0,115.44,0.0
181365,materials_hvac,placeholder,"Water heater, oil fired, glass lined, 140 gal., 270 MBH input, 259 GPH, includes standard controls, excludes vent",,,119608.8,3237.7,0.0
181366,materials_hvac,placeholder,"Water heater, oil fired, glass lined, 140 gal., 400 MBH input, 384 GPH, includes standard controls, excludes vent",,,7483.6,1446.43,0.0
181367,materials_hvac,placeholder,"Water heater, oil fired, glass lined, 140 gal., 540 MBH input, 519 GPH, includes standard controls, excludes vent",,,153024.3,5590.9,0.0
181368,materials_hvac,placeholder,"Water heater, oil fired, glass lined, 140 gal., 720 MBH input, 691 GPH, includes standard controls, excludes vent",,,65311.2,5571.75,0.0
181369,materials_hvac,placeholder,"Water heater, oil fired, glass lined, 221 gal., 300 MBH input, 288 GPH, includes standard controls, excludes vent",,,228769.1,3736.8,0.0
181370,materials_hvac,placeholder,"Water heater, oil fired, glass lined, 221 gal., 600 MBH input, 576 GPH, includes standard controls, excludes vent",,,109779.0,445.5,0.0
181371,materials_hvac,placeholder,"Water heater, oil fired, glass lined, 221 gal., 800 MBH input, 768 GPH, includes standard controls, excludes vent",,,253792.0,5650.65,0.0
181372,materials_hvac,placeholder,"Water heater, oil fired, glass lined, 201 gal., 1,000 MBH input, 960 GPH, includes standard controls, excludes vent",,,170601.0,2309.85,0.0
181373,materials_hvac,placeholder,"Water heater, oil fired, glass lined, 201 gal., 1,250 MBH input, 1,200 GPH, includes standard controls, excludes vent",,,263958.0,3444.0,0.0
181374,materials_hvac,placeholder,"Water heater, oil fired, glass lined, 201 gal., 1,500 MBH input, 1,441 GPH, includes standard controls, excludes vent",,,146562.5,200.6,0.0
181375,materials_hvac,placeholder,"Water heater, oil fired, glass lined, 411 gal., 600 MBH input, 576 GPH, includes standard controls, excludes vent",,,139890.5,3960.42,0.0
181376,materials_hvac,placeholder,"Water heater, oil fired, glass lined, 411 gal., 800 MBH input, 768 GPH, includes standard controls, excludes vent",,,67596.0,297.68,0.0
181377,materials_hvac,placeholder,"Water heater, oil fired, glass lined, 411 gal., 1,000 MBH input, 960 GPH, includes standard controls, excludes vent",,,109880.0,7217.1,0.0
181378,materials_hvac,placeholder,"Water heater, oil fired, glass lined, 411 gal., 1,250 MBH input, 1,200 GPH, includes standard controls, excludes vent",,,272356.0,6580.0,0.0
181379,materials_hvac,placeholder,"Water heater, oil fired, glass lined, 397 gal., 1,500 MBH input, 1,441 GPH, includes standard controls, excludes vent",,,226272.5,5433.45,0.0
181380,materials_hvac,placeholder,"Water heater, oil fired, glass lined, 397 gal., 1,750 MBH input, 1,681 GPH, includes standard controls, excludes vent",,,276375.0,663.6,0.0
181381,materials_hvac,placeholder,"Water heater, oil fired, glass lined, 397 gal., 2,000 MBH input, 1,921 GPH, includes standard controls, excludes vent",,,275562.0,9742.12,0.0
181382,materials_hvac,placeholder,"Water heater, oil fired, glass lined, 375 gal., 2,250 MBH input, 2,161 GPH, includes standard controls, excludes vent",,,84669.0,816.75,0.0
181383,materials_hvac,placeholder,"Water heater, oil fired, glass lined, 375 gal., 2,500 MBH input, 2,401 GPH, includes standard controls, excludes vent",,,86154.0,9711.0,0.0
181384,materials_hvac,placeholder,"Heat pump, air to water, single pkg. water heater, 35.5 MBH water heating - 2.3 ton air cooling, includes circ. water pump, air duct conn., digital temp. controller w/ remote tank probe and sensor for storage tank, excluding storage tank & ductwork",,,46293.4,2437.43,0.0
181385,materials_hvac,placeholder,"Heat pump, air to water, single pkg. water heater, 58 MBH water heating - 3.8 ton air cooling, includes circ. water pump, air duct conn., digital temp. controller w/ remote tank probe and sensor for storage tank, excluding storage tank & ductwork",,,53381.5,5369.35,0.0
181386,materials_hvac,placeholder,"Heat pump, air to water, single pkg. water heater, 76 MBH water heating - 4.9 ton air cooling, includes circ. water pump, air duct conn., digital temp. controller w/ remote tank probe and sensor for storage tank, excluding storage tank & ductwork",,,125619.9,2770.95,0.0
181387,materials_hvac,placeholder,"Heat pump, air to water, single pkg. water heater, 98 MBH water heating - 6.5 ton air cooling, includes circ. water pump, air duct conn., digital temp. controller w/ remote tank probe and sensor for storage tank, excluding storage tank & ductwork",,,94753.4,1571.4,0.0
181388,materials_hvac,placeholder,"Heat pump, air to water, single pkg. water heater, 113 MBH water heating - 7.4 ton air cooling, includes circ. water pump, air duct conn., digital temp. controller w/ remote tank probe and sensor for storage tank, excluding storage tank & ductwork",,,33089.1,7384.38,0.0
181389,materials_hvac,placeholder,"Heat pump, air to water, single pkg. water heater, 142 MBH water heating - 9.2 ton air cooling, includes circ. water pump, air duct conn., digital temp. controller w/ remote tank probe and sensor for storage tank, excluding storage tank & ductwork",,,56365.4,7171.2,0.0
181390,materials_hvac,placeholder,"Heat pump, air to water, single pkg. water heater, 171 MBH water heating - 11.1 ton air cooling, includes circ. water pump, air duct conn., digital temp. controller w/ remote tank probe and sensor for storage tank, excluding storage tank & ductwork",,,159268.0,9840.45,0.0
181391,materials_hvac,placeholder,"Heat recovery package, air to air, enthalpy recovery wheel, 1,000 max CFM",,,3173.4,4064.48,0.0
181392,materials_hvac,placeholder,"Heat recovery package, air to air, enthalpy recovery wheel, 2,000 max CFM",,,32650.2,1961.9,0.0
181393,materials_hvac,placeholder,"Heat recovery package, air to air, enthalpy recovery wheel, 4,000 max CFM",,,55389.2,2948.32,0.0
181394,materials_hvac,placeholder,"Heat recovery package, air to air, enthalpy recovery wheel, 6,000 max CFM",,,49717.3,4202.25,0.0
181395,materials_hvac,placeholder,"Heat recovery package, air to air, enthalpy recovery wheel, 8,000 max CFM",,,60218.8,7144.38,0.0
181396,materials_hvac,placeholder,"Heat recovery package, air to air, enthalpy recovery wheel, 10,000 max CFM",,,52596.0,8113.3,0.0
181397,materials_hvac,placeholder,"Heat recovery package, air to air, enthalpy recovery wheel, 20,000 max CFM",,,55370.7,10257.25,0.0
181398,materials_hvac,placeholder,"Heat recovery package, air to air, enthalpy recovery wheel, 25,000 max CFM",,,4349.1,1547.85,0.0
181399,materials_hvac,placeholder,"Heat recovery package, air to air, enthalpy recovery wheel, 30,000 max CFM",,,167321.1,15722.95,0.0
181400,materials_hvac,placeholder,"Heat recovery package, air to air, enthalpy recovery wheel, 40,000 max CFM",,,282900.0,14654.5,0.0
181401,materials_hvac,placeholder,"Heat recovery package, air to air, enthalpy recovery wheel, 50,000 max CFM",,,19162.0,13795.0,0.0
181402,materials_hvac,placeholder,"Heat exchanger, heat pipe type, glycol, 50% efficient, 100 MBH, 1,700 CFM",,,23307.07,4278.66,0.0
181403,materials_hvac,placeholder,"Heat exchanger, heat pipe type, glycol, 50% efficient, 160 MBH, 2,700 CFM",,,9114.0,5201.45,0.0
181404,materials_hvac,placeholder,"Heat exchanger, heat pipe type, glycol, 50% efficient, 620 MBH, 4,000 CFM",,,37284.9,6420.75,0.0
181405,materials_hvac,placeholder,"Valves, bronze, gate, non-rising stem, threaded, class 150, 1/4""",,,572.48,61.9,0.0
181406,materials_hvac,placeholder,"Valves, bronze, gate, non-rising stem, threaded, class 150, 3/8""",,,434.41,46.01,0.0
181407,materials_hvac,placeholder,"Valves, bronze, gate, non-rising stem, threaded, class 150, 1/2""",,,123.68,6.49,0.0
181408,materials_hvac,placeholder,"Valves, bronze, gate, non-rising stem, threaded, class 150, 2-1/2""",,,518.01,153.18,0.0
181409,materials_hvac,placeholder,"Valves, bronze, gate, non-rising stem, threaded, class 150, 3""",,,4293.0,12.74,0.0
181410,materials_hvac,placeholder,"Valves, brass, ball, combination valves, shut-off and union, threaded, w/ strainer, drain and PTport, 1/2""",,,73.9,3.68,0.0
181411,materials_hvac,placeholder,"Valves, brass, ball, combination valves, shut-off and union, threaded, w/ strainer, drain and PTport, 3/4""",,,470.53,77.12,0.0
181412,materials_hvac,placeholder,"Valves, brass, ball, combination valves, shut-off and union, threaded, w/ strainer, drain and PTport, 1""",,,315.68,8.45,0.0
181413,materials_hvac,placeholder,"Valves, brass, ball, combination valves, shut-off and union, threaded, w/ strainer, drain and PTport, 1-1/4""",,,534.06,286.58,0.0
181414,materials_hvac,placeholder,"Valves, brass, ball, combination valves, shut-off and union, threaded, w/ strainer, drain and PTport, 1-1/2""",,,760.36,273.88,0.0
181415,materials_hvac,placeholder,"Valves, brass, ball, combination valves, shut-off and union, threaded, w/ strainer, drain and PTport, 2""",,,853.48,183.13,0.0
181416,materials_hvac,placeholder,"Insulation, pipe covering (price copper tube one size less than I.P.S.), fiberglass with all service jacket, 1"" wall, 1/2"" iron pipe size",,,3.78,21.52,0.0
181417,materials_hvac,placeholder,"Flexible metal hose, stainless steel braided, welded on carbon steel ends, threaded, 1/2"" diameter x 12""",,,164.48,28.74,0.0
181418,materials_hvac,placeholder,"Flexible metal hose, stainless steel braided, welded on carbon steel ends, threaded, 3/4"" diameter x 12""",,,97.99,73.92,0.0
181419,materials_hvac,placeholder,"Flexible metal hose, stainless steel braided, welded on carbon steel ends, threaded, 1"" diameter x 12""",,,128.76,159.43,0.0
181420,materials_hvac,placeholder,"Flexible metal hose, stainless steel braided, welded on carbon steel ends, threaded, 1-1/4"" diameter x 12""",,,302.46,30.74,0.0
181421,materials_hvac,placeholder,"Tee, copper, wrought, copper x copper, 1/2""",,,5.82,96.0,0.0
181422,materials_hvac,placeholder,"Elbow, 90 Deg., steel, malleable iron, black, straight, threaded, 150 lb., 3""",,,241.47,52.75,0.0
181423,materials_hvac,placeholder,"Elbow, 90 Deg., steel, malleable iron, black, straight, threaded, 150 lb., 3-1/2""",,,1023.89,644.84,0.0
181424,materials_hvac,placeholder,"Elbow, 90 Deg., steel, malleable iron, black, straight, threaded, 150 lb., 4""",,,126.88,279.54,0.0
181425,materials_hvac,placeholder,"Tee, steel, malleable iron, black, straight, threaded, 150 lb., 1/2""",,,7.98,186.37,0.0
181426,materials_hvac,placeholder,"Tee, steel, malleable iron, black, straight, threaded, 150 lb., 3""",,,144.83,232.85,0.0
181427,materials_hvac,placeholder,"Tee, steel, malleable iron, black, straight, threaded, 150 lb., 3-1/2""",,,241.42,182.43,0.0
181428,materials_hvac,placeholder,"Tee, steel, malleable iron, black, straight, threaded, 150 lb., 4""",,,1174.94,1241.42,0.0
181429,materials_hvac,placeholder,"Tee, steel, malleable iron, black, reducing on the outlet, threaded, 150 lb., 1/2""",,,1.29,228.71,0.0
181430,materials_hvac,placeholder,"Tee, steel, malleable iron, black, reducing on the outlet, threaded, 150 lb., 1-1/4""",,,39.25,77.4,0.0
181431,materials_hvac,placeholder,"Tee, steel, malleable iron, black, reducing on the outlet, threaded, 150 lb., 1-1/2""",,,2.83,108.29,0.0
181432,materials_hvac,placeholder,"Tee, steel, malleable iron, black, reducing on the outlet, threaded, 150 lb., 2-1/2""",,,149.82,85.8,0.0
181433,materials_hvac,placeholder,"Tee, steel, malleable iron, black, reducing on the outlet, threaded, 150 lb., 3""",,,358.17,74.27,0.0
181434,materials_hvac,placeholder,"Tee, steel, malleable iron, black, reducing on the outlet, threaded, 150 lb., 3-1/2""",,,3189.78,665.28,0.0
181435,materials_hvac,placeholder,"Tee, steel, malleable iron, black, reducing on the outlet, threaded, 150 lb., 4""",,,976.81,778.78,0.0
181436,materials_hvac,placeholder,"Reducer, steel, malleable iron, black, concentric, threaded, 150 lb., 1/2""",,,6.74,107.33,0.0
181437,materials_hvac,placeholder,"Reducer, steel, malleable iron, black, concentric, threaded, 150 lb., 1""",,,10.19,217.18,0.0
181438,materials_hvac,placeholder,"Reducer, steel, malleable iron, black, concentric, threaded, 150 lb., 1-1/2""",,,68.71,32.37,0.0
181439,materials_hvac,placeholder,"Reducer, steel, malleable iron, black, concentric, threaded, 150 lb., 2-1/2""",,,222.32,304.97,0.0
181440,materials_hvac,placeholder,"Reducer, steel, malleable iron, black, concentric, threaded, 150 lb., 3""",,,104.11,382.36,0.0
181441,materials_hvac,placeholder,"Reducer, steel, malleable iron, black, concentric, threaded, 150 lb., 3-1/2""",,,784.21,367.6,0.0
181442,materials_hvac,placeholder,"Reducer, steel, malleable iron, black, concentric, threaded, 150 lb., 4""",,,1019.23,104.43,0.0
181443,materials_hvac,placeholder,"Cap, steel, malleable iron, black, threaded, 150 lb., 1/2""",,,14.43,2.66,0.0
181444,materials_hvac,placeholder,"Cap, steel, malleable iron, black, threaded, 150 lb., 1""",,,17.92,70.31,0.0
181445,materials_hvac,placeholder,"Cap, steel, malleable iron, black, threaded, 150 lb., 1-1/2""",,,1.31,70.71,0.0
181446,materials_hvac,placeholder,"Cap, steel, malleable iron, black, threaded, 150 lb., 2""",,,62.79,18.84,0.0
181447,materials_hvac,placeholder,"Union, steel, malleable iron, black, with brass seat, threaded, 150 lb., 1/2""",,,4.69,117.55,0.0
181448,materials_hvac,placeholder,"Union, steel, malleable iron, black, with brass seat, threaded, 150 lb., 3""",,,770.08,350.69,0.0
181449,materials_hvac,placeholder,"Elbow, 90 Deg., steel, carbon steel, black, long radius, butt weld, standard weight, 3/4"" pipe size, includes 1 weld per joint and weld machine",,,81.37,109.67,1.41
181450,materials_hvac,placeholder,"Elbow, 90 Deg., steel, carbon steel, black, long radius, butt weld, standard weight, 1"" pipe size, includes 1 weld per joint and weld machine",,,35.2,240.72,12.3
181451,materials_hvac,placeholder,"Elbow, 90 Deg., steel, carbon steel, black, long radius, butt weld, standard weight, 1-1/2"" pipe size, includes 1 weld per joint and weld machine",,,38.48,225.86,1.24
181452,materials_hvac,placeholder,"Elbow, 90 Deg., steel, carbon steel, black, long radius, butt weld, standard weight, 2"" pipe size, includes 1 weld per joint and weld machine",,,93.63,225.38,15.62
181453,materials_hvac,placeholder,"Elbow, 90 Deg., steel, carbon steel, black, long radius, butt weld, standard weight, 3"" pipe size, includes 1 weld per joint and weld machine",,,187.45,235.08,21.09
181454,materials_hvac,placeholder,"Reducer, steel, carbon steel, black, eccentric, butt weld, standard weight, 2"" pipe size, includes 1 weld per joint and weld machine",,,94.99,310.41,20.74
181455,materials_hvac,placeholder,"Reducer, steel, carbon steel, black, eccentric, butt weld, standard weight, 3"" pipe size, includes 1 weld per joint and weld machine",,,255.39,697.23,29.25
181456,materials_hvac,placeholder,"Reducer, steel, carbon steel, black, eccentric, butt weld, standard weight, 4"" pipe size, includes 1 weld per joint and weld machine",,,48.38,58.11,50.78
181457,materials_hvac,placeholder,"Tee, steel, carbon steel, black, reducing on the outlet, butt weld, standard weight, 3"" x 2-1/2"" pipe size, includes 1 weld per joint and weld machine",,,133.37,191.22,22.83
181458,materials_hvac,placeholder,"Tee, steel, carbon steel, black, reducing on the outlet, butt weld, standard weight, 4"" x 3"" pipe size, includes 1 weld per joint and weld machine",,,252.12,535.62,51.07
181459,materials_hvac,placeholder,"Nozzle, steel, T-O-L, weld-on, 1"" pipe size, includes 1 weld per joint and weld machine",,,3.49,46.61,7.12
181460,materials_hvac,placeholder,"Nozzle, steel, T-O-L, weld-on, 1-1/4"" pipe size, includes 1 weld per joint and weld machine",,,16.96,80.96,1.83
181461,materials_hvac,placeholder,"Nozzle, steel, T-O-L, weld-on, 1-1/2"" pipe size, includes 1 weld per joint and weld machine",,,33.68,366.89,10.02
181462,materials_hvac,placeholder,"Nozzle, steel, T-O-L, weld-on, 2"" pipe size, includes 1 weld per joint and weld machine",,,26.63,70.03,28.4
181463,materials_hvac,placeholder,"Nozzle, steel, T-O-L, weld-on, 2-1/2"" pipe size, includes 1 weld per joint and weld machine",,,647.09,363.56,3.31
181464,materials_hvac,placeholder,"Nozzle, steel, T-O-L, weld-on, 4"" pipe size, includes 1 weld per joint and weld machine",,,405.93,227.73,21.47
181465,materials_hvac,placeholder,"Flange, steel, forged steel, weld neck, 150 lb., 1/2"" pipe size, includes 1 weld per joint and weld machine",,,165.88,3.63,4.7
181466,materials_hvac,placeholder,"Flange, steel, forged steel, weld neck, 150 lb., 3/4"" pipe size, includes 1 weld per joint and weld machine",,,50.4,141.34,0.79
181467,materials_hvac,placeholder,"Flange, steel, forged steel, weld neck, 150 lb., 1"" pipe size, includes 1 weld per joint and weld machine",,,109.65,97.12,8.62
181468,materials_hvac,placeholder,"Flange, steel, forged steel, weld neck, 150 lb., 1-1/4"" pipe size, includes 1 weld per joint and weld machine",,,102.09,122.59,5.1
181469,materials_hvac,placeholder,"Flange, steel, forged steel, weld neck, 150 lb., 1-1/2"" pipe size, includes 1 weld per joint and weld machine",,,187.43,149.92,11.43
181470,materials_hvac,placeholder,"Flange, steel, forged steel, weld neck, 150 lb., 2"" pipe size, includes 1 weld per joint and weld machine",,,69.37,236.47,8.75
181471,materials_hvac,placeholder,"Flange, steel, forged steel, weld neck, 150 lb., 3"" pipe size, includes 1 weld per joint and weld machine",,,96.1,39.71,11.72
181472,materials_hvac,placeholder,"Strainer, Y type, bronze body, flanged, 150 lb., 4"" pipe size, flanged",,,13381.25,850.92,0.0
181473,materials_hvac,placeholder,"Circuit setter balance valve, bronze body, threaded, 3"" pipe size",,,5447.78,427.25,0.0
181474,materials_hvac,placeholder,"Duct thermal insulation, blanket type, fiberglass, flexible, FSK vapor barrier wrap, .75 lb. density, 2"" thick",,,0.42,7.1,0.0
181475,materials_hvac,placeholder,"Duct thermal insulation, blanket type, fiberglass, flexible, FSK vapor barrier wrap, .75 lb. density, 3"" thick",,,6.62,8.78,0.0
181476,materials_hvac,placeholder,"Duct thermal insulation, blanket type, fiberglass, flexible, FSK vapor barrier wrap, .75 lb.density, 4"" thick",,,2.97,8.2,0.0
181477,materials_hvac,placeholder,"Metal ductwork, spiral preformed, steel, galvanized, straight lengths, max. 10"" SPWG, 4"" diameter, 26 ga.",,,17.92,4.9,0.0
181478,materials_hvac,placeholder,"Metal ductwork, spiral preformed, steel, galvanized, straight lengths, max. 10"" SPWG, 5"" diameter, 26 ga.",,,2.94,12.18,0.0
181479,materials_hvac,placeholder,"Metal ductwork, spiral preformed, steel, galvanized, straight lengths, max. 10"" SPWG, 6"" diameter, 26 ga.",,,10.79,5.35,0.0
181480,materials_hvac,placeholder,"Metal ductwork, spiral preformed, steel, galvanized, straight lengths, max. 10"" SPWG, 7"" diameter, 26 ga.",,,23.82,20.33,0.0
181481,materials_hvac,placeholder,"Metal ductwork, spiral preformed, steel, galvanized, straight lengths, max. 10"" SPWG, 8"" diameter, 26 ga.",,,1.34,23.55,0.0
181482,materials_hvac,placeholder,"Metal ductwork, spiral preformed, steel, galvanized, straight lengths, max. 10"" SPWG, 10"" diameter, 26 ga.",,,62.09,24.22,0.0
181483,materials_hvac,placeholder,"Metal ductwork, spiral preformed, steel, galvanized, straight lengths, max. 10"" SPWG, 12"" diameter, 26 ga.",,,56.87,2.87,0.0
181484,materials_hvac,placeholder,"Metal ductwork, spiral preformed, steel, galvanized, straight lengths, max. 10"" SPWG, 14"" diameter, 26 ga.",,,49.4,49.41,0.0
181485,materials_hvac,placeholder,"Metal ductwork, spiral preformed, steel, galvanized, straight lengths, max. 10"" SPWG, 16"" diameter, 24 ga.",,,115.29,52.67,0.0
181486,materials_hvac,placeholder,"Metal ductwork, spiral preformed, steel, galvanized, straight lengths, max. 10"" SPWG, 18"" diameter, 24 ga.",,,40.24,89.52,0.0
181487,materials_hvac,placeholder,"Metal ductwork, spiral preformed, steel, galvanized, straight lengths, max. 10"" SPWG, 20"" diameter, 24 ga.",,,58.96,45.46,0.0
181488,materials_hvac,placeholder,"Metal ductwork, spiral preformed, steel, galvanized, straight lengths, max. 10"" SPWG, 22"" diameter, 24 ga.",,,108.25,118.18,0.0
181489,materials_hvac,placeholder,"Metal ductwork, spiral preformed, steel, galvanized, straight lengths, max. 10"" SPWG, 24"" diameter, 24 ga.",,,94.22,118.53,0.0
181490,materials_hvac,placeholder,"Metal ductwork, spiral preformed, steel, galvanized, straight lengths, max. 10"" SPWG, 30"" diameter, 22 ga.",,,191.74,114.98,0.0
181491,materials_hvac,placeholder,"Metal ductwork, spiral preformed, steel, galvanized, straight lengths, max. 10"" SPWG, 36"" diameter, 22 ga.",,,291.78,53.49,0.0
181492,materials_hvac,placeholder,"Duct accessories, duct collar, spin-in type, round, 8"", excludes damper",,,25.2,74.15,0.0
181493,materials_hvac,placeholder,"Pump, domestic recirculating",,,78.47,553.87,0.0
181494,materials_hvac,placeholder,"Hydronic heating, terminal units, fin tube, baseboard, packaged, copper tube, aluminum fins, 8-7/8"" high, 1"" copper tube, excludes main supply pipe",,,107.48,70.42,0.0
181495,materials_hvac,placeholder,"Hydronic heating, terminal units, fin tube, baseboard, packaged, copper tube, aluminum fins, 8-7/8"" high, 1-1/4"" copper tube, excludes main supply pipe",,,59.9,45.7,0.0
181496,materials_hvac,placeholder,"Hydronic heating, terminal units, fin tube, wall hung, 10"" flat top cover, 1-1/4"" steel tube, 4-1/4"" steel fins, includes damper, excludes main supply pipe",,,257.09,98.1,0.0
181497,materials_hvac,placeholder,"Hydronic heating, terminal units, fin tube, wall hung, 10"" flat top cover, 2"" steel tube, 4-1/4"" steel fins, includes damper, excludes main supply pipe",,,136.45,189.77,0.0
191498,materials_hvac,placeholder,"Pull boxes, steel, type SC, raintight & weatherproof, 12"" L x 12"" W x 6"" D, NEMA 3R",,,316.32,322.37,0.0
181499,materials_hvac,placeholder,"Packaged terminal air conditioner, cabinet, wall sleeve, louver, electric heat, manual changeover, 208 V, 6,000 BTUH cooling, 8,800 BTU heat, includes thermostat",,,3112.12,871.32,0.0
181500,materials_hvac,placeholder,"Packaged terminal air conditioner, cabinet, wall sleeve, louver, electric heat, manual changeover, 208 V, 9000 BTUH cooling,13,900 BTU heat, includes thermostat",,,6562.5,344.62,0.0
181501,materials_hvac,placeholder,"Packaged terminal air conditioner, cabinet, wall sleeve, louver, electric heat, manual changeover, 208 V, 12,000 BTUH cooling, 13,900 BTU heat, includes thermostat",,,3552.5,1256.53,0.0
181502,materials_hvac,placeholder,"Packaged terminal air conditioner, cabinet, wall sleeve, louver, electric heat, manual changeover, 208 V, 15,000 BTUH cooling, 13,900 BTU heat, includes thermostat",,,8137.5,2038.68,0.0
181503,materials_hvac,placeholder,"Packaged terminal air conditioner, cabinet, wall sleeve, louver, electric heat, manual changeover, 208 V, 18,000 BTUH cooling, 10 kW heat, includes thermostat",,,19967.1,152.25,0.0
181504,materials_hvac,placeholder,"Packaged terminal air conditioner, cabinet, wall sleeve, louver, electric heat, manual changeover, 208 V, 24,000 BTUH cooling, 10 kW heat, includes thermostat",,,3768.75,1405.14,0.0
181505,materials_hvac,placeholder,"Packaged terminal air conditioner, cabinet, wall sleeve, louver, electric heat, manual changeover, 208 V, 30,000 BTUH cooling, 10 kW heat, includes thermostat",,,9768.0,1781.05,0.0
181506,materials_hvac,placeholder,"Packaged terminal air conditioner, cabinet, wall sleeve, louver, electric heat, manual changeover, 208 V, 36,000 BTUH cooling, 10 kW heat, includes thermostat",,,28714.7,4434.0,0.0
181507,materials_hvac,placeholder,"Packaged terminal air conditioner, cabinet, wall sleeve, louver, electric heat, manual changeover, 208 V, 42,000 BTUH cooling, 10 kW heat, includes thermostat",,,23317.25,2805.0,0.0
181508,materials_hvac,placeholder,"Packaged terminal air conditioner, cabinet, wall sleeve, louver, electric heat, manual changeover, 208 V, 48,000 BTUH cooling, 10 kW heat, includes thermostat",,,34640.0,6904.8,0.0
181509,materials_hvac,placeholder,"Hydronic heating, unit heater, propeller, vertical flow, 115 V, hot water, 60 degree F entering air, 8 MBH",,,5715.0,379.05,0.0
181510,materials_hvac,placeholder,"Hydronic heating, unit heater, propeller, vertical flow, 115 V, hot water, 60 degree F entering air, 12 MBH",,,2472.5,226.78,0.0
181511,materials_hvac,placeholder,"Hydronic heating, unit heater, propeller, vertical flow, 115 V, hot water, 60 degree F entering air, 16 MBH",,,190.0,340.74,0.0
181512,materials_hvac,placeholder,"Hydronic heating, unit heater, propeller, vertical flow, 115 V, hot water, 60 degree F entering air, 30 MBH",,,1367.5,340.3,0.0
181513,materials_hvac,placeholder,"Hydronic heating, unit heater, propeller, vertical flow, 115 V, hot water, 60 degree F entering air, 43 MBH",,,758.62,128.14,0.0
181514,materials_hvac,placeholder,"Hydronic heating, unit heater, propeller, vertical flow, 115 V, hot water, 60 degree F entering air, 57 MBH",,,505.3,66.25,0.0
181515,materials_hvac,placeholder,"Hydronic heating, unit heater, propeller, vertical flow, 115 V, hot water, 60 degree F entering air, 68 MBH",,,1917.6,490.64,0.0
181516,materials_hvac,placeholder,"Hydronic heating, unit heater, propeller, vertical flow, 115 V, hot water, 60 degree F entering air, 105 MBH",,,11498.55,687.82,0.0
181517,materials_hvac,placeholder,"Hydronic heating, unit heater, propeller, vertical flow, 115 V, hot water, 60 degree F entering air, 123 MBH",,,797.55,572.28,0.0
181518,materials_hvac,placeholder,"Hydronic heating, unit heater, propeller, vertical flow, 115 V, hot water, 60 degree F entering air, 140 MBH",,,10181.25,780.61,0.0
181519,materials_hvac,placeholder,"Hydronic heating, unit heater, propeller, vertical flow, 115 V, hot water, 60 degree F entering air, 156 MBH",,,6672.4,1013.36,0.0
181520,materials_hvac,placeholder,"Hydronic heating, unit heater, propeller, vertical flow, 115 V, hot water, 60 degree F entering air, 210 MBH",,,16684.2,987.52,0.0
181521,materials_hvac,placeholder,"Hydronic heating, unit heater, propeller, vertical flow, 115 V, hot water, 60 degree F entering air, 223 MBH",,,18658.0,1298.64,0.0
181522,materials_hvac,placeholder,"Hydronic heating, unit heater, propeller, vertical flow, 115 V, hot water, 60 degree F entering air, 257 MBH",,,17122.8,2116.88,0.0
191523,materials_hvac,placeholder,"Variable frequency drives, enclosed, 460 volt, 3 HP motor size, NEMA 1",,,2120.42,817.0,0.0
191524,materials_hvac,placeholder,"Variable frequency drives, enclosed, 460 volt, 5 HP motor size, NEMA 1",,,7836.15,3963.74,0.0
191525,materials_hvac,placeholder,"Variable frequency drives, enclosed, 460 volt, 7.5 HP motor size, NEMA 1",,,5802.52,984.0,0.0
191526,materials_hvac,placeholder,"Variable frequency drives, enclosed, 460 volt, 10 HP motor size, NEMA 1",,,15261.75,2671.15,0.0
191527,materials_hvac,placeholder,"Variable frequency drives, enclosed, 460 volt, 15 HP motor size, NEMA 1",,,2157.6,6709.95,0.0
191528,materials_hvac,placeholder,"Variable frequency drives, enclosed, 460 volt, 20 HP motor size, NEMA 1",,,6690.45,1481.8,0.0
191529,materials_hvac,placeholder,"Variable frequency drives, enclosed, 460 volt, 25 HP motor size, NEMA 1",,,28716.52,1760.95,0.0
191530,materials_hvac,placeholder,"Variable frequency drives, enclosed, 460 volt, 30 HP motor size, NEMA 1",,,29419.6,344.4,0.0
191531,materials_hvac,placeholder,"Variable frequency drives, enclosed, 460 volt, 40 HP motor size, NEMA 1",,,28917.12,5858.9,0.0
191532,materials_hvac,placeholder,"Variable frequency drives, enclosed, 460 volt, 50 HP motor size, NEMA 1",,,9096.0,7308.6,0.0
191533,materials_hvac,placeholder,"Variable frequency drives, enclosed, 460 volt, 60 HP motor size, NEMA 1",,,73688.0,12877.42,1802.25
191534,materials_hvac,placeholder,"Variable frequency drives, enclosed, 460 volt, 75 HP motor size, NEMA 1",,,3619.2,11930.6,980.1
191535,materials_hvac,placeholder,"Variable frequency drives, enclosed, 460 volt, 100 HP motor size, NEMA 1",,,90308.0,7337.2,614.08
191536,materials_hvac,placeholder,"Variable frequency drives, enclosed, 460 volt, 125 HP motor size, NEMA 1",,,84157.5,15167.4,2359.36
191537,materials_hvac,placeholder,"Variable frequency drives, enclosed, 460 volt, 150 HP motor size, NEMA 1",,,132516.8,11570.2,315.62
191538,materials_hvac,placeholder,"Variable frequency drives, enclosed, 460 volt, 200 HP motor size, NEMA 1",,,118455.4,18755.55,2992.8
181539,materials_hvac,placeholder,"Window unit air conditioner, portable, grounded receptacle required, 15 amp 125 V, 5,000 BTUH",,,319.16,183.89,0.0
181540,materials_hvac,placeholder,"Window unit air conditioner, portable, grounded receptacle required, 15 amp 125 V, 6,000 BTUH",,,1493.42,301.04,0.0
181541,materials_hvac,placeholder,"Window unit air conditioner, portable, grounded receptacle required, 15 amp 125 V, 8,000 BTUH",,,122.3,99.28,0.0
181542,materials_hvac,placeholder,"Window unit air conditioner, portable, grounded receptacle required, 15 amp 125 V, 10,000 BTUH",,,950.95,367.18,0.0
181543,materials_hvac,placeholder,"Window unit air conditioner, portable, grounded receptacle required, 15 amp 125 V, 12,000 BTUH",,,240.98,574.0,0.0
181544,materials_hvac,placeholder,"Split ductless system, cooling only, single zone, wall mount, 3/4 ton cooling",,,1594.35,210.0,0.0
181545,materials_hvac,placeholder,"Split ductless system, cooling only, single zone, wall mount, 1 ton cooling",,,337.9,2401.92,0.0
181546,materials_hvac,placeholder,"Split ductless system, cooling only, single zone, wall mount, 1-1/2 ton cooling",,,1406.5,3553.7,0.0
181547,materials_hvac,placeholder,"Split ductless system, cooling only, single zone, wall mount, 2 ton cooling",,,7314.9,1311.18,0.0
181548,materials_hvac,placeholder,"Split ductless system, cooling only, single zone, ceiling mount, 2 ton cooling",,,2413.25,1762.26,0.0
181549,materials_hvac,placeholder,"Split ductless system, cooling only, single zone, ceiling mount, 3 ton cooling",,,2724.75,2479.05,0.0
191550,materials_hvac,placeholder,"Duplex receptacle, grounded, 120 volt, 15 amp",,,6.64,70.06,0.0
191551,materials_hvac,placeholder,"Duplex receptacle, grounded, 120 volt, 20 amp",,,21.3,19.89,0.0
191552,materials_hvac,placeholder,"Photovoltaic module, 150 watt, 24V",,,1673.52,217.67,0.0
191553,materials_hvac,placeholder,"DC to AC inverter, 24 V 3,000 watt",,,3361.4,469.22,0.0
191554,materials_hvac,placeholder,"DC to AC inverter, 24 V 4,000 watt",,,6118.0,1382.42,0.0
191555,materials_hvac,placeholder,"DC to AC inverter, 48 V 4,000 watt",,,8303.7,1383.1,0.0
191556,materials_hvac,placeholder,"DC to AC inverter, 48 V, 5,500 watt",,,9724.05,1574.93,0.0
191557,materials_hvac,placeholder,"Photovoltaic components, combiner box, 10 lug, NEMA 3R enclosure",,,1903.05,572.24,0.0
191558,materials_hvac,placeholder,"Photovoltaic components, battery charger controller, w/temperature sensor",,,2098.62,39.9,0.0
191559,materials_hvac,placeholder,"Photovoltaic components, digital readout panel, displays hours, volts, amps, etc",,,153.35,823.54,0.0
191560,materials_hvac,placeholder,"Photovoltaic components, deep cycle solar battery, 6 V, 180 Ah (C/20)",,,747.77,240.03,0.0
191561,materials_hvac,placeholder,"Nickel iron nife battery, deep cycle, 300Ah, 12V, 10 cells",,,9503.0,105.28,0.0
191562,materials_hvac,placeholder,"Nickel iron nife battery, deep cycle, 300Ah, 24V, 10 cells",,,3345.6,64.01,0.0
191563,materials_hvac,placeholder,"Nickel iron nife battery, deep cycle, 300Ah, 48V, 10 cells",,,15501.2,9.35,0.0
191564,materials_hvac,placeholder,"Photovoltaic components, battery interconnection, 24"" AWG #2/0, sealed w/copper ring lugs",,,139.45,14.19,0.0
191565,materials_hvac,placeholder,"Photovoltaic components, DC circuit breaker, 175 amp",,,466.75,79.64,0.0
191566,materials_hvac,placeholder,"Photovoltaic components, low voltage disconnect",,,1835.94,86.69,0.0
191567,materials_hvac,placeholder,"Photovoltaic components, conduit box for inverter",,,209.86,226.01,0.0
191568,materials_hvac,placeholder,"PV rack system, roof, non-penetrating ballast, 1 panel",,,9.73,126.89,0.0
191569,materials_hvac,placeholder,"PV rack system, ground, ballast, fixed, 3 panel",,,950.84,279.51,0.0
191570,materials_hvac,placeholder,"PV rack system, ground, ballast, fixed, 4 panel",,,7694.2,265.59,0.0
191571,materials_hvac,placeholder,"PV rack system, ground, ballast, fixed, 5 panel",,,3645.6,283.38,0.0
191572,materials_hvac,placeholder,"PV rack system, ground, ballast, fixed, 6 panel",,,5550.0,239.28,0.0
191573,materials_hvac,placeholder,"PV rack system, ground, adjustable, 3 panel",,,6170.25,80.28,0.0
191574,materials_hvac,placeholder,"PV rack system, ground, adjustable, 4 panel",,,6339.02,94.32,0.0
191575,materials_hvac,placeholder,"PV rack system, ground, adjustable, 5 panel",,,12535.1,162.68,0.0
191576,materials_hvac,placeholder,"PV rack system, ground, adjustable, 6 panel",,,2486.85,231.72,0.0
191577,materials_hvac,placeholder,"PV rack system, ground, top of pole, passive tracking, 1 panel",,,2159.43,196.14,0.0
191578,materials_hvac,placeholder,"PV rack system, ground, top of pole, passive tracking, 2 panel",,,259.2,265.17,0.0
191579,materials_hvac,placeholder,"PV rack system, ground, top of pole, passive tracking, 3 panel",,,1123.26,38.12,0.0
191580,materials_hvac,placeholder,"PV rack system, ground, top of pole, passive tracking, 4 panel",,,3129.5,216.89,0.0
191581,materials_hvac,placeholder,"PV rack system, ground, top of pole, passive tracking, 6 panel",,,7405.2,197.11,0.0
191582,materials_hvac,placeholder,"PV rack system, ground, top of pole, passive tracking, 8 panel",,,3953.8,181.44,0.0
191583,materials_hvac,placeholder,"Light poles, anchor base, aluminum, 10' high, excl concrete bases",,,770.0,586.18,0.0
191584,materials_hvac,placeholder,"Light poles, anchor base, aluminum, 16' high, excl concrete bases",,,4172.3,1109.73,0.0
191585,materials_hvac,placeholder,"Light poles, anchor base, aluminum, 20' high, excl concrete bases",,,5822.92,145.66,230.2
191586,materials_hvac,placeholder,"Light poles, anchor base, aluminum, 30' high, excl concrete bases",,,7295.2,83.18,37.93
191587,materials_hvac,placeholder,"Light poles, anchor base, aluminum, 40' high, excl concrete bases",,,10483.85,2409.75,507.78
041588,materials_hvac,placeholder,"C.I.P. concrete forms, equipment foundations, 1 use, includes erecting, bracing, stripping and cleaning",,,13.78,58.12,0.0
041589,materials_hvac,placeholder,"Structural concrete, ready mix, heavyweight, 2000 psi, includes local aggregate, sand, Portland cement (Type I) and water, delivered, excludes all additives and treatments",,,40.53,0.0,0.0
041590,materials_hvac,placeholder,"Structural concrete, ready mix, heavyweight, 2500 psi, includes local aggregate, sand, Portland cement (Type I) and water, delivered, excludes all additives and treatments",,,557.17,0.0,0.0
041591,materials_hvac,placeholder,"Structural concrete, ready mix, heavyweight, 4000 psi, includes local aggregate, sand, Portland cement (Type I) and water, delivered, excludes all additives and treatments",,,552.9,0.0,0.0
041592,materials_hvac,placeholder,"Structural concrete, ready mix, heavyweight, 4500 psi, includes local aggregate, sand, Portland cement (Type I) and water, delivered, excludes all additives and treatments",,,350.02,0.0,0.0
041593,materials_hvac,placeholder,"Structural concrete, ready mix, heavyweight, 5000 psi, includes local aggregate, sand, Portland cement (Type I) and water, delivered, excludes all additives and treatments",,,287.52,0.0,0.0
041594,materials_hvac,placeholder,"Structural concrete, ready mix, heavyweight, 6000 psi, includes local aggregate, sand, Portland cement (Type I) and water, delivered, excludes all additives and treatments",,,1068.26,0.0,0.0
181595,materials_hvac,placeholder,"Radiant floor heating, tubing, PEX (cross-linked polyethylene), oxygen barrier type for systems with ferrous metals, 1/2""",,,0.6,4.46,0.0
181596,materials_hvac,placeholder,"Radiant floor heating, tubing, PEX (cross-linked polyethylene), oxygen barrier type for systems with ferrous metals, 3/4""",,,1.87,0.62,0.0
181597,materials_hvac,placeholder,"Radiant floor heating, tubing, PEX (cross-linked polyethylene), oxygen barrier type for systems with ferrous metals, 1""",,,4.25,12.62,0.0
181598,materials_hvac,placeholder,"Radiant floor heating, manifold, brass, valved, 2 circuit, 1""",,,2090.0,201.55,0.0
181599,materials_hvac,placeholder,"Radiant floor heating, manifold, brass, valved, 3 circuit, 1""",,,1030.2,383.81,0.0
181600,materials_hvac,placeholder,"Radiant floor heating, manifold, brass, valved, 4 circuit, 1""",,,1491.6,404.91,0.0
181601,materials_hvac,placeholder,"Radiant floor heating, manifold, brass, valved, 5 circuit, 1""",,,2507.34,27.8,0.0
181602,materials_hvac,placeholder,"Radiant floor heating, manifold, brass, valved, 6 circuit, 1""",,,3046.61,518.07,0.0
181603,materials_hvac,placeholder,"Radiant floor heating, manifold, brass, valved, 7 circuit, 1""",,,3584.1,345.97,0.0
181604,materials_hvac,placeholder,"Radiant floor heating, manifold, brass, valved, 8 circuit, 1""",,,1204.0,563.96,0.0
181605,materials_hvac,placeholder,"Radiant floor heating, manifold, brass, valved, 9 circuit, 1""",,,3755.34,404.6,0.0
181606,materials_hvac,placeholder,"Radiant floor heating, manifold, brass, valved, 10 circuit, 1""",,,836.0,140.0,0.0
181607,materials_hvac,placeholder,"Radiant floor heating, manifold, brass, valved, 11 circuit, 1""",,,2786.7,494.34,0.0
181608,materials_hvac,placeholder,"Radiant floor heating, manifold, brass, valved, 12 circuit, 1""",,,864.8,333.6,0.0
181609,materials_hvac,placeholder,"Radiant floor heating, thermostatic zone valve actuator",,,183.71,107.59,0.0
181610,materials_hvac,placeholder,"Radiant floor heating, thermostatic zone valve actuator with end switch",,,227.03,28.57,0.0
181611,materials_hvac,placeholder,"Radiant floor heating, valve, motorized straight zone valve with operator complete, 3/4""",,,40.39,123.66,0.0
181612,materials_hvac,placeholder,"Radiant floor heating, valve, motorized straight zone valve with operator complete, 1""",,,1072.26,30.73,0.0
181613,materials_hvac,placeholder,"Radiant floor heating, valve, motorized straight zone valve with operator complete, 1-1/4""",,,35.38,36.34,0.0
181614,materials_hvac,placeholder,"Radiant floor heating, valve, mixing valve, manual, brass, 4 way, 1""",,,1386.18,459.55,0.0
181615,materials_hvac,placeholder,"Radiant floor heating, valve, mixing valve, manual, brass, 4 way, 1-1/4""",,,1195.2,108.46,0.0
181616,materials_hvac,placeholder,"Radiant floor heating, valve, mixing valve, manual, brass, 4 way, 1-1/2""",,,1191.1,500.57,0.0
181617,materials_hvac,placeholder,"Radiant floor heating, valve, mixing valve, manual, brass, 4 way, 2""",,,2185.58,301.14,0.0
181618,materials_hvac,placeholder,"Radiant floor heating, mixing valve motor, 4 way, for valves 1"" and 1-1/4""",,,1434.14,85.69,0.0
181619,materials_hvac,placeholder,"Radiant floor heating, mixing valve motor, 4 way, for valves 1-1/2"" and 2""",,,135.52,89.92,0.0
181620,materials_hvac,placeholder,"Radiant floor heating, 4 zone actuator valve control, expandable",,,813.1,217.81,0.0
181621,materials_hvac,placeholder,"Radiant floor heating, 6 zone actuator valve control, expandable",,,186.55,313.79,0.0
181622,materials_hvac,placeholder,"Radiant floor heating, PEX tubing fittings, compression coupling, 1/2"" x 1/2""",,,33.54,30.81,0.0
181623,materials_hvac,placeholder,"Radiant floor heating, PEX tubing fittings, compression coupling, 3/4"" x 3/4""",,,41.71,68.44,0.0
181624,materials_hvac,placeholder,"Radiant floor heating, PEX tubing fittings, compression type, adapter, 1/2"" x female sweat 1/2""",,,25.48,8.09,0.0
181625,materials_hvac,placeholder,"Radiant floor heating, PEX tubing fittings, compression type, adapter, 1/2"" x female sweat 3/4""",,,3.21,80.35,0.0
181626,materials_hvac,placeholder,"Radiant floor heating, PEX tubing fittings, compression type, adapter, 5/8"" x female sweat 3/4""",,,27.93,106.23,0.0
181627,materials_hvac,placeholder,"Radiant floor heating, PEX tubing fittings, compression type, elbow, 1/2"" x female sweat 1/2""",,,0.9,90.9,0.0
181628,materials_hvac,placeholder,"Radiant floor heating, PEX tubing fittings, compression type, elbow, 1/2"" x female sweat 3/4""",,,15.96,114.75,0.0
181629,materials_hvac,placeholder,"Radiant floor heating, PEX tubing fittings, compression type, elbow, 5/8"" x female sweat 3/4""",,,36.46,48.63,0.0
181630,materials_hvac,placeholder,"Electric heating, heat trace system, 400 degree, 115 V, 2.5 watts per LF",,,27.51,5.66,0.0
181631,materials_hvac,placeholder,"Electric heating, heat trace system, 400 degree, 115 V, 10 watts per LF",,,56.2,4.71,0.0
181632,materials_hvac,placeholder,"Electric heating, heat trace system, 400 degree, 208 V, 5 watts per LF",,,31.63,0.3,0.0
181633,materials_hvac,placeholder,"Electric heating, heat trace system, 400 degree, 480 V, 8 watts per LF",,,42.77,3.8,0.0
181634,materials_hvac,placeholder,"Electric heating, radiant heating, ceiling panel, 500 watt, 2' x 4'",,,931.48,80.02,0.0
181635,materials_hvac,placeholder,"Electric heating, radiant heating, ceiling panel, 750 watt, 2' x 4'",,,2708.12,14.49,0.0
181636,materials_hvac,placeholder,"Solar collector component, solar energy system/package prices, hot water, standard package, low temperature, 1 collector, circulator, fittings, 65 gal tank, excl. connecting pipe, insulation, or special heating/plumbing fixtures",,,4411.5,4118.25,0.0
181637,materials_hvac,placeholder,"Solar collector component, solar energy system/package prices, hot water, standard package, low temperature, 2 collectors, circulator, fittings, 100 gal tank, excl. connecting pipe, insulation, or special heating/plumbing fixtures",,,19577.8,4489.27,0.0
181638,materials_hvac,placeholder,"Solar collector component, solar energy system/package prices, hot water, standard package, low temperature, 2 collectors, circulator, fittings, 120 gal tank, excl. connecting pipe, insulation, or special heating/plumbing fixtures",,,5202.0,5433.9,0.0
181639,materials_hvac,placeholder,"Solar collector component, solar energy system/package prices, hot water, standard package, low temperature, 3 collectors, circulator, fittings, 120 gal tank, excl. connecting pipe, insulation, or special heating/plumbing fixtures",,,11607.6,13906.95,0.0
181640,materials_hvac,placeholder,"Solar collector component, solar energy system/package prices, hot water, standard package, medium temperature, 1 collector, circulator, fittings, 80 gal tank, excl. connecting pipe, insulation, or special heating/plumbing fixtures",,,29160.0,6343.62,0.0
181641,materials_hvac,placeholder,"Solar collector component, solar energy system/package prices, hot water, standard package, medium temperature, 2 collectors, circulator, fittings, 120 gal tank, excl. connecting pipe, insulation, or special heating/plumbing fixtures",,,41367.07,11431.25,0.0
181642,materials_hvac,placeholder,"Solar collector component, solar energy system/package prices, hot water, standard package, medium temperature, 3 collectors, circulator, fittings, 120 gal tank, excl. connecting pipe, insulation, or special heating/plumbing fixtures",,,20238.4,14820.4,0.0
181643,materials_hvac,placeholder,"Solar collector components, evacuated tube solar collector, 20 tube unit, excludes labor",,,9662.4,0.0,0.0
181644,materials_hvac,placeholder,"Solar heating components, circulators, air, blowers, 100-300 SF system 1/10 HP",,,1409.31,130.06,0.0
181645,materials_hvac,placeholder,"Solar heating components, circulators, air, blowers, 300-500 SF system 1/5 HP",,,2029.86,86.75,0.0
181646,materials_hvac,placeholder,"Solar heating components, circulators, air, booster fan, 120 CFM, 6"" dia",,,185.59,184.26,0.0
181647,materials_hvac,placeholder,"Solar heating components, circulators, air, booster fan, 225 CFM, 6"" dia",,,72.41,307.95,0.0
181648,materials_hvac,placeholder,"Solar heating components, circulators, air, booster fan, 150 CFM, 8"" dia",,,34.01,196.98,0.0
181649,materials_hvac,placeholder,"Solar heating components, circulators, air, booster fan, 310 CFM, 8"" dia",,,61.35,390.79,0.0
181650,materials_hvac,placeholder,"Solar heating components, circulators, air, booster fan, 425 CFM, 8"" dia",,,13.85,51.34,0.0
181651,materials_hvac,placeholder,"Solar heating components, circulators, liquid, 1/25 HP, 5.3 GPM",,,665.26,306.82,0.0
181652,materials_hvac,placeholder,"Solar heating components, circulators, liquid, 1/20 HP, 17 GPM",,,203.4,130.41,0.0
181653,materials_hvac,placeholder,"Solar heating components, circulators, liquid, stainless steel, 1/20 HP, 17 GPM",,,172.02,136.82,0.0
181654,materials_hvac,placeholder,"Solar heating components, circulators, liquid, 1/12 HP, 30 GPM",,,142.34,411.11,0.0
181655,materials_hvac,placeholder,"Solar heating components, collector panels, air with aluminum absorber plate, wall or roof mount, flat black, plastic glazing, 4' x 8'",,,908.0,516.08,0.0
181656,materials_hvac,placeholder,"Solar heating components, collector panels, air with aluminum absorber plate, wall or roof mount, flat black, plastic glazing, 4' x 10'",,,3095.82,560.36,0.0
181657,materials_hvac,placeholder,"Solar heating components, collector panels, liquid with copper absorber plate, black chrome, tempered glass glazing, aluminum frame, 5/32"" single glazing, 4' x 8'",,,1558.2,251.72,0.0
181658,materials_hvac,placeholder,"Solar heating components, collector panels, liquid with copper absorber plate, black chrome, tempered glass glazing, aluminum frame, 5/32"" single glazing, 3'-8"" x 6'",,,4097.28,150.91,0.0
181659,materials_hvac,placeholder,"Solar heating components, collector panels, liquid with copper absorber plate, black chrome, tempered glass glazing, aluminum frame, 5/32"" single glazing, 4' x 10'",,,4274.2,908.56,0.0
181660,materials_hvac,placeholder,"Solar heating components, collector panels, liquid with copper absorber plate, flat black, tempered glass glazing, aluminum frame, 3.5' x 7.5'",,,3431.84,213.66,0.0
181661,materials_hvac,placeholder,"Solar heating components, collector panels, liquid with vacuum tubes, 4' x 6'10""",,,2673.0,508.41,0.0
181662,materials_hvac,placeholder,"Solar heating components, collector panels, mounting, flat roof or ground rack",,,1288.98,596.57,0.0
181663,materials_hvac,placeholder,"Solar heating components, sensors, freeze prevention",,,151.98,71.77,0.0
181664,materials_hvac,placeholder,"Solar heating components, circulators, air, rheostat",,,47.47,57.42,0.0
181665,materials_hvac,placeholder,"Solar heating components, differential controller, with 2 sensors, thermostat, hard wired",,,76.38,127.1,0.0
181666,materials_hvac,placeholder,"Solar heating components, thermometers, stem, 2"" dial, 9"" stem",,,111.41,198.28,0.0
181667,materials_hvac,placeholder,"Solar heating components, solar control valves & vents, hydronic controller (aquastat)",,,775.37,235.42,0.0
181668,materials_hvac,placeholder,"Solar heating components, solar control valves & vents, pressure gauge, 2"" dial",,,99.03,64.35,0.0
181669,materials_hvac,placeholder,"Solar heating components, heat exchanger, fluid to air cool, up flow, 45 MBH, incl. coil, blower, circulator & controller for DHW & space hot air",,,1432.47,117.22,0.0
181670,materials_hvac,placeholder,"Solar heating components, heat exchanger, fluid to air cool, up flow, 70 MBH, incl. coil, blower, circulator & controller for DHW & space hot air",,,582.56,103.02,0.0
181671,materials_hvac,placeholder,"Solar heating components, heat exchanger, fluid to air cool, up flow, 80 MBH, incl. coil, blower, circulator & controller for DHW & space hot air",,,2234.7,1440.96,0.0
181672,materials_hvac,placeholder,"Solar heating components, heat exchanger, fluid to fluid package, incl. 2 circulating pumps, expansion tank, check valve, relief valve, controller, high temperature cutoff & sensors",,,3611.79,1080.62,0.0
181673,materials_hvac,placeholder,"Solar heating components, heat transfer liquid, propylene glycol, inhibited anti-freeze",,,97.99,61.52,0.0
181674,materials_hvac,placeholder,"Solar heating components, solar storage tanks, knocked down, air, galvanized steel clad, double wall, 4"" fiberglass insulation, 45 mil reinforced polypropylene lining, 4' high, 4' x 4' = 64 C.F./450 gallons",,,13785.32,408.69,0.0
181675,materials_hvac,placeholder,"Solar heating components, solar storage tanks, knocked down, air, galvanized steel clad, double wall, 4"" fiberglass insulation, 45 mil reinforced polypropylene lining, 4' high, 4' x 8' = 128 C.F./900 gallons",,,3657.45,2967.44,0.0
181676,materials_hvac,placeholder,"Solar heating components, solar storage tanks, knocked down, air, galvanized steel clad, double wall, 4"" fiberglass insulation, 45 mil reinforced polypropylene lining, 4' high, 4' x 12' = 190 C.F./1,300 gallons",,,18341.05,1346.4,0.0
181677,materials_hvac,placeholder,"Solar heating components, solar storage tanks, knocked down, air, galvanized steel clad, double wall, 4"" fiberglass insulation, 45 mil reinforced polypropylene lining, 4' high, 8' x 8' = 250 C.F./1,700 gallons",,,20776.8,3009.55,0.0
181678,materials_hvac,placeholder,"Solar heating components, solar storage tanks, knocked down, air, galvanized steel clad, double wall, 4"" fiberglass insulation, 45 mil reinforced polypropylene lining, 6'-3"" high, 7' x 7' = 306 C.F./2,000 gallons",,,49766.4,2516.35,0.0
181679,materials_hvac,placeholder,"Solar heating components, solar storage tanks, knocked down, air, galvanized steel clad, double wall, 4"" fiberglass insulation, 45 mil reinforced polypropylene lining, 6'-3"" high, 7' x 10'-6"" = 459 C.F./3,000 gallons",,,81547.4,1070.22,0.0
181680,materials_hvac,placeholder,"Solar heating components, solar storage tanks, knocked down, air, galvanized steel clad, double wall, 4"" fiberglass insulation, 45 mil reinforced polypropylene lining, 6'-3"" high, 7' x 14' = 613 C.F./4,000 gallons",,,125827.2,4507.12,0.0
181681,materials_hvac,placeholder,"Solar heating components, solar storage tanks, knocked down, air, galvanized steel clad, double wall, 4"" fiberglass insulation, 45 mil reinforced polypropylene lining, 6'-3"" high, 10'-6"" x 10'-6"" = 689 C.F./4,500 gallons",,,72430.6,8509.35,0.0
181682,materials_hvac,placeholder,"Solar heating components, solar storage tanks, knocked down, air, galvanized steel clad, double wall, 4"" fiberglass insulation, 45 mil reinforced polypropylene lining, 6'-3"" high, 10'-6"" x 14' = 919 C.F./6,000 gallons",,,90560.0,20923.9,0.0
181683,materials_hvac,placeholder,"Solar heating components, solar storage tanks, knocked down, air, galvanized steel clad, double wall, 4"" fiberglass insulation, 45 mil reinforced polypropylene lining, 6'-3"" high, 14' x 14' = 1225 C.F./8,000 gallons",,,162713.2,17266.6,0.0
181684,materials_hvac,placeholder,"Solar heating components, solar storage tanks, knocked down, air, galvanized steel clad, double wall, 4"" fiberglass insulation, 45 mil reinforced polypropylene lining, 6'-3"" high, 14' x 17'-6"" = 1531 C.F./10,000 gallons",,,102699.6,7876.62,0.0
181685,materials_hvac,placeholder,"Solar heating components, solar storage tanks, knocked down, air, galvanized steel clad, double wall, 4"" fiberglass insulation, 45 mil reinforced polypropylene lining, 6'-3"" high, 17'-6"" x 17'-6"" = 1914 C.F./12,500 gallons",,,150237.5,5124.0,0.0
181686,materials_hvac,placeholder,"Solar heating components, solar storage tanks, knocked down, air, galvanized steel clad, double wall, 4"" fiberglass insulation, 45 mil reinforced polypropylene lining, 6'-3"" high, 17'-6"" x 21' = 2297 C.F./15,000 gallons",,,5557.8,45417.6,0.0
181687,materials_hvac,placeholder,"Solar heating components, solar storage tanks, knocked down, air, galvanized steel clad, double wall, 4"" fiberglass insulation, 45 mil reinforced polypropylene lining, 6'-3"" high, 21' x 21' = 2756 C.F./18,000 gallons",,,154878.0,4305.3,0.0
181688,materials_hvac,placeholder,"Solar heating components, water storage tank, with heat exchanger & electric element, 66 gal with 2"" x 2 lb density insulation",,,10185.0,1182.03,0.0
181689,materials_hvac,placeholder,"Solar heating components, water storage tank, with heat exchanger & electric element, 80 gal with 2"" x 2 lb density insulation",,,5869.5,448.54,0.0
181690,materials_hvac,placeholder,"Solar heating components, water storage tank, with heat exchanger & electric element, 100 gal with 2"" x 1/2 lb density insulation",,,2330.7,1008.48,0.0
181691,materials_hvac,placeholder,"Solar heating components, water storage tank, with heat exchanger & electric element, 120 gal with 2"" x 2 lb density insulation",,,1494.45,1061.26,0.0
181692,materials_hvac,placeholder,"Insulation, domestic water heater wrap kit, with vinyl jacket, 1-1/2"" thick, 20-60 gal.",,,9.63,142.19,0.0
181693,materials_hvac,placeholder,"Insulation, water heater, insulated wrap, fiberglass, 50 to 80 gal., R-5",,,21.0,217.79,0.0
181694,materials_hvac,placeholder,"Solar heating components, solar control valves & vents, air purger, 1"" pipe size",,,125.23,142.3,0.0
181695,materials_hvac,placeholder,"Solar heating components, solar control valves & vents, air eliminator, automatic, 3/4"" size",,,113.08,92.78,0.0
181696,materials_hvac,placeholder,"Solar heating components, solar control valves & vents, air vent, automatic, 1/8"" fitting",,,15.9,62.48,0.0
181697,materials_hvac,placeholder,"Solar heating components, solar control valves & vents, air vent, manual, 1/8"" NPT",,,7.56,50.68,0.0
181698,materials_hvac,placeholder,"Solar heating components, solar control valves & vents, backflow preventer, 1/2"" pipe size",,,102.38,147.97,0.0
181699,materials_hvac,placeholder,"Solar heating components, solar control valves & vents, check valve, 3/4"" pipe size",,,66.52,165.8,0.0
181700,materials_hvac,placeholder,"Solar heating components, solar control valves & vents, balancing valve, 3/4"" pipe size",,,301.4,123.82,0.0
181701,materials_hvac,placeholder,"Solar heating components, solar control valves & vents, draindown valve, 1/2"" copper tube",,,191.5,226.01,0.0
181702,materials_hvac,placeholder,"Solar heating components, solar control valves & vents, flow control valve, 1/2"" pipe size",,,347.94,35.97,0.0
181703,materials_hvac,placeholder,"Solar heating components, solar control valves & vents, expansion tank, up to 5 gal",,,339.43,12.36,0.0
181704,materials_hvac,placeholder,"Solar heating components, solar control valves & vents, relief valve, temperature & pressure, 3/4"" pipe size",,,88.82,101.64,0.0
181705,materials_hvac,placeholder,"Solar heating components, solar control valves & vents, solenoid valve, normally closed, brass, 24V, 3/4"" NPT",,,574.46,99.5,0.0
181706,materials_hvac,placeholder,"Solar heating components, solar control valves & vents, solenoid valve, normally closed, brass, 24V, 1"" NPT",,,1270.4,192.14,0.0
181707,materials_hvac,placeholder,"Solar heating components, solar control valves & vents, vacuum relief valve, 3/4"" pipe size",,,13.25,30.77,0.0
181708,materials_hvac,placeholder,MUZ-FH06NAH (heating capacity in kW),TORONTO,ONTARIO,9724.65,393.11,0.0
181709,materials_hvac,placeholder,MUZ-FH09NAH-1  (heating capacity in kW),TORONTO,ONTARIO,4845.36,2179.89,0.0
181710,materials_hvac,placeholder,MUZ-FH12NAH  (heating capacity in kW),TORONTO,ONTARIO,2622.81,4306.95,0.0
181711,materials_hvac,placeholder,MUZ-FH15NAH  (heating capacity in kW),TORONTO,ONTARIO,12099.76,3256.62,0.0
181712,materials_hvac,placeholder,MUZ-FH18NAH2  (heating capacity in kW),TORONTO,ONTARIO,11343.26,2232.71,0.0
181713,materials_hvac,placeholder,MXZ-2C20NAHZ2-U1  (heating capacity in kW),TORONTO,ONTARIO,7796.33,860.37,0.0
181714,materials_hvac,placeholder,MXZ-3C24NAHZ2-U1  (heating capacity in kW),TORONTO,ONTARIO,17169.96,1773.57,0.0
181715,materials_hvac,placeholder,MXZ-3C30NAHZ2-U1  (heating capacity in kW),TORONTO,ONTARIO,21421.83,245.82,0.0
181716,materials_hvac,placeholder,MXZ-4C36NAHZ-U1  (heating capacity in kW),TORONTO,ONTARIO,1964.7,1859.91,0.0
181717,materials_hvac,placeholder,MXZ-5C42NAHZ-U1  (heating capacity in kW),TORONTO,ONTARIO,15438.3,1545.02,0.0
181718,materials_hvac,placeholder,MXZ-8C48NAHZ  (heating capacity in kW),TORONTO,ONTARIO,3576.17,620.65,0.0
181719,materials_hvac,placeholder,PUHY-HP72TJMU-A  (heating capacity in kW),TORONTO,ONTARIO,18526.58,470.31,0.0
181720,materials_hvac,placeholder,PUHY-HP96TJMU-A  (heating capacity in kW),TORONTO,ONTARIO,87666.77,2858.43,0.0
181721,materials_hvac,placeholder,PUHY-HP144TSJMU-A  (heating capacity in kW),TORONTO,ONTARIO,25136.84,3238.34,0.0
181722,materials_hvac,placeholder,PUHY-HP192TSJMU-A  (heating capacity in kW),TORONTO,ONTARIO,163368.55,179.79,0.0
181723,materials_hvac,placeholder,remote condensor ,TORONTO,ONTARIO,6952.0,1098.77,0.0
181724,materials_hvac,placeholder,daikin 1.75 ton,TORONTO,ONTARIO,1473.78,1813.56,0.0
181725,materials_hvac,placeholder,daikin 2.25 ton,TORONTO,ONTARIO,1016.4,1326.73,0.0
181726,materials_hvac,placeholder,daikin 3 ton,TORONTO,ONTARIO,215.76,1927.54,0.0
181727,materials_hvac,placeholder,daikin 3.5 ton,TORONTO,ONTARIO,431.66,83.59,0.0
181728,materials_hvac,placeholder,daikin 4.5 ton,TORONTO,ONTARIO,416.89,398.17,0.0
181729,materials_hvac,placeholder,daikin 5 ton,TORONTO,ONTARIO,538.75,1307.48,0.0
181730,materials_hvac,placeholder,daikin 7 ton,TORONTO,ONTARIO,1905.07,2074.45,0.0
181731,materials_hvac,placeholder,daikin 9 ton,TORONTO,ONTARIO,2029.85,1034.44,0.0
181732,materials_hvac,placeholder,daikin 10 ton,TORONTO,ONTARIO,2141.86,2309.5,0.0
181733,materials_hvac,placeholder,daikin 12 ton,TORONTO,ONTARIO,513.43,983.78,0.0
181734,materials_hvac,placeholder,daikin 16 ton,TORONTO,ONTARIO,328.92,163.12,0.0
181735,materials_hvac,placeholder,low temperature kit 7.5-20 ton units (daikin),TORONTO,ONTARIO,999.38,136.49,0.0
181736,materials_hvac,placeholder,"Pipe, sub assemblies used in assembly systems, refrigerant piping, per ton of cooling, for remote condensers",,,387.5,2525.63,0.0
181737,materials_hvac,placeholder,"Condensing furnaces, oil fired, packaged, high efficiency, 95 % A.F.U.E., output 49 MBH @ 1,000 CFM, upflow, includes standard controls",,,28139.72,822.12,0.0
181738,materials_hvac,placeholder,"Condensing furnaces, oil fired, packaged, high efficiency, 95 % A.F.U.E., output 73.5 MBH @ 2,000 CFM, upflow, includes standard controls",,,39764.98,1139.2,0.0
181739,materials_hvac,placeholder,"Condensing furnaces, oil fired, packaged, high efficiency, 95 % A.F.U.E., output 96 MBH @ 2,000 CFM, upflow, includes standard controls",,,4835.38,1348.71,0.0
181740,materials_hvac,placeholder,"Condensing furnaces, oil fired, packaged, high efficiency, 95 % A.F.U.E., output 115.6 MBH @ 2,000 CFM, upflow, includes standard controls",,,13175.2,788.59,0.0
181741,materials_hvac,placeholder,"Condensing furnaces, oil fired, packaged, high efficiency, 95 % A.F.U.E., output 147 MBH @ 2,000 CFM, upflow, includes standard controls",,,18001.8,809.37,0.0
181742,materials_hvac,placeholder,"Condensing furnaces, oil fired, packaged, high efficiency, 95 % A.F.U.E., output 192 MBH @ 4,000 CFM, upflow, includes standard controls",,,65557.6,1013.32,0.0
181743,materials_hvac,placeholder,"Condensing furnaces, oil fired, packaged, high efficiency, 95 % A.F.U.E., output 231.5 MBH @ 4,000 CFM, upflow, includes standard controls",,,4040.6,1217.2,0.0
181744,materials_hvac,placeholder,"Control component, carbon monoxide detector system, sensor",,,503.93,407.59,0.0
181745,materials_hvac,placeholder,"Control component, controller for VAV box, includes actuator",,,598.8,74.97,0.0
181746,materials_hvac,placeholder,"Control component, controller, receiver, electric, humidity controller",,,2472.8,372.9,0.0
181747,materials_hvac,placeholder,"Control component, enthalpy control, boiler water temperature control governed by outdoor temperature, with timer",,,341.88,760.51,0.0
181748,materials_hvac,placeholder,"Control component, humidistat, pneumatic operation, room humidistat, direct acting",,,469.09,92.16,0.0
181749,materials_hvac,placeholder,"Control component, humidistat, pneumatic operation, room humidity transmitter",,,188.4,190.57,0.0
181750,materials_hvac,placeholder,"Control component, humidistat, pneumatic operation, duct mounted controller",,,450.8,129.92,0.0
181751,materials_hvac,placeholder,"Control component, humidistat, pneumatic operation, duct mounted transmitter",,,2184.61,19.14,0.0
181752,materials_hvac,placeholder,"Control component, sensor, electric operated, humidity",,,580.53,73.36,0.0
181753,materials_hvac,placeholder,"Control component, sensor, electric operated, pressure",,,991.85,304.35,0.0
181754,materials_hvac,placeholder,"Control component, sensor, electric operated, temperature",,,792.88,40.99,0.0
181755,materials_hvac,placeholder,"Ductwork, rigid plastic, corrosive fume resistant PVC, straight, 6"" diameter",,,6.19,17.39,0.0
181756,materials_hvac,placeholder,"Ductwork, rigid plastic, corrosive fume resistant PVC, coupling, 6"" diameter",,,218.4,29.15,0.0
181757,materials_hvac,placeholder,"Ductwork, rigid plastic, corrosive fume resistant PVC, elbow, 90 Deg., 6"" diameter",,,396.78,51.25,0.0
181758,materials_hvac,placeholder,power vent (1/8 hp) fan for water heater excludes exhaust piping (fan assembly only) ,TORONTO,ONTARIO,941.29,165.36,0.0
181759,materials_hvac,placeholder,power vent (1/2 hp) fan for water heater excludes exhaust piping (fan assembly only) ,TORONTO,ONTARIO,2187.51,255.7,0.0
031760,materials_hvac,placeholder,"Excavating, trench or continuous footing, common earth, 1/2 C.Y. excavator, 1' to 4' deep, excludes sheeting or dewatering",,,0.0,9.31,0.78
031761,materials_hvac,placeholder,"Excavating, trench or continuous footing, common earth, 3/4 C.Y. excavator, 1' to 4' deep, excludes sheeting or dewatering",,,0.0,17.58,10.25
031762,materials_hvac,placeholder,"Excavating, trench or continuous footing, common earth, 1/2 C.Y. excavator, 4' to 6' deep, excludes sheeting or dewatering",,,0.0,2.66,1.23
031763,materials_hvac,placeholder,"Excavating, trench or continuous footing, common earth, 3/4 C.Y. excavator, 4' to 6' deep, excavator, excludes sheeting or dewatering",,,0.0,12.11,13.15
031764,materials_hvac,placeholder,"Excavating, trench or continuous footing, common earth, 1 C.Y. excavator, 4' to 6' deep, excludes sheeting or dewatering",,,0.0,9.98,12.85
031765,materials_hvac,placeholder,"Excavating, trench or continuous footing, common earth, 1-1/2 C.Y. excavator, 4' to 6' deep, excludes sheeting or dewatering",,,0.0,0.4,10.63
031766,materials_hvac,placeholder,"Excavating, trench or continuous footing, common earth, 3/4 C.Y. excavator, 6' to 10' deep, excludes sheeting or dewatering",,,0.0,22.9,19.57
031767,materials_hvac,placeholder,"Excavating, trench or continuous footing, common earth, 1 C.Y. excavator, 6' to 10' deep, excludes sheeting or dewatering",,,0.0,7.61,2.21
031768,materials_hvac,placeholder,"Excavating, trench or continuous footing, common earth, 1-1/2 C.Y. excavator, 6' to 10' deep, excludes sheeting or dewatering",,,0.0,4.59,3.71
031769,materials_hvac,placeholder,"Excavating, trench or continuous footing, common earth, 2-1/2 C.Y. excavator, 6' to 10' deep, excludes sheeting or dewatering",,,0.0,5.21,8.06
031770,materials_hvac,placeholder,"Excavating, trench or continuous footing, common earth, 3/4 C.Y. excavator, 10' to 14' deep, excludes sheeting or dewatering",,,0.0,23.13,17.61
031771,materials_hvac,placeholder,"Excavating, trench or continuous footing, common earth, 1 C.Y. excavator, 10' to 14' deep, excludes sheeting or dewatering",,,0.0,13.41,6.38
031772,materials_hvac,placeholder,"Excavating, trench or continuous footing, common earth, 1-1/2 C.Y. excavator, 10' to 14' deep, excludes sheeting or dewatering",,,0.0,3.35,7.53
031773,materials_hvac,placeholder,"Excavating, trench or continuous footing, common earth, 2-1/2 C.Y. excavator, 10' to 14' deep, excludes sheeting or dewatering",,,0.0,3.51,9.67
031774,materials_hvac,placeholder,"Excavating, trench or continuous footing, common earth, 3 C.Y. excavator, 10' to 14' deep, excludes sheeting or dewatering",,,0.0,0.53,4.98
031775,materials_hvac,placeholder,"Excavating, trench or continuous footing, common earth, 1 C.Y. excavator, 14' to 20' deep, excludes sheeting or dewatering",,,0.0,3.19,6.46
031776,materials_hvac,placeholder,"Excavating, trench or continuous footing, common earth, 1-1/2 C.Y. excavator, 14' to 20' deep, excludes sheeting or dewatering",,,0.0,5.05,10.92
031777,materials_hvac,placeholder,"Excavating, trench or continuous footing, common earth, 2-1/2 C.Y. excavator, 14' to 20' deep, excludes sheeting or dewatering",,,0.0,1.04,12.88
031778,materials_hvac,placeholder,"Excavating, trench or continuous footing, common earth, 3 C.Y. excavator, 14' to 20' deep, excludes sheeting or dewatering",,,0.0,1.55,11.86
031779,materials_hvac,placeholder,"Excavating, trench or continuous footing, common earth, 3-1/2 C.Y. excavator, 14' to 20' deep, excludes sheeting or dewatering",,,0.0,1.7,7.96
031780,materials_hvac,placeholder,"Backfill, trench, up to 300' haul, dozer backfilling, excludes compaction",,,0.0,1.71,5.39
031781,materials_hvac,placeholder,"Compaction, around structures and trenches, 2 passes, 18"" wide, 6"" lifts, walk behind, vibrating plate",,,0.0,4.09,1.63
031782,materials_hvac,placeholder,"Compaction, around structures and trenches, 3 passes, 18"" wide, 6"" lifts, walk behind, vibrating plate",,,0.0,0.87,0.65
031783,materials_hvac,placeholder,"Compaction, around structures and trenches, 4 passes, 18"" wide, 6"" lifts, walk behind, vibrating plate",,,0.0,10.96,1.49
191784,materials_hvac,placeholder,"Grounding rod, copper clad, 10' long, 3/4"" diameter",,,105.56,737.72,0.0
191785,materials_hvac,placeholder,"Ground wire, copper wire, bare solid, #14",,,27.52,99.47,0.0
191786,materials_hvac,placeholder,"Ground wire, copper wire, bare solid, #12",,,57.35,177.6,0.0
191787,materials_hvac,placeholder,"Ground wire, copper wire, bare solid, #10",,,16.44,73.72,0.0
191788,materials_hvac,placeholder,"Ground wire, copper wire, bare solid, #8",,,275.05,194.44,0.0
191789,materials_hvac,placeholder,"Ground wire, copper wire, bare solid, #6",,,96.62,245.23,0.0
191790,materials_hvac,placeholder,"Ground wire, copper wire, bare solid, #4",,,240.29,135.97,0.0
191791,materials_hvac,placeholder,"Ground wire, copper wire, bare solid, #2",,,584.15,316.02,0.0
191792,materials_hvac,placeholder,"Ground wire, copper wire, bare stranded, #8",,,58.85,70.44,0.0
191793,materials_hvac,placeholder,"Ground wire, copper wire, bare stranded, #6",,,366.03,183.88,0.0
191794,materials_hvac,placeholder,"Ground wire, copper wire, bare stranded, #4",,,20.71,401.53,0.0
191795,materials_hvac,placeholder,"Ground wire, copper wire, bare stranded, #2",,,178.91,22.91,0.0
191796,materials_hvac,placeholder,"Ground wire, copper wire, bare stranded, #1",,,924.54,113.68,0.0
191797,materials_hvac,placeholder,"Ground wire, copper wire, bare stranded, 1/0",,,1044.27,132.61,0.0
191798,materials_hvac,placeholder,"Ground wire, copper wire, bare stranded, 2/0",,,753.08,189.66,0.0
191799,materials_hvac,placeholder,"Ground wire, copper wire, bare stranded, 3/0",,,748.41,348.19,0.0
191800,materials_hvac,placeholder,"Ground wire, copper wire, bare stranded, 4/0",,,2243.86,1014.61,0.0
191801,materials_hvac,placeholder,"Exothermic weld, 4/0 wire to 1"" ground rod",,,7.77,302.23,0.0
191802,materials_hvac,placeholder,"Grounding connection, brazed, #6 wire",,,13.39,240.64,0.0
191803,materials_hvac,placeholder,"Grounding connection, brazed, #2 wire",,,76.05,112.75,0.0
191804,materials_hvac,placeholder,"Grounding connection, brazed, 3/0 wire",,,5.47,416.24,0.0
191805,materials_hvac,placeholder,"Grounding connection, brazed, 4/0 wire",,,41.36,323.4,0.0
191806,materials_hvac,placeholder,"Transformer, dry-type, single phase 240/480 V primary 120/240 V secondary, 1 kVA",,,2949.02,183.89,0.0
191807,materials_hvac,placeholder,"Transformer, dry-type, single phase 240/480 V primary 120/240 V secondary, 2 kVA",,,2382.75,1880.39,0.0
191808,materials_hvac,placeholder,"Transformer, dry-type, single phase 240/480 V primary 120/240 V secondary, 3 kVA",,,1854.12,2029.09,0.0
191809,materials_hvac,placeholder,"Transformer, dry-type, single phase 240/480 V primary 120/240 V secondary, 5 kVA",,,8432.2,655.5,0.0
191810,materials_hvac,placeholder,"Transformer, dry-type, single phase 240/480 V primary 120/240 V secondary, 7.5 kVA",,,6170.9,1615.0,0.0
191811,materials_hvac,placeholder,"Transformer, dry-type, single phase 240/480 V primary 120/240 V secondary, 10 kVA",,,2297.6,1062.96,0.0
191812,materials_hvac,placeholder,"Transformer, dry-type, single phase 240/480 V primary 120/240 V secondary, 15 kVA",,,798.0,1316.75,0.0
191813,materials_hvac,placeholder,"Transformer, dry-type, single phase 240/480 V primary 120/240 V secondary, 25 kVA",,,830.4,6085.75,0.0
191814,materials_hvac,placeholder,"Transformer, dry-type, single phase 240/480 V primary 120/240 V secondary, 37.5 kVA",,,29687.02,1226.47,0.0
191815,materials_hvac,placeholder,"Transformer, dry-type, single phase 240/480 V primary 120/240 V secondary, 50 kVA",,,30581.5,8624.83,0.0
191816,materials_hvac,placeholder,"Transformer, dry-type, single phase 240/480 V primary 120/240 V secondary, 75 kVA",,,11098.45,2541.5,0.0
191817,materials_hvac,placeholder,"Transformer, dry-type, single phase 240/480 V primary 120/240 V secondary, 100 kVA",,,10965.0,8568.75,943.32
191818,materials_hvac,placeholder,"Transformer, dry-type, single phase 240/480 V primary 120/240 V secondary, 167 kVA",,,95344.2,5505.88,143.33
191819,materials_hvac,placeholder,"Fuses, high capacity, dual element, 600 V, 30 amp, class RK1",,,24.53,7.65,0.0
191820,materials_hvac,placeholder,"Fuses, high capacity, dual element, 600 V, 60 amp, class RK1",,,52.13,17.15,0.0
191821,materials_hvac,placeholder,"Fuses, high capacity, dual element, 600 V, 100 amp, class RK1",,,12.57,54.22,0.0
191822,materials_hvac,placeholder,"Fuses, high capacity, dual element, 600 V, 200 amp, class RK1",,,650.16,86.85,0.0
191823,materials_hvac,placeholder,"Fuses, high capacity, dual element, 600 V, 400 amp, class RK1",,,554.4,114.77,0.0
191824,materials_hvac,placeholder,"Fuses, high capacity, dual element, 600 V, 600 amp, class RK1",,,2346.76,78.0,0.0
191825,materials_hvac,placeholder,"Circuit breaker, 3 pole, 600 volt, 1,600 amp, enclosed (NEMA 1)",,,48993.1,3230.0,0.0
191826,materials_hvac,placeholder,"Fuses, high capacity, dual element, 250 V, 30 amp, class RK1",,,34.62,56.69,0.0
191827,materials_hvac,placeholder,"Fuses, high capacity, dual element, 250 V, 60 amp, class RK1",,,109.89,8.4,0.0
191828,materials_hvac,placeholder,"Fuses, high capacity, dual element, 250 V, 100 amp, class RK1",,,106.61,13.23,0.0
191829,materials_hvac,placeholder,"Fuses, high capacity, dual element, 250 V, 200 amp, class RK1",,,139.83,11.15,0.0
191830,materials_hvac,placeholder,"Fuses, high capacity, dual element, 250 V, 400 amp, class RK1",,,705.46,15.16,0.0
191831,materials_hvac,placeholder,"Fuses, high capacity, dual element, 250 V, 600 amp, class RK1",,,1374.4,107.47,0.0
191832,materials_hvac,placeholder,"Safety switches, general duty, 3 pole, fusible, 240 volt, 30 amp, NEMA 1",,,335.52,665.64,0.0
191833,materials_hvac,placeholder,"Safety switches, general duty, 3 pole, fusible, 240 volt, 60 amp, NEMA 1",,,696.14,1236.07,0.0
191834,materials_hvac,placeholder,"Safety switches, general duty, 3 pole, fusible, 240 volt, 100 amp, NEMA 1",,,787.64,1137.6,0.0
191835,materials_hvac,placeholder,"Safety switches, general duty, 3 pole, fusible, 240 volt, 200 amp, NEMA 1",,,1699.9,2108.87,0.0
191836,materials_hvac,placeholder,"Safety switches, general duty, 3 pole, fusible, 240 volt, 400 amp, NEMA 1",,,6451.2,906.53,0.0
191837,materials_hvac,placeholder,"Safety switches, general duty, 3 pole, fusible, 240 volt, 600 amp, NEMA 1",,,4814.4,2341.4,0.0
191838,materials_hvac,placeholder,"Fuses, dual element, time delay, 250 V, 30 amp",,,19.04,32.59,0.0
191839,materials_hvac,placeholder,"Fuses, dual element, time delay, 250 V, 50 amp",,,75.1,63.94,0.0
191840,materials_hvac,placeholder,"Fuses, dual element, time delay, 250 V, 60 amp",,,94.56,19.65,0.0
191841,materials_hvac,placeholder,"Fuses, dual element, time delay, 250 V, 100 amp",,,220.56,81.65,0.0
191842,materials_hvac,placeholder,"Fuses, dual element, time delay, 250 V, 200 amp",,,471.61,41.75,0.0
191843,materials_hvac,placeholder,"Fuses, dual element, time delay, 250 V, 400 amp",,,936.84,49.4,0.0
191844,materials_hvac,placeholder,"Fuses, dual element, time delay, 250 V, 600 amp",,,787.56,42.84,0.0
191845,materials_hvac,placeholder,"Plug fuse, dual element, 0.3 to 14 amp",,,24.29,55.11,0.0
191846,materials_hvac,placeholder,"Plug fuse, dual element, 15 to 30 amp",,,14.39,30.47,0.0
191847,materials_hvac,placeholder,Solarland 12V SLP100-12U 26.57 x 41.81 x 1.18,VANCOUVER,BRITISH COLUMBIA,622.6,208.41,0.0
191848,materials_hvac,placeholder,Solarland 12V SLP120-12U 26.57 x 48.98 x 1.38,VANCOUVER,BRITISH COLUMBIA,663.43,95.94,0.0
191849,materials_hvac,placeholder,Solarland 12V SLP175S-12 26.57 x 59.06 x 1.38,VANCOUVER,BRITISH COLUMBIA,945.94,117.19,0.0
191850,materials_hvac,placeholder,Heliene Black 60 cell 39.4 x 65.5 x 1.6 ,VANCOUVER,BRITISH COLUMBIA,598.58,224.17,0.0
191851,materials_hvac,placeholder,Panasonic Black Frame HIT 60 cell 41.5 x 62.5 x 1.6 ,VANCOUVER,BRITISH COLUMBIA,715.7,228.13,0.0
191852,materials_hvac,placeholder,LG NeON2 LG-335N1K-V5  Black/Black 40 x 66.4 x 1.57 ,VANCOUVER,BRITISH COLUMBIA,718.63,197.13,0.0
191853,materials_hvac,placeholder,Astronergy CHSM6612M Silver Mono PERC 38.98 x 76.93 x 1.57 ,VANCOUVER,BRITISH COLUMBIA,652.13,136.15,0.0
191854,materials_hvac,placeholder,Canadian Solar MC4 CS3k-320MS Black Mon PERC 39.1 x 65.9 x 1.38,VANCOUVER,BRITISH COLUMBIA,259.49,68.01,0.0
191855,materials_hvac,placeholder,Mission Solar Black Mon PERC 39.33 x 65.53 x 1.58,VANCOUVER,BRITISH COLUMBIA,470.57,73.21,0.0
191856,materials_hvac,placeholder,Hanwha Mono 39.4 x 65.7 x 1.26,KAMLOOPS,BRITISH COLUMBIA,790.03,105.74,0.0
191857,materials_hvac,placeholder,Canadian Solar CS3k-325MS Black Mon PERC 39.1 x 65.9 x 1.38,KAMLOOPS,BRITISH COLUMBIA,65.75,85.39,0.0
191858,materials_hvac,placeholder,Canadian Solar 72 Cell Maxpower 325 38.7 x 76.9 x 1.57,LONDON,ONTARIO,485.34,108.43,0.0
191859,materials_hvac,placeholder,Hanwha 72 Cell Quantum HSQ-340-72P 39.7  x 78.5 x 1.38,LONDON,ONTARIO,236.58,67.79,0.0
191860,materials_hvac,placeholder,Hanwha SF220-30-P225 37  x 65.04 x 1.97,LONDON,ONTARIO,378.29,67.38,0.0
191861,materials_hvac,placeholder,Heliene 36HD 26.6  x 58.6 x 1.6,LONDON,ONTARIO,744.63,216.54,0.0
191862,materials_hvac,placeholder,HES-160-36PV 26.6  x 58.3 x 1.38,LONDON,ONTARIO,662.67,208.89,0.0
191863,materials_hvac,placeholder,HES-265-60PV 39  x 64.6 x 1.36,LONDON,ONTARIO,347.37,96.23,0.0
191864,materials_hvac,placeholder,"Global Solar Energy PowerFlex+ flexible thin film (CIGS) for awnings, BIPV 19.4 x 81.4 x 0.12",VICTORIA,BRITISH COLUMBIA,1129.87,171.97,0.0
191865,materials_hvac,placeholder,"Powerfilm, Soltronic Semi-Flex with Sunpower cells, 21 x 44.5 x 0.08",VICTORIA,BRITISH COLUMBIA,1561.39,273.12,0.0
191866,materials_hvac,placeholder,"Go Power, GP-Flex - 100E, Flexible with Sunpower cells, 21.3 x 41.7 x 0.1",VICTORIA,BRITISH COLUMBIA,1733.67,39.42,0.0
181867,materials_hvac,placeholder,"Water chiller, reciprocating, packaged, air cooled, 20 ton cooling, includes standard controls, excludes remote air cooled condensers",,,120565.8,25989.6,0.0
181868,materials_hvac,placeholder,"Water chiller, reciprocating, packaged, air cooled, 35 ton cooling, includes standard controls, excludes remote air cooled condensers",,,10823.0,35185.5,0.0
181869,materials_hvac,placeholder,"Water chiller, reciprocating, packaged, air cooled, 45 ton cooling, includes standard controls, excludes remote air cooled condensers",,,119674.6,36656.1,0.0
181870,materials_hvac,placeholder,"Water chiller, reciprocating, packaged, air cooled, 85 ton cooling, includes standard controls, excludes remote air cooled condensers",,,248436.0,56894.4,0.0
181871,materials_hvac,placeholder,"Water chiller, reciprocating, packaged, air cooled, 95 ton cooling, includes standard controls, excludes remote air cooled condensers",,,73074.0,62593.6,0.0
181872,materials_hvac,placeholder,"Water chiller, reciprocating, multiple compressor, semi-hermetic, water cooled, 45 ton cooling, includes standard controls, excludes water tower",,,163963.8,22141.5,0.0
181873,materials_hvac,placeholder,"Packaged water chiller, scroll, liquid chiller, packaged unit with integral air cooled condenser, 10 ton cooling, includes standard controls",,,38868.5,6231.88,0.0
181874,materials_hvac,placeholder,"Packaged water chiller, scroll, liquid chiller, packaged unit with integral air cooled condenser, 35 ton cooling, includes standard controls",,,195199.9,20570.72,0.0
181875,materials_hvac,placeholder,"Packaged water chiller, scroll, liquid chiller, packaged unit with integral air cooled condenser, 45 ton cooling, includes standard controls",,,43435.0,39002.25,0.0
181876,materials_hvac,placeholder,"Packaged water chiller, scroll, liquid chiller, packaged unit with integral air cooled condenser, 70 ton cooling, includes standard controls",,,133509.5,18655.8,0.0
181877,materials_hvac,placeholder,"Packaged water chiller, scroll, liquid chiller, packaged unit with integral air cooled condenser, 100 ton cooling, includes standard controls",,,39757.5,14020.0,0.0
181878,materials_hvac,placeholder,"Packaged water chiller, scroll, liquid chiller, packaged unit with integral air cooled condenser, 110 ton cooling, includes standard controls",,,162448.0,12075.0,0.0
181879,materials_hvac,placeholder,"Packaged water chiller, scroll, liquid chiller, packaged unit with integral air cooled condenser, 130 ton cooling, includes standard controls",,,187571.0,21945.0,0.0
181880,materials_hvac,placeholder,"Packaged water chiller, scroll, liquid chiller, packaged unit with integral air cooled condenser, 170 ton cooling, includes standard controls",,,295020.0,25429.7,0.0
181881,materials_hvac,placeholder,"Packaged water chiller, scroll, liquid chiller, packaged unit with integral air cooled condenser, 210 ton cooling, includes standard controls",,,47722.5,21819.6,0.0
181882,materials_hvac,placeholder,"Packaged water chiller, scroll, liquid chiller, packaged unit with integral air cooled condenser, 250 ton cooling, includes standard controls",,,595556.0,37639.7,0.0
181883,materials_hvac,placeholder,"Packaged water chiller, scroll, liquid chiller, packaged unit with integral air cooled condenser, 275 ton cooling, includes standard controls",,,43537.5,18837.7,0.0
181884,materials_hvac,placeholder,"Packaged water chiller, scroll, liquid chiller, packaged unit with integral air cooled condenser, 300 ton cooling, includes standard controls",,,722652.5,2650.0,0.0
181885,materials_hvac,placeholder,"Packaged water chiller, scroll, liquid chiller, packaged unit with integral air cooled condenser, 330 ton cooling, includes standard controls",,,620444.0,24450.0,0.0
181886,materials_hvac,placeholder,"Packaged water chiller, scroll, liquid chiller, packaged unit with integral air cooled condenser, 390 ton cooling, includes standard controls",,,1266210.5,47836.8,0.0
191887,materials_hvac,placeholder,"Rigid galvanized steel conduit, 1-1/2"" diameter, to 10' H, incl 2 terminations, 2 elbows, 11 beam clamps, and 11 couplings per 100 LF",,,51.71,25.14,0.0
181888,materials_hvac,placeholder,Outdoor HP unit with VSD condensing fan U-72MF2U94 MF2 460V HTG 81 KBTU CLG 72 KBTU,TORONTO,ONTARIO,20702.9,1061.02,0.0
181889,materials_hvac,placeholder,Outdoor HP unit with VSD condensing fan U-96MF2U94 MF2 460V HTG 108 KBTU CLG 96 KBTU,TORONTO,ONTARIO,54619.36,2807.55,0.0
181890,materials_hvac,placeholder,Outdoor HP unit with VSD condensing fan U-120MF2U94 MF2 460V HTG 135 KBTU CLG 120 KBTU,TORONTO,ONTARIO,128034.54,2490.84,0.0
181891,materials_hvac,placeholder,Outdoor HP unit with VSD condensing fan U-144MF2U94 MF2 460V HTG 162 KBTU CLG 144 KBTU,TORONTO,ONTARIO,162131.35,848.48,0.0
181892,materials_hvac,placeholder,Outdoor HP unit with VSD condensing fan U-72ME2U94 ME2 460V HTG 81 KBTU CLG 72 KBTU,TORONTO,ONTARIO,38977.15,3106.62,0.0
181893,materials_hvac,placeholder,Outdoor HP unit with VSD condensing fan U-96ME2U94 ME2 460V HTG 108 KBTU CLG 96 KBTU,TORONTO,ONTARIO,62121.64,2767.22,0.0
181894,materials_hvac,placeholder,Outdoor HP unit with VSD condensing fan U-120ME2U94 ME2 460V HTG 135 KBTU CLG 120 KBTU,TORONTO,ONTARIO,79431.0,1286.16,0.0
181895,materials_hvac,placeholder,Outdoor HP unit with VSD condensing fan U-144ME2U94 ME2 460V HTG 162 KBTU CLG 144 KBTU,TORONTO,ONTARIO,48911.13,2112.8,0.0
181896,materials_hvac,placeholder,Outdoor HP unit with VSD condensing fan U-36LE1U6 LE 460V HTG 38.5 KBTU CLG 37 KBTU,TORONTO,ONTARIO,38864.97,1879.26,0.0
181897,materials_hvac,placeholder,Outdoor HP unit with VSD condensing fan U-52LE1U6 LE 460V HTG 55 KBTU CLG 52 KBTU,TORONTO,ONTARIO,21009.76,3544.3,0.0
181898,materials_hvac,placeholder,Wallmount cassette: 230/265/320 cfm fan S-07MK2U6 MK2 460V HTG 8.5 KBTU CLG 7.5 KBTU,TORONTO,ONTARIO,3058.83,526.73,0.0
181899,materials_hvac,placeholder,Wallmount cassette: 240/300/345 cfm fan S-09MK2U6 MK2 460V HTG 11 KBTU CLG 9.6 KBTU,TORONTO,ONTARIO,7268.4,1316.41,0.0
181900,materials_hvac,placeholder,Wallmount cassette: 240/335/395 cfm fan S-12MK2U6 MK2 460V HTG 14 KBTU CLG 12 KBTU,TORONTO,ONTARIO,6386.7,397.36,0.0
181901,materials_hvac,placeholder,Wallmount cassette: 335/441/565 cfm fan S-18MK2U6 MK2 460V HTG 20 KBTU CLG 18 KBTU,TORONTO,ONTARIO,6633.81,788.0,0.0
181902,materials_hvac,placeholder,Wallmount cassette: 406/512/635 cfm fan S-24MK2U6 MK2 460V HTG 27 KBTU CLG 25 KBTU,TORONTO,ONTARIO,4429.34,1943.11,0.0
181903,materials_hvac,placeholder,4-way cassette: 371/424/494 cfm fan S-12MY2U6 MY2 460V HTG 14 KBTU CLG 12 KBTU,TORONTO,ONTARIO,4711.89,3419.97,0.0
181904,materials_hvac,placeholder,4-way cassette: 305/345/390 cfm fan S-18MY2U6 MY2 460V HTG 21 KBTU CLG 19 KBTU,TORONTO,ONTARIO,10403.88,716.59,0.0
181905,materials_hvac,placeholder,concealed duct cassette: 212/247/283 cfm fan S-07MM2U6 MM2 460V HTG 8.5 KBTU CLG 7.5 KBTU,TORONTO,ONTARIO,5365.82,2364.83,0.0
181906,materials_hvac,placeholder,concealed duct cassette: 230/265/300 cfm fan S-09MM2U6 MM2 460V HTG 11 KBTU CLG 9.6 KBTU,TORONTO,ONTARIO,1595.99,2937.76,0.0
181907,materials_hvac,placeholder,concealed duct cassette: 247/283/318 cfm fan S-12MM2U6 MM2 460V HTG 14 KBTU CLG 12 KBTU,TORONTO,ONTARIO,2912.27,3367.04,0.0
181908,materials_hvac,placeholder,concealed duct cassette: 283/336/371 cfm fan S-15MM2U6 MM2 460V HTG 17 KBTU CLG 15 KBTU,TORONTO,ONTARIO,1869.39,2156.49,0.0
181909,materials_hvac,placeholder,concealed duct cassette: 353/406/442 cfm fan S-18MM2U6 MM2 460V HTG 21 KBTU CLG 18 KBTU,TORONTO,ONTARIO,7849.32,2667.25,0.0
181910,materials_hvac,placeholder,floor mount unit:  fan S-07MP1U6 460V HTG 9 KBTU CLG 7.5 KBTU,TORONTO,ONTARIO,8412.3,160.46,0.0
181911,materials_hvac,placeholder,floor mount unit:  fan S-09MP1U6 460V HTG 9.6 KBTU CLG 9 KBTU,TORONTO,ONTARIO,1045.51,2216.13,0.0
181912,materials_hvac,placeholder,floor mount unit:  fan S-12MP1U6 460V HTG 12 KBTU CLG 12 KBTU,TORONTO,ONTARIO,7057.17,1392.85,0.0
181913,materials_hvac,placeholder,floor mount unit:  fan S-15MP1U6 460V HTG 15 KBTU CLG 15 KBTU,TORONTO,ONTARIO,14077.44,4160.92,0.0
181914,materials_hvac,placeholder,floor mount unit:  fan S-18MP1U6 460V HTG 18 KBTU CLG 18 KBTU,TORONTO,ONTARIO,5887.78,1410.49,0.0
181915,materials_hvac,placeholder,floor mount unit:  fan S-24MP1U6 460V HTG 24 KBTU CLG 24 KBTU,TORONTO,ONTARIO,7941.0,713.23,0.0
181916,materials_hvac,placeholder,System basic controller CZ-64ESMC2Y,TORONTO,ONTARIO,1501.34,1744.01,0.0
181917,materials_hvac,placeholder,Bacnet IP Controller USPA-AC-BAC-128,TORONTO,ONTARIO,11926.2,3341.84,0.0
181918,materials_hvac,placeholder,Communication adapter CZ-CFUNC1U,TORONTO,ONTARIO,357.56,3936.61,0.0
181919,materials_hvac,placeholder,"Soleniod valve kit for 3-way (with heat recovery) CZ-P160HR2U (max 1 vrf units, size in kW)",TORONTO,ONTARIO,4283.4,3071.33,0.0
181920,materials_hvac,placeholder,Duct flange for 4 way duct connection to indoor ceiling unit CZ-160DAF2,TORONTO,ONTARIO,1100.18,2055.68,0.0
181921,materials_hvac,placeholder,"Refrigerant line sets, insulated copper supply and return tubes, 1/2"" and 3/4"" tubes, 1/2"" insulation, 10' long",,,93.52,54.13,0.0
181922,materials_hvac,placeholder,"Refrigerant line sets, insulated copper supply and return tubes, 1/2"" and 3/4"" tubes, 1/2"" insulation, 50' long",,,595.62,40.55,0.0
181923,materials_hvac,placeholder,"Soleniod valve kit for 3-way (with heat recovery) CZ-P4160HR2U (max 4 vrf units, size in kW)",TORONTO,ONTARIO,9090.54,914.01,0.0
181924,materials_hvac,placeholder,"Soleniod valve kit for 3-way (with heat recovery) CZ-P560HR2U (max 1 vrf units, size in kW)",TORONTO,ONTARIO,5310.12,287.31,0.0
181925,materials_hvac,placeholder,"Soleniod valve kit for 3-way (with heat recovery) CZ-P4560HR2U (max 4 vrf units, size in kW)",TORONTO,ONTARIO,6910.53,1326.49,0.0
181926,materials_hvac,placeholder,"Soleniod valve kit for 3-way (with heat recovery) CZ-P6560HR2U (max 6 vrf units, size in kW)",TORONTO,ONTARIO,30491.49,3512.37,0.0
181927,materials_hvac,placeholder,"Soleniod valve kit for 3-way (with heat recovery) CZ-P8560HR2U (max 8 vrf units, size in kW)",TORONTO,ONTARIO,38480.85,2105.24,0.0
191928,materials_hvac,placeholder,"Control cable, copper, THHN wire with PVC jacket, 600 V, 2 wires, #14",,,40.07,49.42,0.0
191929,materials_hvac,placeholder,"Control cable, copper, THHN wire with PVC jacket, 600 V, 3 wires, #14",,,481.54,285.18,0.0
191930,materials_hvac,placeholder,"Control cable, copper, THHN wire with PVC jacket, 600 V, 4 wires, #14",,,620.91,240.59,0.0
191931,materials_hvac,placeholder,"Control cable, copper, THHN wire with PVC jacket, 600 V, 5 wires, #14",,,155.87,198.22,0.0
181932,materials_hvac,placeholder,SyxthSense natural ventilation AHU controller,TORONTO,ONTARIO,1336.49,1032.4,0.0
181933,materials_hvac,placeholder,SyxthSense natural ventilation CO2 sensor and lead ,TORONTO,ONTARIO,5.27,1084.78,0.0
181934,materials_hvac,placeholder,SyxthSense natural ventilation USB connection and configuration kit,TORONTO,ONTARIO,682.07,112.13,0.0
181935,materials_hvac,placeholder,"Duct accessories, round damper, motor operated, 6"" diam.",,,300.19,61.42,0.0
181936,materials_hvac,placeholder,"Duct accessories, round damper, motor operated, 7"" diam.",,,803.44,114.28,0.0
181937,materials_hvac,placeholder,"Duct accessories, round damper, motor operated, 8"" diam.",,,111.98,133.38,0.0
181938,materials_hvac,placeholder,"Duct accessories, round damper, motor operated, 10"" diam.",,,637.11,65.68,0.0
181939,materials_hvac,placeholder,"Duct accessories, round damper, motor operated, 12"" diam.",,,321.2,29.94,0.0
181940,materials_hvac,placeholder,"Duct accessories, round damper, motor operated, 14"" diam.",,,527.62,70.89,0.0
181941,materials_hvac,placeholder,"Duct accessories, round damper, butterfly, volume control, 7"" diam., includes lever lock regulator",,,331.21,48.01,0.0
181942,materials_hvac,placeholder,"Duct accessories, round damper, butterfly, volume control, 9"" diam., includes lever lock regulator",,,47.5,14.27,0.0
181943,materials_hvac,placeholder,"Duct accessories, round damper, butterfly, volume control, 10"" diam., includes lever lock regulator",,,110.86,64.22,0.0
181944,materials_hvac,placeholder,"Duct accessories, round damper, butterfly, volume control, 12"" diam., includes lever lock regulator",,,244.77,180.4,0.0
181945,materials_hvac,placeholder,"Duct accessories, round damper, butterfly, volume control, 14"" diam., includes lever lock regulator",,,387.44,110.47,0.0
181946,materials_hvac,placeholder,"Duct accessories, round damper, butterfly, volume control, 16"" diam., includes lever lock regulator",,,256.81,211.48,0.0
181947,materials_hvac,placeholder,separation tube per branch controller (CZ-P68OBK1U Panasonic),TORONTO,ONTARIO,140.94,1055.15,0.0
181948,materials_hvac,placeholder,separation tube per branch controller (CZ-P68OPJ1U Panasonic),TORONTO,ONTARIO,689.1,982.28,0.0
181949,materials_hvac,placeholder,"Pipe, plastic, PEX, flexible, non-barrier type, white, hot/cold tubing rolls, 1/2"" diameter x 500 ', excludes couplings and hangers",,,1.11,0.0,0.0
181950,materials_hvac,placeholder,"Coupling, plastic, PVC, white, socket joint, 1/2"", schedule 40",,,0.28,35.2,0.0
181951,materials_hvac,placeholder,"Tee, plastic, PVC, white, socket joint, 1/2"", schedule 40",,,2.13,129.59,0.0
181952,materials_hvac,placeholder,"Refrigerant line sets, insulated copper supply and return tubes, 1/2"" and 1-1/8"" tubes, 1/2"" insulation, 10' long",,,190.39,139.57,0.0
181953,materials_hvac,placeholder,"Refrigerant line sets, insulated copper supply and return tubes, 1/2"" and 1-1/8"" tubes, 1/2"" insulation, 20' long",,,972.35,188.37,0.0
181954,materials_hvac,placeholder,"Refrigerant line sets, insulated copper supply and return tubes, 1/2"" and 1-1/8"" tubes, 1/2"" insulation, 50' long",,,1807.88,138.46,0.0
131955,materials_hvac,placeholder,"Slatwall panel, MDF, wood veneer, 4' x 8' x 3/4""",,,15.28,2.62,0.0
181956,materials_hvac,placeholder,"Louver, aluminum, extruded, with screen, mill finish, brick vent, standard, 4"" deep, 8"" wide, 5"" high",,,206.72,116.6,0.0
181957,materials_hvac,placeholder,"Pipe and mechanical roof support, pipe support, strut and hanger type, up to 8"" off roof, up to 3"" Dia",,,150.07,58.01,0.0
181958,materials_hvac,placeholder,"Ductwork, rigid plastic, corrosive fume resistant, flame retardant, polypropylene, coupling, 4"" diameter",,,175.48,75.98,0.0
311959,materials_hvac,placeholder,Ground source heat pump ground loop cost estimate per kW,NATIONAL,NATIONAL,6278.4,0.0,0.0
311960,materials_hvac,placeholder,"Buried pipe from building to ground source heat pump bore field, 50 mm or less",NATIONAL,NATIONAL,1779.4,0.0,0.0
311961,materials_hvac,placeholder,"Buried pipe from building to ground source heat pump bore field, 50 mm to 100 mm",NATIONAL,NATIONAL,3051.9,0.0,0.0
311962,materials_hvac,placeholder,"Buried pipe from building to ground source heat pump bore field, 100 mm to 150 mm",NATIONAL,NATIONAL,2622.0,0.0,0.0
311963,materials_hvac,placeholder,"Buried pipe from building to ground source heat pump bore field, 150 mm to 200 mm",NATIONAL,NATIONAL,2817.6,0.0,0.0
311964,materials_hvac,placeholder,"Buried pipe from building to ground source heat pump bore field, over 200 mm",NATIONAL,NATIONAL,2714.6,0.0,0.0
181965,materials_hvac,placeholder,"Pipe, steel, black, welded, 6"" diameter, schedule 40, Spec. A-53, includes yoke & roll hanger assembly, sized for covering, 10' OC",,,183.08,155.35,4.87
181966,materials_hvac,placeholder,"Pipe, steel, black, welded, 8"" diameter, schedule 40, Spec. A-53, includes yoke & roll hanger assembly, sized for covering, 10' OC",,,594.07,31.24,8.5
181967,materials_hvac,placeholder,"HPHW, 9 kW, 30 MBH 30-gallon (US)",,,390.0,2726.9,1245.3
181968,materials_hvac,placeholder,"HPHW, 11 kW, 35 MBH 40-gallon (US)",,,336.0,1300.2,679.6
181969,materials_hvac,placeholder,"HPHW, 15 kW, 50 MBH 50-gallon (US)",,,7412.4,5423.6,947.6
181970,materials_hvac,placeholder,"HPHW, 25 kW, 80 MBH 80-gallon (US)",,,10841.6,6212.0,1110.4
181971,materials_hvac,placeholder,"HPHW, 30 kW, 100 MBH 100-gallon (US)",,,8076.0,1379.2,1156.8
181972,materials_hvac,placeholder,"HPHW, 35 kW, 120 MBH 120-gallon (US)",,,33706.5,15218.0,2308.6
